sessionId,seasonYear,raceLabel,trackName,trackType,venueSlug,cautionNumber,startLap,endLap,durationLaps,totalRaceLaps,lapFraction,third,restartLap,ranToFlag,category,reason,sourceHash
session_indy_nxt_2024_6324,2024,Grand Prix of St. Petersburg,Streets of St. Petersburg,street,streets_of_st_petersburg,1,32,35,4,45,0.7111,final,36,false,Contact,Contact - Car 27 - Exit of turn 10,61e7c0e8ca2682cb606c7604b26f433daf6d95c358be5879e2fdbc06135604fd
session_indy_nxt_2024_6324,2024,Grand Prix of St. Petersburg,Streets of St. Petersburg,street,streets_of_st_petersburg,2,37,37,1,45,0.8222,final,38,false,Contact,Contact - Car 40 - turn 4,61e7c0e8ca2682cb606c7604b26f433daf6d95c358be5879e2fdbc06135604fd
session_indy_nxt_2024_6314,2024,Grand Prix of Alabama,Barber Motorsports Park,road,barber_motorsports_park,1,5,5,1,35,0.1429,opening,6,false,Off course,Off Course: Car 22 in Turn 14,61e7c0e8ca2682cb606c7604b26f433daf6d95c358be5879e2fdbc06135604fd
session_indy_nxt_2024_6314,2024,Grand Prix of Alabama,Barber Motorsports Park,road,barber_motorsports_park,2,34,35,2,35,0.9714,final,,true,Spin,Spin: Car 28 in Turn 1,61e7c0e8ca2682cb606c7604b26f433daf6d95c358be5879e2fdbc06135604fd
session_indy_nxt_2024_6315,2024,Indianapolis Grand Prix Race 1,Indianapolis Motor Speedway Road Course,road,indianapolis_motor_speedway_road_course,1,21,25,5,35,0.6,middle,26,false,Off course,Off Course: Car 22 in Turn 4,61e7c0e8ca2682cb606c7604b26f433daf6d95c358be5879e2fdbc06135604fd
session_indy_nxt_2024_6315,2024,Indianapolis Grand Prix Race 1,Indianapolis Motor Speedway Road Course,road,indianapolis_motor_speedway_road_course,2,30,31,2,35,0.8571,final,32,false,Contact,Contact: Car 21 in Turn 7,61e7c0e8ca2682cb606c7604b26f433daf6d95c358be5879e2fdbc06135604fd
session_indy_nxt_2024_6326,2024,Detroit Grand Prix,Streets of Detroit,street,streets_of_detroit,1,3,8,6,45,0.0667,opening,9,false,Contact,Contact: Car 27 in Turn 7,61e7c0e8ca2682cb606c7604b26f433daf6d95c358be5879e2fdbc06135604fd
session_indy_nxt_2024_6326,2024,Detroit Grand Prix,Streets of Detroit,street,streets_of_detroit,2,25,26,2,45,0.5556,middle,27,false,Off course,Off Course: Car 40 in Turn 1,61e7c0e8ca2682cb606c7604b26f433daf6d95c358be5879e2fdbc06135604fd
session_indy_nxt_2024_6326,2024,Detroit Grand Prix,Streets of Detroit,street,streets_of_detroit,3,39,40,2,45,0.8667,final,41,false,Spin,Spin: Car 7 in Turn 7,61e7c0e8ca2682cb606c7604b26f433daf6d95c358be5879e2fdbc06135604fd
session_indy_nxt_2024_6326,2024,Detroit Grand Prix,Streets of Detroit,street,streets_of_detroit,4,42,45,4,45,0.9333,final,,true,Contact,"Contact: Cars 7, 11, 29 and 33 in Turn 7",61e7c0e8ca2682cb606c7604b26f433daf6d95c358be5879e2fdbc06135604fd
session_indy_nxt_2024_6316,2024,Grand Prix at Road America,Road America,road,road_america,1,3,4,2,20,0.15,opening,5,false,Contact,Contact: Cars 29 and 39 in Turn 7,61e7c0e8ca2682cb606c7604b26f433daf6d95c358be5879e2fdbc06135604fd
session_indy_nxt_2024_6316,2024,Grand Prix at Road America,Road America,road,road_america,2,10,10,1,20,0.5,middle,11,false,Off course,Off Course: Car 2 in Turn 14,61e7c0e8ca2682cb606c7604b26f433daf6d95c358be5879e2fdbc06135604fd
session_indy_nxt_2024_6316,2024,Grand Prix at Road America,Road America,road,road_america,3,16,16,1,20,0.8,final,17,false,Contact,Contact: Car 21 and 99 in Turn 1,61e7c0e8ca2682cb606c7604b26f433daf6d95c358be5879e2fdbc06135604fd
session_indy_nxt_2024_6317,2024,Grand Prix of Monterey Race 1,WeatherTech Raceway Laguna Seca,road,weathertech_raceway_laguna_seca,1,6,7,2,35,0.1714,opening,8,false,Contact,Contact: Car 10 in Turn 5,61e7c0e8ca2682cb606c7604b26f433daf6d95c358be5879e2fdbc06135604fd
session_indy_nxt_2024_6327,2024,Grand Prix of Monterey Race 2,WeatherTech Raceway Laguna Seca,road,weathertech_raceway_laguna_seca,1,16,16,1,35,0.4571,middle,17,false,Contact,Contact: Cars 17 and 39 in Turn 2,61e7c0e8ca2682cb606c7604b26f433daf6d95c358be5879e2fdbc06135604fd
session_indy_nxt_2024_6318,2024,Grand Prix at Mid-Ohio,Mid-Ohio Sports Car Course,road,mid_ohio,1,1,3,3,35,0.0286,opening,4,false,Contact,"Contact: Cars 21, 27, 28 and 40 in Turn 4",61e7c0e8ca2682cb606c7604b26f433daf6d95c358be5879e2fdbc06135604fd
session_indy_nxt_2024_6319,2024,INDY NXT by Firestone at Iowa Speedway,Iowa Speedway,oval,iowa_speedway,1,13,38,26,55,0.2364,opening,39,false,Contact,Contact: Cars 18 and 99 in Turn 2,61e7c0e8ca2682cb606c7604b26f433daf6d95c358be5879e2fdbc06135604fd
session_indy_nxt_2024_6319,2024,INDY NXT by Firestone at Iowa Speedway,Iowa Speedway,oval,iowa_speedway,2,54,55,2,55,0.9818,final,,true,Contact,Contact: Car 40 in Turn 3,61e7c0e8ca2682cb606c7604b26f433daf6d95c358be5879e2fdbc06135604fd
session_indy_nxt_2024_6320,2024,OUTFRONT Showdown,World Wide Technology Raceway,oval,world_wide_technology_raceway,1,2,5,4,75,0.0267,opening,6,false,Contact,Contact: Car 99 in Turn 2,61e7c0e8ca2682cb606c7604b26f433daf6d95c358be5879e2fdbc06135604fd
session_indy_nxt_2024_6320,2024,OUTFRONT Showdown,World Wide Technology Raceway,oval,world_wide_technology_raceway,2,8,15,8,75,0.1067,opening,16,false,Contact,Contact: Cars 18 and 28 on Front Straight,61e7c0e8ca2682cb606c7604b26f433daf6d95c358be5879e2fdbc06135604fd
session_indy_nxt_2024_6320,2024,OUTFRONT Showdown,World Wide Technology Raceway,oval,world_wide_technology_raceway,3,53,59,7,75,0.7067,final,60,false,Contact,Contact: Car 14 in Turn 4,61e7c0e8ca2682cb606c7604b26f433daf6d95c358be5879e2fdbc06135604fd
session_indy_nxt_2024_6321,2024,Grand Prix of Portland,Portland International Raceway,road,portland_international_raceway,1,8,9,2,35,0.2286,opening,10,false,Contact,Contact: Cars 29 and 76 in Turn 1,61e7c0e8ca2682cb606c7604b26f433daf6d95c358be5879e2fdbc06135604fd
session_indy_nxt_2024_6322,2024,INDY NXT By Firestone at The Milwaukee Mile,The Milwaukee Mile,oval,the_milwaukee_mile,1,30,32,3,90,0.3333,opening,33,false,Spin,Spin: Car 99 in Turn 2,61e7c0e8ca2682cb606c7604b26f433daf6d95c358be5879e2fdbc06135604fd
session_indy_nxt_2024_6323,2024,Music City Grand Prix,Nashville Superspeedway,oval,nashville_superspeedway,1,52,57,6,65,0.8,final,58,false,Contact,Contact: Cars 28 and 40 in Turn 2,61e7c0e8ca2682cb606c7604b26f433daf6d95c358be5879e2fdbc06135604fd
session_indy_nxt_2025_6446,2025,Grand Prix of St. Petersburg,Streets of St. Petersburg,street,streets_of_st_petersburg,1,1,1,1,44,0.0227,opening,2,false,Contact,"Contact: Car 10, 16 and 29 in Turn 1",61e7c0e8ca2682cb606c7604b26f433daf6d95c358be5879e2fdbc06135604fd
session_indy_nxt_2025_6446,2025,Grand Prix of St. Petersburg,Streets of St. Petersburg,street,streets_of_st_petersburg,2,10,13,4,44,0.2273,opening,14,false,Contact,Contact: Car 29 in Turn 10,61e7c0e8ca2682cb606c7604b26f433daf6d95c358be5879e2fdbc06135604fd
session_indy_nxt_2025_6446,2025,Grand Prix of St. Petersburg,Streets of St. Petersburg,street,streets_of_st_petersburg,3,22,24,3,44,0.5,middle,25,false,Contact,Contact: Car 11 in Turn 11,61e7c0e8ca2682cb606c7604b26f433daf6d95c358be5879e2fdbc06135604fd
session_indy_nxt_2025_6446,2025,Grand Prix of St. Petersburg,Streets of St. Petersburg,street,streets_of_st_petersburg,4,42,44,3,44,0.9545,final,,true,Contact,Contact: Car 40 in 9,61e7c0e8ca2682cb606c7604b26f433daf6d95c358be5879e2fdbc06135604fd
session_indy_nxt_2025_6445,2025,Grand Prix of Alabama,Barber Motorsports Park,road,barber_motorsports_park,1,1,3,3,35,0.0286,opening,4,false,Off course,Off Course: Car 17 in Turn 8,61e7c0e8ca2682cb606c7604b26f433daf6d95c358be5879e2fdbc06135604fd
session_indy_nxt_2025_6445,2025,Grand Prix of Alabama,Barber Motorsports Park,road,barber_motorsports_park,2,11,12,2,35,0.3143,opening,13,false,Debris,Debris: Turn 5,61e7c0e8ca2682cb606c7604b26f433daf6d95c358be5879e2fdbc06135604fd
session_indy_nxt_2025_6443,2025,Indianapolis Grand Prix Race 2,Indianapolis Motor Speedway Road Course,road,indianapolis_motor_speedway_road_course,3,3,4,2,35,0.0857,opening,5,false,Contact,Contact: Cars 11 and 40 in Turn 1,61e7c0e8ca2682cb606c7604b26f433daf6d95c358be5879e2fdbc06135604fd
session_indy_nxt_2025_6444,2025,Indianapolis Grand Prix Race 1,Indianapolis Motor Speedway Road Course,road,indianapolis_motor_speedway_road_course,1,10,11,2,35,0.2857,opening,12,false,Contact,Contact: Cars 10 and 39 in Turn 1,61e7c0e8ca2682cb606c7604b26f433daf6d95c358be5879e2fdbc06135604fd
session_indy_nxt_2025_6444,2025,Indianapolis Grand Prix Race 1,Indianapolis Motor Speedway Road Course,road,indianapolis_motor_speedway_road_course,2,29,30,2,35,0.8286,final,31,false,Contact,Contact: Cars 18 and 29 in Turn 14,61e7c0e8ca2682cb606c7604b26f433daf6d95c358be5879e2fdbc06135604fd
session_indy_nxt_2025_6455,2025,Detroit Grand Prix,Streets of Detroit,street,streets_of_detroit,1,1,2,2,45,0.0222,opening,3,false,Contact,Contact: Mutiple Cars in Turn 4,61e7c0e8ca2682cb606c7604b26f433daf6d95c358be5879e2fdbc06135604fd
session_indy_nxt_2025_6455,2025,Detroit Grand Prix,Streets of Detroit,street,streets_of_detroit,2,41,43,3,45,0.9111,final,44,false,Contact,Contact: Car 48 in Turn 2,61e7c0e8ca2682cb606c7604b26f433daf6d95c358be5879e2fdbc06135604fd
session_indy_nxt_2025_6452,2025,Grand Prix at Mid-Ohio,Mid-Ohio Sports Car Course,road,mid_ohio,1,4,5,2,33,0.1212,opening,6,false,Contact,Contact: Cars 2 and 3 in Turn 3,61e7c0e8ca2682cb606c7604b26f433daf6d95c358be5879e2fdbc06135604fd
session_indy_nxt_2025_6451,2025,INDY NXT by Firestone at Iowa Speedway,Iowa Speedway,oval,iowa_speedway,1,26,28,3,75,0.3467,middle,29,false,Spin,Spin: Car 14 in Turn 4,61e7c0e8ca2682cb606c7604b26f433daf6d95c358be5879e2fdbc06135604fd
session_indy_nxt_2025_6451,2025,INDY NXT by Firestone at Iowa Speedway,Iowa Speedway,oval,iowa_speedway,2,29,32,4,75,0.3867,middle,33,false,Spin,Spin: Car 24 in Turn 2,61e7c0e8ca2682cb606c7604b26f433daf6d95c358be5879e2fdbc06135604fd
session_indy_nxt_2025_6451,2025,INDY NXT by Firestone at Iowa Speedway,Iowa Speedway,oval,iowa_speedway,3,34,36,3,75,0.4533,middle,37,false,Spin,Spin: Cars 3 and 39 in Turn 4,61e7c0e8ca2682cb606c7604b26f433daf6d95c358be5879e2fdbc06135604fd
session_indy_nxt_2025_6442,2025,Grand Prix of Monterey Race 1,WeatherTech Raceway Laguna Seca,road,weathertech_raceway_laguna_seca,1,1,4,4,35,0.0286,opening,5,false,Off course,"Off course Cars 2, 28, 27 and 48.",61e7c0e8ca2682cb606c7604b26f433daf6d95c358be5879e2fdbc06135604fd
session_indy_nxt_2025_6450,2025,Grand Prix of Monterey Race 2,WeatherTech Raceway Laguna Seca,road,weathertech_raceway_laguna_seca,1,1,5,5,35,0.0286,opening,6,false,Contact,"Contact: Cars 9, 16, and 30 in Turn 3",61e7c0e8ca2682cb606c7604b26f433daf6d95c358be5879e2fdbc06135604fd
session_indy_nxt_2025_6450,2025,Grand Prix of Monterey Race 2,WeatherTech Raceway Laguna Seca,road,weathertech_raceway_laguna_seca,2,18,21,4,35,0.5143,middle,22,false,Contact,Contact: Car 30 in Turn 6,61e7c0e8ca2682cb606c7604b26f433daf6d95c358be5879e2fdbc06135604fd
session_indy_nxt_2025_6450,2025,Grand Prix of Monterey Race 2,WeatherTech Raceway Laguna Seca,road,weathertech_raceway_laguna_seca,3,23,25,3,35,0.6571,middle,26,false,Contact,"Contact: Cars 11, 16, 38, 39 and 48 in Turn 11",61e7c0e8ca2682cb606c7604b26f433daf6d95c358be5879e2fdbc06135604fd
session_indy_nxt_2025_6450,2025,Grand Prix of Monterey Race 2,WeatherTech Raceway Laguna Seca,road,weathertech_raceway_laguna_seca,4,27,29,3,35,0.7714,final,30,false,Contact,Contact: Cars 26 and 28 in Turn 2.,61e7c0e8ca2682cb606c7604b26f433daf6d95c358be5879e2fdbc06135604fd
session_indy_nxt_2025_6449,2025,Grand Prix of Portland,Portland International Raceway,road,portland_international_raceway,1,1,3,3,35,0.0286,opening,4,false,Contact,Contact: Car 9 in Turn 1,61e7c0e8ca2682cb606c7604b26f433daf6d95c358be5879e2fdbc06135604fd
session_indy_nxt_2025_6448,2025,INDY NXT by Firestone at the Milwaukee Mile,The Milwaukee Mile,oval,the_milwaukee_mile,1,47,52,6,90,0.5222,middle,53,false,Contact,Contact: Car 40 in Turn 2,61e7c0e8ca2682cb606c7604b26f433daf6d95c358be5879e2fdbc06135604fd
session_indy_nxt_2025_6447,2025,Music City Grand Prix,Nashville Superspeedway,oval,nashville_superspeedway,1,32,43,12,65,0.4923,middle,44,false,Contact,Contact: Car 17 in Turn 2,61e7c0e8ca2682cb606c7604b26f433daf6d95c358be5879e2fdbc06135604fd
session_indy_nxt_2026_6751,2026,Grand Prix of St. Petersburg,Streets of St. Petersburg,street,streets_of_st_petersburg,1,1,2,2,42,0.0238,opening,3,false,Debris,Debris; Turn 4,61e7c0e8ca2682cb606c7604b26f433daf6d95c358be5879e2fdbc06135604fd
session_indy_nxt_2026_6751,2026,Grand Prix of St. Petersburg,Streets of St. Petersburg,street,streets_of_st_petersburg,2,6,8,3,42,0.1429,opening,9,false,Contact,Contact: Car 11 in Turn 8,61e7c0e8ca2682cb606c7604b26f433daf6d95c358be5879e2fdbc06135604fd
session_indy_nxt_2026_6751,2026,Grand Prix of St. Petersburg,Streets of St. Petersburg,street,streets_of_st_petersburg,3,17,19,3,42,0.4048,middle,20,false,Contact,Contact: Car 4 in Turn 9,61e7c0e8ca2682cb606c7604b26f433daf6d95c358be5879e2fdbc06135604fd
session_indy_nxt_2026_6751,2026,Grand Prix of St. Petersburg,Streets of St. Petersburg,street,streets_of_st_petersburg,4,21,24,4,42,0.5,middle,25,false,Contact,Contact: Car 8 and 10 in Turn 2,61e7c0e8ca2682cb606c7604b26f433daf6d95c358be5879e2fdbc06135604fd
session_indy_nxt_2026_6753,2026,Grand Prix of Arlington,Streets of Arlington,street,streets_of_arlington,1,1,4,4,15,0.0667,opening,5,false,Contact,Contact: Car 57 on Back Stretech,61e7c0e8ca2682cb606c7604b26f433daf6d95c358be5879e2fdbc06135604fd
session_indy_nxt_2026_6753,2026,Grand Prix of Arlington,Streets of Arlington,street,streets_of_arlington,2,11,11,1,15,0.7333,final,12,false,Contact,Contact: Car 29 in Turn 14,61e7c0e8ca2682cb606c7604b26f433daf6d95c358be5879e2fdbc06135604fd
session_indy_nxt_2026_6750,2026,Grand Prix of Alabama Race 1,Barber Motorsports Park,road,barber_motorsports_park,1,1,3,3,35,0.0286,opening,4,false,Contact,"Contact: Cars 17, 27 and 29 in Turn 6",61e7c0e8ca2682cb606c7604b26f433daf6d95c358be5879e2fdbc06135604fd
session_indy_nxt_2026_6750,2026,Grand Prix of Alabama Race 1,Barber Motorsports Park,road,barber_motorsports_park,2,28,29,2,35,0.8,final,30,false,Contact,Contact: Cars 14 and 28 in Turn 16,61e7c0e8ca2682cb606c7604b26f433daf6d95c358be5879e2fdbc06135604fd
session_indy_nxt_2026_6756,2026,Indianapolis Grand Prix Race 1,Indianapolis Motor Speedway Road Course,road,indianapolis_motor_speedway_road_course,1,11,15,5,29,0.3793,middle,16,false,Conditions,Conditions,61e7c0e8ca2682cb606c7604b26f433daf6d95c358be5879e2fdbc06135604fd
session_indy_nxt_2026_6756,2026,Indianapolis Grand Prix Race 1,Indianapolis Motor Speedway Road Course,road,indianapolis_motor_speedway_road_course,2,29,29,1,29,1.0,final,,true,Spin,Spin: Car 9 in Turn 3,61e7c0e8ca2682cb606c7604b26f433daf6d95c358be5879e2fdbc06135604fd
session_indy_nxt_2026_6749,2026,Detroit Grand Prix,Streets of Detroit,street,streets_of_detroit,1,1,7,7,42,0.0238,opening,8,false,Contact,Contact: Cars 14 and 26 in Turn 3,61e7c0e8ca2682cb606c7604b26f433daf6d95c358be5879e2fdbc06135604fd
session_indy_nxt_2026_6749,2026,Detroit Grand Prix,Streets of Detroit,street,streets_of_detroit,2,26,27,2,42,0.619,middle,28,false,Debris,Debris,61e7c0e8ca2682cb606c7604b26f433daf6d95c358be5879e2fdbc06135604fd
session_indy_nxt_2026_6749,2026,Detroit Grand Prix,Streets of Detroit,street,streets_of_detroit,3,31,33,3,42,0.7381,final,34,false,Contact,Contact: Car 10 in Turn 8,61e7c0e8ca2682cb606c7604b26f433daf6d95c358be5879e2fdbc06135604fd
session_indy_nxt_2026_6749,2026,Detroit Grand Prix,Streets of Detroit,street,streets_of_detroit,4,40,42,3,42,0.9524,final,,true,Contact,Contact: Car 28 in Turn 1,61e7c0e8ca2682cb606c7604b26f433daf6d95c358be5879e2fdbc06135604fd
session_indy_nxt_2026_6763,2026,INDY NXT by Firestone at World Wide Technology Raceway,World Wide Technology Raceway,oval,world_wide_technology_raceway,1,5,11,7,75,0.0667,opening,12,false,Contact,Contact: Car 75 in Turn 4,61e7c0e8ca2682cb606c7604b26f433daf6d95c358be5879e2fdbc06135604fd
session_indy_nxt_2026_6763,2026,INDY NXT by Firestone at World Wide Technology Raceway,World Wide Technology Raceway,oval,world_wide_technology_raceway,2,54,57,4,75,0.72,final,58,false,Debris,Debris,61e7c0e8ca2682cb606c7604b26f433daf6d95c358be5879e2fdbc06135604fd
session_indy_nxt_2026_6763,2026,INDY NXT by Firestone at World Wide Technology Raceway,World Wide Technology Raceway,oval,world_wide_technology_raceway,3,61,66,6,75,0.8133,final,67,false,Contact,Contact: Cars 15 and 17 on Turn 2,61e7c0e8ca2682cb606c7604b26f433daf6d95c358be5879e2fdbc06135604fd
session_indy_nxt_2026_6762,2026,Grand Prix at Road America Race 1,Road America,road,road_america,1,1,3,3,20,0.05,opening,4,false,Contact,Contact: Cars 10 and 48 between Turn 11 and Turn 12,61e7c0e8ca2682cb606c7604b26f433daf6d95c358be5879e2fdbc06135604fd
session_indy_nxt_2026_6762,2026,Grand Prix at Road America Race 1,Road America,road,road_america,2,5,7,3,20,0.25,opening,8,false,Contact,Contact: Cars 4 and 75 in Turn 12,61e7c0e8ca2682cb606c7604b26f433daf6d95c358be5879e2fdbc06135604fd
session_indy_nxt_2026_6762,2026,Grand Prix at Road America Race 1,Road America,road,road_america,3,9,10,2,20,0.45,middle,11,false,Contact,Contact: Cars 9 and 57 in Turn 1,61e7c0e8ca2682cb606c7604b26f433daf6d95c358be5879e2fdbc06135604fd
session_indy_nxt_2026_6754,2026,Grand Prix at Road America Race 2,Road America,road,road_america,1,6,6,1,18,0.3333,opening,7,false,Off course,Off Course: Car 8 in Turn 13,61e7c0e8ca2682cb606c7604b26f433daf6d95c358be5879e2fdbc06135604fd
session_indy_nxt_2026_6754,2026,Grand Prix at Road America Race 2,Road America,road,road_america,2,15,16,2,18,0.8333,final,17,false,Contact,Contact: Car 57 in Turn 1,61e7c0e8ca2682cb606c7604b26f433daf6d95c358be5879e2fdbc06135604fd
session_indy_nxt_2026_6761,2026,Grand Prix at Mid-Ohio Race 1,Mid-Ohio Sports Car Course,road,mid_ohio,1,5,6,2,35,0.1429,opening,7,false,Mechanical,Mechanical: Car 15 Between Turn 2 and 3,61e7c0e8ca2682cb606c7604b26f433daf6d95c358be5879e2fdbc06135604fd
session_indy_nxt_2026_6761,2026,Grand Prix at Mid-Ohio Race 1,Mid-Ohio Sports Car Course,road,mid_ohio,2,12,13,2,35,0.3429,middle,14,false,Mechanical,Mechanical: Car 76 in Turn 7,61e7c0e8ca2682cb606c7604b26f433daf6d95c358be5879e2fdbc06135604fd
session_indy_nxt_2026_6761,2026,Grand Prix at Mid-Ohio Race 1,Mid-Ohio Sports Car Course,road,mid_ohio,3,22,23,2,35,0.6286,middle,24,false,Off course,Off Course: Car 68 in Turn 12,61e7c0e8ca2682cb606c7604b26f433daf6d95c358be5879e2fdbc06135604fd
session_indy_nxt_2026_6755,2026,Music City Grand Prix,Nashville Superspeedway,oval,nashville_superspeedway,1,5,13,9,65,0.0769,opening,14,false,Contact,Contact: Cars 48 and 68 in Turn 4,61e7c0e8ca2682cb606c7604b26f433daf6d95c358be5879e2fdbc06135604fd
session_indy_nxt_2026_6755,2026,Music City Grand Prix,Nashville Superspeedway,oval,nashville_superspeedway,2,18,19,2,65,0.2769,opening,20,false,Debris,Debris,61e7c0e8ca2682cb606c7604b26f433daf6d95c358be5879e2fdbc06135604fd
session_indy_nxt_2026_6764,2026,Grand Prix of Portland,Portland International Raceway,road,portland_international_raceway,1,3,4,2,35,0.0857,opening,5,false,Contact,Contact: Car 11 in Turn 12,61e7c0e8ca2682cb606c7604b26f433daf6d95c358be5879e2fdbc06135604fd
session_indy_nxt_2026_6757,2026,INDY NXT by Firestone at Milwaukee Mile,The Milwaukee Mile,oval,the_milwaukee_mile,1,54,63,10,90,0.6,middle,64,false,Contact,Contact: Car 29 in Turn 2,61e7c0e8ca2682cb606c7604b26f433daf6d95c358be5879e2fdbc06135604fd
session_indy_nxt_2026_6757,2026,INDY NXT by Firestone at Milwaukee Mile,The Milwaukee Mile,oval,the_milwaukee_mile,2,69,72,4,90,0.7667,final,73,false,Spin,Spin: Car 26 in Turn 2,61e7c0e8ca2682cb606c7604b26f433daf6d95c358be5879e2fdbc06135604fd
session_indy_nxt_2026_6757,2026,INDY NXT by Firestone at Milwaukee Mile,The Milwaukee Mile,oval,the_milwaukee_mile,3,78,81,4,90,0.8667,final,82,false,Contact,Contact: Car 17 and 99 in Turn 4,61e7c0e8ca2682cb606c7604b26f433daf6d95c358be5879e2fdbc06135604fd
session_indy_nxt_2026_6757,2026,INDY NXT by Firestone at Milwaukee Mile,The Milwaukee Mile,oval,the_milwaukee_mile,4,83,85,3,90,0.9222,final,86,false,Spin,Spin: Car 57 in Turn 2,61e7c0e8ca2682cb606c7604b26f433daf6d95c358be5879e2fdbc06135604fd
session_indy_nxt_2026_6759,2026,Grand Prix of Monterey Race 1,WeatherTech Raceway Laguna Seca,road,weathertech_raceway_laguna_seca,1,13,14,2,35,0.3714,middle,15,false,Off course,Off Course: Car 11 in Turn 9,61e7c0e8ca2682cb606c7604b26f433daf6d95c358be5879e2fdbc06135604fd
session_indy_nxt_2026_6759,2026,Grand Prix of Monterey Race 1,WeatherTech Raceway Laguna Seca,road,weathertech_raceway_laguna_seca,2,17,19,3,35,0.4857,middle,20,false,Contact,"Contact: Cars 4, 8, and 99 in Turn 5",61e7c0e8ca2682cb606c7604b26f433daf6d95c358be5879e2fdbc06135604fd
session_indy_nxt_2026_6759,2026,Grand Prix of Monterey Race 1,WeatherTech Raceway Laguna Seca,road,weathertech_raceway_laguna_seca,3,22,26,5,35,0.6286,middle,27,false,Contact,Contact: Cars 27 and 57 in Turn 3,61e7c0e8ca2682cb606c7604b26f433daf6d95c358be5879e2fdbc06135604fd
session_indy_nxt_2026_6758,2026,Grand Prix of Monterey Race 2,WeatherTech Raceway Laguna Seca,road,weathertech_raceway_laguna_seca,1,1,4,4,30,0.0333,opening,5,false,Contact,"Contact: Cars 10, 12, and 29 at Start/Finish",61e7c0e8ca2682cb606c7604b26f433daf6d95c358be5879e2fdbc06135604fd
