sessionId,raceLabel,trackName,segmentId,segmentType,startLap,endLap,lapCount,startPosition,endPosition,netGain,bestPosition,worstPosition,volatility,medianRunningPositionPercentile,sourceCompleteness,sourceHash
session_indy_nxt_2024_6314,2024 Grand Prix of Alabama,Barber Motorsports Park,session_indy_nxt_2024_6314_segment_01,green_run,1,4,4,7.0,5.0,2.0,5.0,7.0,2.0,0.8,complete_validated_against_result_lap_counts,900ddfcb701b1977f16e33501302742c328980f5ffcccd190d2e433bba0b5681
session_indy_nxt_2024_6314,2024 Grand Prix of Alabama,Barber Motorsports Park,session_indy_nxt_2024_6314_segment_02,caution_window,5,5,1,5.0,5.0,0.0,5.0,5.0,0,0.8,complete_validated_against_result_lap_counts,900ddfcb701b1977f16e33501302742c328980f5ffcccd190d2e433bba0b5681
session_indy_nxt_2024_6314,2024 Grand Prix of Alabama,Barber Motorsports Park,session_indy_nxt_2024_6314_segment_03,restart_window,6,6,1,5.0,5.0,0.0,5.0,5.0,0,0.8,complete_validated_against_result_lap_counts,900ddfcb701b1977f16e33501302742c328980f5ffcccd190d2e433bba0b5681
session_indy_nxt_2024_6314,2024 Grand Prix of Alabama,Barber Motorsports Park,session_indy_nxt_2024_6314_segment_04,green_run,7,33,27,5.0,7.0,-2.0,5.0,7.0,2.0,0.8,complete_validated_against_result_lap_counts,900ddfcb701b1977f16e33501302742c328980f5ffcccd190d2e433bba0b5681
session_indy_nxt_2024_6314,2024 Grand Prix of Alabama,Barber Motorsports Park,session_indy_nxt_2024_6314_segment_05,caution_window,34,35,2,8.0,8.0,0.0,8.0,8.0,0,0.5997,complete_validated_against_result_lap_counts,900ddfcb701b1977f16e33501302742c328980f5ffcccd190d2e433bba0b5681
session_indy_nxt_2024_6315,2024 Indianapolis Grand Prix Race 1,Indianapolis Motor Speedway Road Course,session_indy_nxt_2024_6315_segment_01,green_run,1,20,20,12.0,16.0,-4.0,12.0,19.0,12.0,0.1579,complete_validated_against_result_lap_counts,900ddfcb701b1977f16e33501302742c328980f5ffcccd190d2e433bba0b5681
session_indy_nxt_2024_6315,2024 Indianapolis Grand Prix Race 1,Indianapolis Motor Speedway Road Course,session_indy_nxt_2024_6315_segment_02,caution_window,21,25,5,16.0,16.0,0.0,16.0,16.0,0,0.2105,complete_validated_against_result_lap_counts,900ddfcb701b1977f16e33501302742c328980f5ffcccd190d2e433bba0b5681
session_indy_nxt_2024_6315,2024 Indianapolis Grand Prix Race 1,Indianapolis Motor Speedway Road Course,session_indy_nxt_2024_6315_segment_03,restart_window,26,26,1,16.0,16.0,0.0,16.0,16.0,0,0.2105,complete_validated_against_result_lap_counts,900ddfcb701b1977f16e33501302742c328980f5ffcccd190d2e433bba0b5681
session_indy_nxt_2024_6315,2024 Indianapolis Grand Prix Race 1,Indianapolis Motor Speedway Road Course,session_indy_nxt_2024_6315_segment_04,green_run,27,29,3,15.0,15.0,0.0,15.0,15.0,0,0.2632,complete_validated_against_result_lap_counts,900ddfcb701b1977f16e33501302742c328980f5ffcccd190d2e433bba0b5681
session_indy_nxt_2024_6315,2024 Indianapolis Grand Prix Race 1,Indianapolis Motor Speedway Road Course,session_indy_nxt_2024_6315_segment_05,caution_window,30,31,2,15.0,14.0,1.0,14.0,15.0,1.0,0.2895,complete_validated_against_result_lap_counts,900ddfcb701b1977f16e33501302742c328980f5ffcccd190d2e433bba0b5681
session_indy_nxt_2024_6315,2024 Indianapolis Grand Prix Race 1,Indianapolis Motor Speedway Road Course,session_indy_nxt_2024_6315_segment_06,restart_window,32,32,1,14.0,14.0,0.0,14.0,14.0,0,0.2778,complete_validated_against_result_lap_counts,900ddfcb701b1977f16e33501302742c328980f5ffcccd190d2e433bba0b5681
session_indy_nxt_2024_6315,2024 Indianapolis Grand Prix Race 1,Indianapolis Motor Speedway Road Course,session_indy_nxt_2024_6315_segment_07,green_run,33,34,2,14.0,14.0,0.0,14.0,14.0,0,0.1843,complete_validated_against_result_lap_counts,900ddfcb701b1977f16e33501302742c328980f5ffcccd190d2e433bba0b5681
session_indy_nxt_2024_6316,2024 Grand Prix at Road America,Road America,session_indy_nxt_2024_6316_segment_01,green_run,1,2,2,6.0,6.0,0.0,6.0,6.0,0,0.75,complete_validated_against_result_lap_counts,900ddfcb701b1977f16e33501302742c328980f5ffcccd190d2e433bba0b5681
session_indy_nxt_2024_6316,2024 Grand Prix at Road America,Road America,session_indy_nxt_2024_6316_segment_02,caution_window,3,4,2,6.0,6.0,0.0,6.0,6.0,0,0.75,complete_validated_against_result_lap_counts,900ddfcb701b1977f16e33501302742c328980f5ffcccd190d2e433bba0b5681
session_indy_nxt_2024_6316,2024 Grand Prix at Road America,Road America,session_indy_nxt_2024_6316_segment_03,restart_window,5,5,1,6.0,6.0,0.0,6.0,6.0,0,0.75,complete_validated_against_result_lap_counts,900ddfcb701b1977f16e33501302742c328980f5ffcccd190d2e433bba0b5681
session_indy_nxt_2024_6316,2024 Grand Prix at Road America,Road America,session_indy_nxt_2024_6316_segment_04,green_run,6,9,4,5.0,6.0,-1.0,5.0,6.0,1.0,0.8,complete_validated_against_result_lap_counts,900ddfcb701b1977f16e33501302742c328980f5ffcccd190d2e433bba0b5681
session_indy_nxt_2024_6316,2024 Grand Prix at Road America,Road America,session_indy_nxt_2024_6316_segment_05,caution_window,10,10,1,6.0,6.0,0.0,6.0,6.0,0,0.7368,complete_validated_against_result_lap_counts,900ddfcb701b1977f16e33501302742c328980f5ffcccd190d2e433bba0b5681
session_indy_nxt_2024_6316,2024 Grand Prix at Road America,Road America,session_indy_nxt_2024_6316_segment_06,restart_window,11,11,1,6.0,6.0,0.0,6.0,6.0,0,0.7368,complete_validated_against_result_lap_counts,900ddfcb701b1977f16e33501302742c328980f5ffcccd190d2e433bba0b5681
session_indy_nxt_2024_6316,2024 Grand Prix at Road America,Road America,session_indy_nxt_2024_6316_segment_07,green_run,12,15,4,7.0,7.0,0.0,7.0,7.0,0,0.6842,complete_validated_against_result_lap_counts,900ddfcb701b1977f16e33501302742c328980f5ffcccd190d2e433bba0b5681
session_indy_nxt_2024_6316,2024 Grand Prix at Road America,Road America,session_indy_nxt_2024_6316_segment_08,caution_window,16,16,1,7.0,7.0,0.0,7.0,7.0,0,0.6842,complete_validated_against_result_lap_counts,900ddfcb701b1977f16e33501302742c328980f5ffcccd190d2e433bba0b5681
session_indy_nxt_2024_6316,2024 Grand Prix at Road America,Road America,session_indy_nxt_2024_6316_segment_09,restart_window,17,17,1,7.0,7.0,0.0,7.0,7.0,0,0.6471,complete_validated_against_result_lap_counts,900ddfcb701b1977f16e33501302742c328980f5ffcccd190d2e433bba0b5681
session_indy_nxt_2024_6316,2024 Grand Prix at Road America,Road America,session_indy_nxt_2024_6316_segment_10,green_run,18,20,3,6.0,8.0,-2.0,6.0,9.0,4.0,0.5333,complete_validated_against_result_lap_counts,900ddfcb701b1977f16e33501302742c328980f5ffcccd190d2e433bba0b5681
session_indy_nxt_2024_6317,2024 Grand Prix of Monterey Race 1,WeatherTech Raceway Laguna Seca,session_indy_nxt_2024_6317_segment_01,green_run,1,5,5,8.0,8.0,0.0,8.0,8.0,0,0.6316,partial_visible_laps_only,900ddfcb701b1977f16e33501302742c328980f5ffcccd190d2e433bba0b5681
session_indy_nxt_2024_6317,2024 Grand Prix of Monterey Race 1,WeatherTech Raceway Laguna Seca,session_indy_nxt_2024_6317_segment_02,caution_window,6,7,2,7.0,7.0,0.0,7.0,7.0,0,0.6842,partial_visible_laps_only,900ddfcb701b1977f16e33501302742c328980f5ffcccd190d2e433bba0b5681
session_indy_nxt_2024_6317,2024 Grand Prix of Monterey Race 1,WeatherTech Raceway Laguna Seca,session_indy_nxt_2024_6317_segment_03,restart_window,8,8,1,7.0,7.0,0.0,7.0,7.0,0,0.6842,partial_visible_laps_only,900ddfcb701b1977f16e33501302742c328980f5ffcccd190d2e433bba0b5681
session_indy_nxt_2024_6317,2024 Grand Prix of Monterey Race 1,WeatherTech Raceway Laguna Seca,session_indy_nxt_2024_6317_segment_04,green_run,9,34,26,7.0,16.0,-9.0,7.0,18.0,13.0,0.1144,partial_visible_laps_only,900ddfcb701b1977f16e33501302742c328980f5ffcccd190d2e433bba0b5681
session_indy_nxt_2024_6318,2024 Grand Prix at Mid-Ohio,Mid-Ohio Sports Car Course,session_indy_nxt_2024_6318_segment_01,caution_window,1,3,3,18.0,19.0,-1.0,18.0,19.0,1.0,0.0,complete_validated_against_result_lap_counts,900ddfcb701b1977f16e33501302742c328980f5ffcccd190d2e433bba0b5681
session_indy_nxt_2024_6318,2024 Grand Prix at Mid-Ohio,Mid-Ohio Sports Car Course,session_indy_nxt_2024_6318_segment_02,restart_window,4,4,1,19.0,19.0,0.0,19.0,19.0,0,0.0,complete_validated_against_result_lap_counts,900ddfcb701b1977f16e33501302742c328980f5ffcccd190d2e433bba0b5681
session_indy_nxt_2024_6318,2024 Grand Prix at Mid-Ohio,Mid-Ohio Sports Car Course,session_indy_nxt_2024_6318_segment_03,green_run,5,32,28,18.0,18.0,0.0,18.0,18.0,0,0.0,complete_validated_against_result_lap_counts,900ddfcb701b1977f16e33501302742c328980f5ffcccd190d2e433bba0b5681
session_indy_nxt_2024_6319,2024 INDY NXT by Firestone at Iowa Speedway,Iowa Speedway,session_indy_nxt_2024_6319_segment_01,green_run,1,12,12,9.0,11.0,-2.0,9.0,11.0,4.0,0.4853,partial_visible_laps_only,900ddfcb701b1977f16e33501302742c328980f5ffcccd190d2e433bba0b5681
session_indy_nxt_2024_6319,2024 INDY NXT by Firestone at Iowa Speedway,Iowa Speedway,session_indy_nxt_2024_6319_segment_02,caution_window,13,38,26,9.0,9.0,0.0,9.0,9.0,0,0.4667,partial_visible_laps_only,900ddfcb701b1977f16e33501302742c328980f5ffcccd190d2e433bba0b5681
session_indy_nxt_2024_6319,2024 INDY NXT by Firestone at Iowa Speedway,Iowa Speedway,session_indy_nxt_2024_6319_segment_03,restart_window,39,39,1,9.0,9.0,0.0,9.0,9.0,0,0.4667,partial_visible_laps_only,900ddfcb701b1977f16e33501302742c328980f5ffcccd190d2e433bba0b5681
session_indy_nxt_2024_6319,2024 INDY NXT by Firestone at Iowa Speedway,Iowa Speedway,session_indy_nxt_2024_6319_segment_04,green_run,40,53,14,8.0,8.0,0.0,8.0,8.0,0,0.5333,partial_visible_laps_only,900ddfcb701b1977f16e33501302742c328980f5ffcccd190d2e433bba0b5681
session_indy_nxt_2024_6319,2024 INDY NXT by Firestone at Iowa Speedway,Iowa Speedway,session_indy_nxt_2024_6319_segment_05,caution_window,54,55,2,8.0,8.0,0.0,8.0,8.0,0,0.4167,partial_visible_laps_only,900ddfcb701b1977f16e33501302742c328980f5ffcccd190d2e433bba0b5681
session_indy_nxt_2024_6320,2024 OUTFRONT Showdown,World Wide Technology Raceway,session_indy_nxt_2024_6320_segment_01,green_run,1,1,1,14.0,14.0,0.0,14.0,14.0,0,0.1875,partial_visible_laps_only,900ddfcb701b1977f16e33501302742c328980f5ffcccd190d2e433bba0b5681
session_indy_nxt_2024_6320,2024 OUTFRONT Showdown,World Wide Technology Raceway,session_indy_nxt_2024_6320_segment_02,caution_window,2,5,4,12.0,12.0,0.0,12.0,12.0,0,0.2667,partial_visible_laps_only,900ddfcb701b1977f16e33501302742c328980f5ffcccd190d2e433bba0b5681
session_indy_nxt_2024_6320,2024 OUTFRONT Showdown,World Wide Technology Raceway,session_indy_nxt_2024_6320_segment_03,restart_window,6,6,1,12.0,12.0,0.0,12.0,12.0,0,0.2667,partial_visible_laps_only,900ddfcb701b1977f16e33501302742c328980f5ffcccd190d2e433bba0b5681
session_indy_nxt_2024_6320,2024 OUTFRONT Showdown,World Wide Technology Raceway,session_indy_nxt_2024_6320_segment_04,green_run,7,7,1,10.0,10.0,0.0,10.0,10.0,0,0.4,partial_visible_laps_only,900ddfcb701b1977f16e33501302742c328980f5ffcccd190d2e433bba0b5681
session_indy_nxt_2024_6320,2024 OUTFRONT Showdown,World Wide Technology Raceway,session_indy_nxt_2024_6320_segment_05,caution_window,8,15,8,9.0,9.0,0.0,9.0,9.0,0,0.4286,partial_visible_laps_only,900ddfcb701b1977f16e33501302742c328980f5ffcccd190d2e433bba0b5681
session_indy_nxt_2024_6320,2024 OUTFRONT Showdown,World Wide Technology Raceway,session_indy_nxt_2024_6320_segment_06,restart_window,16,16,1,9.0,9.0,0.0,9.0,9.0,0,0.4286,partial_visible_laps_only,900ddfcb701b1977f16e33501302742c328980f5ffcccd190d2e433bba0b5681
session_indy_nxt_2024_6320,2024 OUTFRONT Showdown,World Wide Technology Raceway,session_indy_nxt_2024_6320_segment_07,green_run,17,52,36,10.0,9.0,1.0,9.0,10.0,1.0,0.3333,partial_visible_laps_only,900ddfcb701b1977f16e33501302742c328980f5ffcccd190d2e433bba0b5681
session_indy_nxt_2024_6320,2024 OUTFRONT Showdown,World Wide Technology Raceway,session_indy_nxt_2024_6320_segment_08,caution_window,53,59,7,9.0,9.0,0.0,9.0,9.0,0,0.2727,partial_visible_laps_only,900ddfcb701b1977f16e33501302742c328980f5ffcccd190d2e433bba0b5681
session_indy_nxt_2024_6320,2024 OUTFRONT Showdown,World Wide Technology Raceway,session_indy_nxt_2024_6320_segment_09,restart_window,60,60,1,9.0,9.0,0.0,9.0,9.0,0,0.2727,partial_visible_laps_only,900ddfcb701b1977f16e33501302742c328980f5ffcccd190d2e433bba0b5681
session_indy_nxt_2024_6320,2024 OUTFRONT Showdown,World Wide Technology Raceway,session_indy_nxt_2024_6320_segment_10,green_run,61,75,15,8.0,6.0,2.0,6.0,8.0,2.0,0.4545,partial_visible_laps_only,900ddfcb701b1977f16e33501302742c328980f5ffcccd190d2e433bba0b5681
session_indy_nxt_2024_6321,2024 Grand Prix of Portland,Portland International Raceway,session_indy_nxt_2024_6321_segment_01,green_run,1,7,7,3.0,3.0,0.0,3.0,3.0,0,0.875,partial_visible_laps_only,900ddfcb701b1977f16e33501302742c328980f5ffcccd190d2e433bba0b5681
session_indy_nxt_2024_6321,2024 Grand Prix of Portland,Portland International Raceway,session_indy_nxt_2024_6321_segment_02,caution_window,8,9,2,3.0,3.0,0.0,3.0,3.0,0,0.8667,partial_visible_laps_only,900ddfcb701b1977f16e33501302742c328980f5ffcccd190d2e433bba0b5681
session_indy_nxt_2024_6321,2024 Grand Prix of Portland,Portland International Raceway,session_indy_nxt_2024_6321_segment_03,restart_window,10,10,1,3.0,3.0,0.0,3.0,3.0,0,0.8667,partial_visible_laps_only,900ddfcb701b1977f16e33501302742c328980f5ffcccd190d2e433bba0b5681
session_indy_nxt_2024_6321,2024 Grand Prix of Portland,Portland International Raceway,session_indy_nxt_2024_6321_segment_04,green_run,11,35,25,3.0,3.0,0.0,3.0,3.0,0,0.8667,partial_visible_laps_only,900ddfcb701b1977f16e33501302742c328980f5ffcccd190d2e433bba0b5681
session_indy_nxt_2024_6322,2024 INDY NXT By Firestone at The Milwaukee Mile,The Milwaukee Mile,session_indy_nxt_2024_6322_segment_01,green_run,1,29,29,7.0,6.0,1.0,6.0,7.0,1.0,0.6429,complete_validated_against_result_lap_counts,900ddfcb701b1977f16e33501302742c328980f5ffcccd190d2e433bba0b5681
session_indy_nxt_2024_6322,2024 INDY NXT By Firestone at The Milwaukee Mile,The Milwaukee Mile,session_indy_nxt_2024_6322_segment_02,caution_window,30,32,3,6.0,6.0,0.0,6.0,6.0,0,0.6429,complete_validated_against_result_lap_counts,900ddfcb701b1977f16e33501302742c328980f5ffcccd190d2e433bba0b5681
session_indy_nxt_2024_6322,2024 INDY NXT By Firestone at The Milwaukee Mile,The Milwaukee Mile,session_indy_nxt_2024_6322_segment_03,restart_window,33,33,1,6.0,6.0,0.0,6.0,6.0,0,0.6429,complete_validated_against_result_lap_counts,900ddfcb701b1977f16e33501302742c328980f5ffcccd190d2e433bba0b5681
session_indy_nxt_2024_6322,2024 INDY NXT By Firestone at The Milwaukee Mile,The Milwaukee Mile,session_indy_nxt_2024_6322_segment_04,green_run,34,90,57,5.0,4.0,1.0,4.0,5.0,1.0,0.7143,complete_validated_against_result_lap_counts,900ddfcb701b1977f16e33501302742c328980f5ffcccd190d2e433bba0b5681
session_indy_nxt_2024_6323,2024 Music City Grand Prix,Nashville Superspeedway,session_indy_nxt_2024_6323_segment_01,green_run,1,51,51,11.0,6.0,5.0,6.0,13.0,9.0,0.5625,complete_validated_against_result_lap_counts,900ddfcb701b1977f16e33501302742c328980f5ffcccd190d2e433bba0b5681
session_indy_nxt_2024_6323,2024 Music City Grand Prix,Nashville Superspeedway,session_indy_nxt_2024_6323_segment_02,caution_window,52,57,6,6.0,6.0,0.0,6.0,6.0,0,0.6548,complete_validated_against_result_lap_counts,900ddfcb701b1977f16e33501302742c328980f5ffcccd190d2e433bba0b5681
session_indy_nxt_2024_6323,2024 Music City Grand Prix,Nashville Superspeedway,session_indy_nxt_2024_6323_segment_03,restart_window,58,58,1,6.0,6.0,0.0,6.0,6.0,0,0.6429,complete_validated_against_result_lap_counts,900ddfcb701b1977f16e33501302742c328980f5ffcccd190d2e433bba0b5681
session_indy_nxt_2024_6323,2024 Music City Grand Prix,Nashville Superspeedway,session_indy_nxt_2024_6323_segment_04,green_run,59,65,7,6.0,7.0,-1.0,6.0,7.0,1.0,0.5385,complete_validated_against_result_lap_counts,900ddfcb701b1977f16e33501302742c328980f5ffcccd190d2e433bba0b5681
session_indy_nxt_2024_6324,2024 Grand Prix of St. Petersburg,Streets of St. Petersburg,session_indy_nxt_2024_6324_segment_01,green_run,1,31,31,7.0,6.0,1.0,6.0,8.0,3.0,0.6842,complete_validated_against_result_lap_counts,900ddfcb701b1977f16e33501302742c328980f5ffcccd190d2e433bba0b5681
session_indy_nxt_2024_6325,2024 Indianapolis Grand Prix Race 2,Indianapolis Motor Speedway Road Course,session_indy_nxt_2024_6325_segment_01,green_run,1,35,35,16.0,19.0,-3.0,14.0,20.0,9.0,0.05,complete_validated_against_result_lap_counts,900ddfcb701b1977f16e33501302742c328980f5ffcccd190d2e433bba0b5681
session_indy_nxt_2024_6326,2024 Detroit Grand Prix,Streets of Detroit,session_indy_nxt_2024_6326_segment_01,green_run,1,2,2,11.0,11.0,0.0,11.0,11.0,0,0.5,partial_visible_laps_only,900ddfcb701b1977f16e33501302742c328980f5ffcccd190d2e433bba0b5681
session_indy_nxt_2024_6327,2024 Grand Prix of Monterey Race 2,WeatherTech Raceway Laguna Seca,session_indy_nxt_2024_6327_segment_01,green_run,1,15,15,5.0,5.0,0.0,5.0,5.0,0,0.7895,partial_visible_laps_only,900ddfcb701b1977f16e33501302742c328980f5ffcccd190d2e433bba0b5681
session_indy_nxt_2024_6327,2024 Grand Prix of Monterey Race 2,WeatherTech Raceway Laguna Seca,session_indy_nxt_2024_6327_segment_02,caution_window,16,16,1,5.0,5.0,0.0,5.0,5.0,0,0.7895,partial_visible_laps_only,900ddfcb701b1977f16e33501302742c328980f5ffcccd190d2e433bba0b5681
session_indy_nxt_2024_6327,2024 Grand Prix of Monterey Race 2,WeatherTech Raceway Laguna Seca,session_indy_nxt_2024_6327_segment_03,restart_window,17,17,1,5.0,5.0,0.0,5.0,5.0,0,0.7895,partial_visible_laps_only,900ddfcb701b1977f16e33501302742c328980f5ffcccd190d2e433bba0b5681
session_indy_nxt_2024_6327,2024 Grand Prix of Monterey Race 2,WeatherTech Raceway Laguna Seca,session_indy_nxt_2024_6327_segment_04,green_run,18,35,18,5.0,3.0,2.0,3.0,5.0,2.0,0.8233,partial_visible_laps_only,900ddfcb701b1977f16e33501302742c328980f5ffcccd190d2e433bba0b5681
session_indy_nxt_2025_6442,2025 Grand Prix of Monterey Race 1,WeatherTech Raceway Laguna Seca,session_indy_nxt_2025_6442_segment_01,caution_window,1,4,4,9.0,9.0,0.0,9.0,9.0,0,0.5,complete_validated_against_result_lap_counts,900ddfcb701b1977f16e33501302742c328980f5ffcccd190d2e433bba0b5681
session_indy_nxt_2025_6442,2025 Grand Prix of Monterey Race 1,WeatherTech Raceway Laguna Seca,session_indy_nxt_2025_6442_segment_02,restart_window,5,5,1,9.0,9.0,0.0,9.0,9.0,0,0.5,complete_validated_against_result_lap_counts,900ddfcb701b1977f16e33501302742c328980f5ffcccd190d2e433bba0b5681
session_indy_nxt_2025_6442,2025 Grand Prix of Monterey Race 1,WeatherTech Raceway Laguna Seca,session_indy_nxt_2025_6442_segment_03,green_run,6,35,30,9.0,10.0,-1.0,7.0,10.0,5.0,0.5,complete_validated_against_result_lap_counts,900ddfcb701b1977f16e33501302742c328980f5ffcccd190d2e433bba0b5681
session_indy_nxt_2025_6443,2025 Indianapolis Grand Prix Race 2,Indianapolis Motor Speedway Road Course,session_indy_nxt_2025_6443_segment_01,green_run,1,2,2,20.0,20.0,0.0,20.0,20.0,0,0.05,complete_validated_against_result_lap_counts,900ddfcb701b1977f16e33501302742c328980f5ffcccd190d2e433bba0b5681
session_indy_nxt_2025_6443,2025 Indianapolis Grand Prix Race 2,Indianapolis Motor Speedway Road Course,session_indy_nxt_2025_6443_segment_02,caution_window,3,4,2,17.0,17.0,0.0,17.0,17.0,0,0.2,complete_validated_against_result_lap_counts,900ddfcb701b1977f16e33501302742c328980f5ffcccd190d2e433bba0b5681
session_indy_nxt_2025_6443,2025 Indianapolis Grand Prix Race 2,Indianapolis Motor Speedway Road Course,session_indy_nxt_2025_6443_segment_03,restart_window,5,5,1,17.0,17.0,0.0,17.0,17.0,0,0.2,complete_validated_against_result_lap_counts,900ddfcb701b1977f16e33501302742c328980f5ffcccd190d2e433bba0b5681
session_indy_nxt_2025_6443,2025 Indianapolis Grand Prix Race 2,Indianapolis Motor Speedway Road Course,session_indy_nxt_2025_6443_segment_04,green_run,6,35,30,17.0,15.0,2.0,15.0,18.0,8.0,0.2105,complete_validated_against_result_lap_counts,900ddfcb701b1977f16e33501302742c328980f5ffcccd190d2e433bba0b5681
session_indy_nxt_2025_6444,2025 Indianapolis Grand Prix Race 1,Indianapolis Motor Speedway Road Course,session_indy_nxt_2025_6444_segment_01,green_run,1,9,9,16.0,16.0,0.0,14.0,16.0,4.0,0.25,complete_validated_against_result_lap_counts,900ddfcb701b1977f16e33501302742c328980f5ffcccd190d2e433bba0b5681
session_indy_nxt_2025_6444,2025 Indianapolis Grand Prix Race 1,Indianapolis Motor Speedway Road Course,session_indy_nxt_2025_6444_segment_02,caution_window,10,11,2,16.0,16.0,0.0,16.0,16.0,0,0.2105,complete_validated_against_result_lap_counts,900ddfcb701b1977f16e33501302742c328980f5ffcccd190d2e433bba0b5681
session_indy_nxt_2025_6444,2025 Indianapolis Grand Prix Race 1,Indianapolis Motor Speedway Road Course,session_indy_nxt_2025_6444_segment_03,restart_window,12,12,1,16.0,16.0,0.0,16.0,16.0,0,0.2105,complete_validated_against_result_lap_counts,900ddfcb701b1977f16e33501302742c328980f5ffcccd190d2e433bba0b5681
session_indy_nxt_2025_6444,2025 Indianapolis Grand Prix Race 1,Indianapolis Motor Speedway Road Course,session_indy_nxt_2025_6444_segment_04,green_run,13,28,16,16.0,13.0,3.0,13.0,16.0,3.0,0.3158,complete_validated_against_result_lap_counts,900ddfcb701b1977f16e33501302742c328980f5ffcccd190d2e433bba0b5681
session_indy_nxt_2025_6444,2025 Indianapolis Grand Prix Race 1,Indianapolis Motor Speedway Road Course,session_indy_nxt_2025_6444_segment_05,caution_window,29,30,2,12.0,12.0,0.0,12.0,12.0,0,0.3709,complete_validated_against_result_lap_counts,900ddfcb701b1977f16e33501302742c328980f5ffcccd190d2e433bba0b5681
session_indy_nxt_2025_6444,2025 Indianapolis Grand Prix Race 1,Indianapolis Motor Speedway Road Course,session_indy_nxt_2025_6444_segment_06,restart_window,31,31,1,12.0,12.0,0.0,12.0,12.0,0,0.3529,complete_validated_against_result_lap_counts,900ddfcb701b1977f16e33501302742c328980f5ffcccd190d2e433bba0b5681
session_indy_nxt_2025_6444,2025 Indianapolis Grand Prix Race 1,Indianapolis Motor Speedway Road Course,session_indy_nxt_2025_6444_segment_07,green_run,32,35,4,12.0,15.0,-3.0,12.0,15.0,3.0,0.125,complete_validated_against_result_lap_counts,900ddfcb701b1977f16e33501302742c328980f5ffcccd190d2e433bba0b5681
session_indy_nxt_2025_6445,2025 Grand Prix of Alabama,Barber Motorsports Park,session_indy_nxt_2025_6445_segment_01,caution_window,1,3,3,8.0,8.0,0.0,8.0,8.0,0,0.6316,partial_visible_laps_only,900ddfcb701b1977f16e33501302742c328980f5ffcccd190d2e433bba0b5681
session_indy_nxt_2025_6445,2025 Grand Prix of Alabama,Barber Motorsports Park,session_indy_nxt_2025_6445_segment_02,restart_window,4,4,1,8.0,8.0,0.0,8.0,8.0,0,0.6316,partial_visible_laps_only,900ddfcb701b1977f16e33501302742c328980f5ffcccd190d2e433bba0b5681
session_indy_nxt_2025_6445,2025 Grand Prix of Alabama,Barber Motorsports Park,session_indy_nxt_2025_6445_segment_03,green_run,5,10,6,8.0,8.0,0.0,8.0,8.0,0,0.6111,partial_visible_laps_only,900ddfcb701b1977f16e33501302742c328980f5ffcccd190d2e433bba0b5681
session_indy_nxt_2025_6445,2025 Grand Prix of Alabama,Barber Motorsports Park,session_indy_nxt_2025_6445_segment_04,caution_window,11,12,2,16.0,16.0,0.0,16.0,16.0,0,0.1667,partial_visible_laps_only,900ddfcb701b1977f16e33501302742c328980f5ffcccd190d2e433bba0b5681
session_indy_nxt_2025_6445,2025 Grand Prix of Alabama,Barber Motorsports Park,session_indy_nxt_2025_6445_segment_05,restart_window,13,13,1,16.0,16.0,0.0,16.0,16.0,0,0.1667,partial_visible_laps_only,900ddfcb701b1977f16e33501302742c328980f5ffcccd190d2e433bba0b5681
session_indy_nxt_2025_6445,2025 Grand Prix of Alabama,Barber Motorsports Park,session_indy_nxt_2025_6445_segment_06,green_run,14,35,22,16.0,15.0,1.0,15.0,17.0,3.0,0.1716,partial_visible_laps_only,900ddfcb701b1977f16e33501302742c328980f5ffcccd190d2e433bba0b5681
session_indy_nxt_2025_6446,2025 Grand Prix of St. Petersburg,Streets of St. Petersburg,session_indy_nxt_2025_6446_segment_01,caution_window,1,1,1,16.0,16.0,0.0,16.0,16.0,0,0.2105,partial_visible_laps_only,900ddfcb701b1977f16e33501302742c328980f5ffcccd190d2e433bba0b5681
session_indy_nxt_2025_6446,2025 Grand Prix of St. Petersburg,Streets of St. Petersburg,session_indy_nxt_2025_6446_segment_02,restart_window,2,2,1,16.0,16.0,0.0,16.0,16.0,0,0.2105,partial_visible_laps_only,900ddfcb701b1977f16e33501302742c328980f5ffcccd190d2e433bba0b5681
session_indy_nxt_2025_6446,2025 Grand Prix of St. Petersburg,Streets of St. Petersburg,session_indy_nxt_2025_6446_segment_03,green_run,3,9,7,16.0,16.0,0.0,16.0,16.0,0,0.1667,partial_visible_laps_only,900ddfcb701b1977f16e33501302742c328980f5ffcccd190d2e433bba0b5681
session_indy_nxt_2025_6446,2025 Grand Prix of St. Petersburg,Streets of St. Petersburg,session_indy_nxt_2025_6446_segment_04,caution_window,10,13,4,16.0,16.0,0.0,16.0,16.0,0,0.1667,partial_visible_laps_only,900ddfcb701b1977f16e33501302742c328980f5ffcccd190d2e433bba0b5681
session_indy_nxt_2025_6446,2025 Grand Prix of St. Petersburg,Streets of St. Petersburg,session_indy_nxt_2025_6446_segment_05,restart_window,14,14,1,16.0,16.0,0.0,16.0,16.0,0,0.1667,partial_visible_laps_only,900ddfcb701b1977f16e33501302742c328980f5ffcccd190d2e433bba0b5681
session_indy_nxt_2025_6446,2025 Grand Prix of St. Petersburg,Streets of St. Petersburg,session_indy_nxt_2025_6446_segment_06,green_run,15,21,7,16.0,14.0,2.0,14.0,16.0,2.0,0.1667,partial_visible_laps_only,900ddfcb701b1977f16e33501302742c328980f5ffcccd190d2e433bba0b5681
session_indy_nxt_2025_6446,2025 Grand Prix of St. Petersburg,Streets of St. Petersburg,session_indy_nxt_2025_6446_segment_07,caution_window,22,24,3,14.0,14.0,0.0,14.0,14.0,0,0.2353,partial_visible_laps_only,900ddfcb701b1977f16e33501302742c328980f5ffcccd190d2e433bba0b5681
session_indy_nxt_2025_6446,2025 Grand Prix of St. Petersburg,Streets of St. Petersburg,session_indy_nxt_2025_6446_segment_08,restart_window,25,25,1,14.0,14.0,0.0,14.0,14.0,0,0.2353,partial_visible_laps_only,900ddfcb701b1977f16e33501302742c328980f5ffcccd190d2e433bba0b5681
session_indy_nxt_2025_6446,2025 Grand Prix of St. Petersburg,Streets of St. Petersburg,session_indy_nxt_2025_6446_segment_09,green_run,26,41,16,14.0,14.0,0.0,14.0,15.0,2.0,0.1875,partial_visible_laps_only,900ddfcb701b1977f16e33501302742c328980f5ffcccd190d2e433bba0b5681
session_indy_nxt_2025_6446,2025 Grand Prix of St. Petersburg,Streets of St. Petersburg,session_indy_nxt_2025_6446_segment_10,caution_window,42,44,3,13.0,13.0,0.0,13.0,13.0,0,0.0769,partial_visible_laps_only,900ddfcb701b1977f16e33501302742c328980f5ffcccd190d2e433bba0b5681
session_indy_nxt_2025_6447,2025 Music City Grand Prix,Nashville Superspeedway,session_indy_nxt_2025_6447_segment_01,green_run,1,31,31,6.0,6.0,0.0,6.0,7.0,2.0,0.6471,complete_validated_against_result_lap_counts,900ddfcb701b1977f16e33501302742c328980f5ffcccd190d2e433bba0b5681
session_indy_nxt_2025_6447,2025 Music City Grand Prix,Nashville Superspeedway,session_indy_nxt_2025_6447_segment_02,caution_window,32,43,12,6.0,6.0,0.0,6.0,6.0,0,0.6875,complete_validated_against_result_lap_counts,900ddfcb701b1977f16e33501302742c328980f5ffcccd190d2e433bba0b5681
session_indy_nxt_2025_6447,2025 Music City Grand Prix,Nashville Superspeedway,session_indy_nxt_2025_6447_segment_03,restart_window,44,44,1,6.0,6.0,0.0,6.0,6.0,0,0.6875,complete_validated_against_result_lap_counts,900ddfcb701b1977f16e33501302742c328980f5ffcccd190d2e433bba0b5681
session_indy_nxt_2025_6447,2025 Music City Grand Prix,Nashville Superspeedway,session_indy_nxt_2025_6447_segment_04,green_run,45,65,21,6.0,6.0,0.0,6.0,6.0,0,0.6429,complete_validated_against_result_lap_counts,900ddfcb701b1977f16e33501302742c328980f5ffcccd190d2e433bba0b5681
session_indy_nxt_2025_6448,2025 INDY NXT by Firestone at the Milwaukee Mile,The Milwaukee Mile,session_indy_nxt_2025_6448_segment_01,green_run,1,46,46,7.0,8.0,-1.0,7.0,9.0,3.0,0.5294,complete_validated_against_result_lap_counts,900ddfcb701b1977f16e33501302742c328980f5ffcccd190d2e433bba0b5681
session_indy_nxt_2025_6448,2025 INDY NXT by Firestone at the Milwaukee Mile,The Milwaukee Mile,session_indy_nxt_2025_6448_segment_02,caution_window,47,52,6,8.0,8.0,0.0,8.0,8.0,0,0.5333,complete_validated_against_result_lap_counts,900ddfcb701b1977f16e33501302742c328980f5ffcccd190d2e433bba0b5681
session_indy_nxt_2025_6448,2025 INDY NXT by Firestone at the Milwaukee Mile,The Milwaukee Mile,session_indy_nxt_2025_6448_segment_03,restart_window,53,53,1,7.0,7.0,0.0,7.0,7.0,0,0.6,complete_validated_against_result_lap_counts,900ddfcb701b1977f16e33501302742c328980f5ffcccd190d2e433bba0b5681
session_indy_nxt_2025_6448,2025 INDY NXT by Firestone at the Milwaukee Mile,The Milwaukee Mile,session_indy_nxt_2025_6448_segment_04,green_run,54,90,37,6.0,5.0,1.0,5.0,6.0,1.0,0.7143,complete_validated_against_result_lap_counts,900ddfcb701b1977f16e33501302742c328980f5ffcccd190d2e433bba0b5681
session_indy_nxt_2025_6451,2025 INDY NXT by Firestone at Iowa Speedway,Iowa Speedway,session_indy_nxt_2025_6451_segment_01,green_run,1,25,25,14.0,11.0,3.0,11.0,14.0,3.0,0.3889,partial_visible_laps_only,900ddfcb701b1977f16e33501302742c328980f5ffcccd190d2e433bba0b5681
session_indy_nxt_2025_6451,2025 INDY NXT by Firestone at Iowa Speedway,Iowa Speedway,session_indy_nxt_2025_6451_segment_02,caution_window,26,32,7,11.0,10.0,1.0,10.0,11.0,1.0,0.5,partial_visible_laps_only,900ddfcb701b1977f16e33501302742c328980f5ffcccd190d2e433bba0b5681
session_indy_nxt_2025_6451,2025 INDY NXT by Firestone at Iowa Speedway,Iowa Speedway,session_indy_nxt_2025_6451_segment_03,restart_window,33,33,1,10.0,10.0,0.0,10.0,10.0,0,0.5,partial_visible_laps_only,900ddfcb701b1977f16e33501302742c328980f5ffcccd190d2e433bba0b5681
session_indy_nxt_2025_6451,2025 INDY NXT by Firestone at Iowa Speedway,Iowa Speedway,session_indy_nxt_2025_6451_segment_04,caution_window,34,36,3,9.0,10.0,-1.0,9.0,10.0,1.0,0.5556,partial_visible_laps_only,900ddfcb701b1977f16e33501302742c328980f5ffcccd190d2e433bba0b5681
session_indy_nxt_2025_6451,2025 INDY NXT by Firestone at Iowa Speedway,Iowa Speedway,session_indy_nxt_2025_6451_segment_05,restart_window,37,37,1,10.0,10.0,0.0,10.0,10.0,0,0.5,partial_visible_laps_only,900ddfcb701b1977f16e33501302742c328980f5ffcccd190d2e433bba0b5681
session_indy_nxt_2025_6451,2025 INDY NXT by Firestone at Iowa Speedway,Iowa Speedway,session_indy_nxt_2025_6451_segment_06,green_run,38,75,38,10.0,9.0,1.0,9.0,10.0,1.0,0.5556,partial_visible_laps_only,900ddfcb701b1977f16e33501302742c328980f5ffcccd190d2e433bba0b5681
session_indy_nxt_2025_6452,2025 Grand Prix at Mid-Ohio,Mid-Ohio Sports Car Course,session_indy_nxt_2025_6452_segment_01,green_run,1,3,3,9.0,11.0,-2.0,9.0,11.0,2.0,0.5556,complete_validated_against_result_lap_counts,900ddfcb701b1977f16e33501302742c328980f5ffcccd190d2e433bba0b5681
session_indy_nxt_2025_6452,2025 Grand Prix at Mid-Ohio,Mid-Ohio Sports Car Course,session_indy_nxt_2025_6452_segment_02,caution_window,4,5,2,11.0,11.0,0.0,11.0,11.0,0,0.375,complete_validated_against_result_lap_counts,900ddfcb701b1977f16e33501302742c328980f5ffcccd190d2e433bba0b5681
session_indy_nxt_2025_6452,2025 Grand Prix at Mid-Ohio,Mid-Ohio Sports Car Course,session_indy_nxt_2025_6452_segment_03,restart_window,6,6,1,11.0,11.0,0.0,11.0,11.0,0,0.375,complete_validated_against_result_lap_counts,900ddfcb701b1977f16e33501302742c328980f5ffcccd190d2e433bba0b5681
session_indy_nxt_2025_6452,2025 Grand Prix at Mid-Ohio,Mid-Ohio Sports Car Course,session_indy_nxt_2025_6452_segment_04,green_run,7,33,27,11.0,12.0,-1.0,11.0,12.0,1.0,0.3125,complete_validated_against_result_lap_counts,900ddfcb701b1977f16e33501302742c328980f5ffcccd190d2e433bba0b5681
session_indy_nxt_2025_6453,2025 Grand Prix at Road America,Road America,session_indy_nxt_2025_6453_segment_01,green_run,1,20,20,10.0,9.0,1.0,9.0,10.0,1.0,0.5556,complete_validated_against_result_lap_counts,900ddfcb701b1977f16e33501302742c328980f5ffcccd190d2e433bba0b5681
session_indy_nxt_2025_6454,2025 INDY NXT by Firestone at World Wide Technology Raceway,World Wide Technology Raceway,session_indy_nxt_2025_6454_segment_01,green_run,1,74,74,14.0,14.0,0.0,13.0,14.0,2.0,0.2353,complete_validated_against_result_lap_counts,900ddfcb701b1977f16e33501302742c328980f5ffcccd190d2e433bba0b5681
session_indy_nxt_2025_6455,2025 Detroit Grand Prix,Streets of Detroit,session_indy_nxt_2025_6455_segment_01,caution_window,1,2,2,11.0,10.0,1.0,10.0,11.0,1.0,0.4412,complete_validated_against_result_lap_counts,900ddfcb701b1977f16e33501302742c328980f5ffcccd190d2e433bba0b5681
session_indy_nxt_2025_6455,2025 Detroit Grand Prix,Streets of Detroit,session_indy_nxt_2025_6455_segment_02,restart_window,3,3,1,10.0,10.0,0.0,10.0,10.0,0,0.4706,complete_validated_against_result_lap_counts,900ddfcb701b1977f16e33501302742c328980f5ffcccd190d2e433bba0b5681
session_indy_nxt_2025_6455,2025 Detroit Grand Prix,Streets of Detroit,session_indy_nxt_2025_6455_segment_03,green_run,4,40,37,9.0,12.0,-3.0,9.0,12.0,5.0,0.5,complete_validated_against_result_lap_counts,900ddfcb701b1977f16e33501302742c328980f5ffcccd190d2e433bba0b5681
session_indy_nxt_2025_6455,2025 Detroit Grand Prix,Streets of Detroit,session_indy_nxt_2025_6455_segment_04,caution_window,41,43,3,11.0,10.0,1.0,10.0,11.0,1.0,0.2857,complete_validated_against_result_lap_counts,900ddfcb701b1977f16e33501302742c328980f5ffcccd190d2e433bba0b5681
session_indy_nxt_2025_6455,2025 Detroit Grand Prix,Streets of Detroit,session_indy_nxt_2025_6455_segment_05,restart_window,44,44,1,10.0,10.0,0.0,10.0,10.0,0,0.25,complete_validated_against_result_lap_counts,900ddfcb701b1977f16e33501302742c328980f5ffcccd190d2e433bba0b5681
session_indy_nxt_2026_6749,2026 Detroit Grand Prix,Streets of Detroit,session_indy_nxt_2026_6749_segment_01,caution_window,1,7,7,7.0,8.0,-1.0,7.0,8.0,1.0,0.6957,partial_visible_laps_only,900ddfcb701b1977f16e33501302742c328980f5ffcccd190d2e433bba0b5681
session_indy_nxt_2026_6749,2026 Detroit Grand Prix,Streets of Detroit,session_indy_nxt_2026_6749_segment_02,restart_window,8,8,1,8.0,8.0,0.0,8.0,8.0,0,0.6957,partial_visible_laps_only,900ddfcb701b1977f16e33501302742c328980f5ffcccd190d2e433bba0b5681
session_indy_nxt_2026_6749,2026 Detroit Grand Prix,Streets of Detroit,session_indy_nxt_2026_6749_segment_03,green_run,9,25,17,8.0,6.0,2.0,6.0,8.0,2.0,0.7391,partial_visible_laps_only,900ddfcb701b1977f16e33501302742c328980f5ffcccd190d2e433bba0b5681
session_indy_nxt_2026_6749,2026 Detroit Grand Prix,Streets of Detroit,session_indy_nxt_2026_6749_segment_04,caution_window,26,27,2,6.0,6.0,0.0,6.0,6.0,0,0.7727,partial_visible_laps_only,900ddfcb701b1977f16e33501302742c328980f5ffcccd190d2e433bba0b5681
session_indy_nxt_2026_6749,2026 Detroit Grand Prix,Streets of Detroit,session_indy_nxt_2026_6749_segment_05,restart_window,28,28,1,6.0,6.0,0.0,6.0,6.0,0,0.7727,partial_visible_laps_only,900ddfcb701b1977f16e33501302742c328980f5ffcccd190d2e433bba0b5681
session_indy_nxt_2026_6749,2026 Detroit Grand Prix,Streets of Detroit,session_indy_nxt_2026_6749_segment_06,green_run,29,30,2,6.0,6.0,0.0,6.0,6.0,0,0.7673,partial_visible_laps_only,900ddfcb701b1977f16e33501302742c328980f5ffcccd190d2e433bba0b5681
session_indy_nxt_2026_6749,2026 Detroit Grand Prix,Streets of Detroit,session_indy_nxt_2026_6749_segment_07,caution_window,31,33,3,6.0,6.0,0.0,6.0,6.0,0,0.7619,partial_visible_laps_only,900ddfcb701b1977f16e33501302742c328980f5ffcccd190d2e433bba0b5681
session_indy_nxt_2026_6749,2026 Detroit Grand Prix,Streets of Detroit,session_indy_nxt_2026_6749_segment_08,restart_window,34,34,1,6.0,6.0,0.0,6.0,6.0,0,0.7619,partial_visible_laps_only,900ddfcb701b1977f16e33501302742c328980f5ffcccd190d2e433bba0b5681
session_indy_nxt_2026_6749,2026 Detroit Grand Prix,Streets of Detroit,session_indy_nxt_2026_6749_segment_09,green_run,35,39,5,6.0,9.0,-3.0,6.0,9.0,3.0,0.7143,partial_visible_laps_only,900ddfcb701b1977f16e33501302742c328980f5ffcccd190d2e433bba0b5681
session_indy_nxt_2026_6749,2026 Detroit Grand Prix,Streets of Detroit,session_indy_nxt_2026_6749_segment_10,caution_window,40,42,3,8.0,8.0,0.0,8.0,8.0,0,0.6111,partial_visible_laps_only,900ddfcb701b1977f16e33501302742c328980f5ffcccd190d2e433bba0b5681
session_indy_nxt_2026_6750,2026 Grand Prix of Alabama Race 1,Barber Motorsports Park,session_indy_nxt_2026_6750_segment_01,caution_window,1,3,3,7.0,7.0,0.0,7.0,7.0,0,0.7273,complete_validated_against_result_lap_counts,900ddfcb701b1977f16e33501302742c328980f5ffcccd190d2e433bba0b5681
session_indy_nxt_2026_6750,2026 Grand Prix of Alabama Race 1,Barber Motorsports Park,session_indy_nxt_2026_6750_segment_02,restart_window,4,4,1,7.0,7.0,0.0,7.0,7.0,0,0.7273,complete_validated_against_result_lap_counts,900ddfcb701b1977f16e33501302742c328980f5ffcccd190d2e433bba0b5681
session_indy_nxt_2026_6750,2026 Grand Prix of Alabama Race 1,Barber Motorsports Park,session_indy_nxt_2026_6750_segment_03,green_run,5,27,23,10.0,9.0,1.0,9.0,10.0,1.0,0.5909,complete_validated_against_result_lap_counts,900ddfcb701b1977f16e33501302742c328980f5ffcccd190d2e433bba0b5681
session_indy_nxt_2026_6750,2026 Grand Prix of Alabama Race 1,Barber Motorsports Park,session_indy_nxt_2026_6750_segment_04,caution_window,28,29,2,9.0,9.0,0.0,9.0,9.0,0,0.6364,complete_validated_against_result_lap_counts,900ddfcb701b1977f16e33501302742c328980f5ffcccd190d2e433bba0b5681
session_indy_nxt_2026_6750,2026 Grand Prix of Alabama Race 1,Barber Motorsports Park,session_indy_nxt_2026_6750_segment_05,restart_window,30,30,1,9.0,9.0,0.0,9.0,9.0,0,0.6364,complete_validated_against_result_lap_counts,900ddfcb701b1977f16e33501302742c328980f5ffcccd190d2e433bba0b5681
session_indy_nxt_2026_6750,2026 Grand Prix of Alabama Race 1,Barber Motorsports Park,session_indy_nxt_2026_6750_segment_06,green_run,31,35,5,8.0,8.0,0.0,8.0,8.0,0,0.6818,complete_validated_against_result_lap_counts,900ddfcb701b1977f16e33501302742c328980f5ffcccd190d2e433bba0b5681
session_indy_nxt_2026_6751,2026 Grand Prix of St. Petersburg,Streets of St. Petersburg,session_indy_nxt_2026_6751_segment_01,caution_window,1,2,2,17.0,17.0,0.0,17.0,17.0,0,0.3043,complete_validated_against_result_lap_counts,900ddfcb701b1977f16e33501302742c328980f5ffcccd190d2e433bba0b5681
session_indy_nxt_2026_6751,2026 Grand Prix of St. Petersburg,Streets of St. Petersburg,session_indy_nxt_2026_6751_segment_02,restart_window,3,3,1,17.0,17.0,0.0,17.0,17.0,0,0.3043,complete_validated_against_result_lap_counts,900ddfcb701b1977f16e33501302742c328980f5ffcccd190d2e433bba0b5681
session_indy_nxt_2026_6751,2026 Grand Prix of St. Petersburg,Streets of St. Petersburg,session_indy_nxt_2026_6751_segment_03,green_run,4,5,2,17.0,17.0,0.0,17.0,17.0,0,0.3043,complete_validated_against_result_lap_counts,900ddfcb701b1977f16e33501302742c328980f5ffcccd190d2e433bba0b5681
session_indy_nxt_2026_6751,2026 Grand Prix of St. Petersburg,Streets of St. Petersburg,session_indy_nxt_2026_6751_segment_04,caution_window,6,8,3,17.0,17.0,0.0,17.0,17.0,0,0.2727,complete_validated_against_result_lap_counts,900ddfcb701b1977f16e33501302742c328980f5ffcccd190d2e433bba0b5681
session_indy_nxt_2026_6751,2026 Grand Prix of St. Petersburg,Streets of St. Petersburg,session_indy_nxt_2026_6751_segment_05,restart_window,9,9,1,17.0,17.0,0.0,17.0,17.0,0,0.2727,complete_validated_against_result_lap_counts,900ddfcb701b1977f16e33501302742c328980f5ffcccd190d2e433bba0b5681
session_indy_nxt_2026_6751,2026 Grand Prix of St. Petersburg,Streets of St. Petersburg,session_indy_nxt_2026_6751_segment_06,green_run,10,16,7,18.0,17.0,1.0,17.0,18.0,1.0,0.2273,complete_validated_against_result_lap_counts,900ddfcb701b1977f16e33501302742c328980f5ffcccd190d2e433bba0b5681
session_indy_nxt_2026_6751,2026 Grand Prix of St. Petersburg,Streets of St. Petersburg,session_indy_nxt_2026_6751_segment_07,caution_window,17,19,3,16.0,16.0,0.0,16.0,16.0,0,0.2857,complete_validated_against_result_lap_counts,900ddfcb701b1977f16e33501302742c328980f5ffcccd190d2e433bba0b5681
session_indy_nxt_2026_6751,2026 Grand Prix of St. Petersburg,Streets of St. Petersburg,session_indy_nxt_2026_6751_segment_08,restart_window,20,20,1,17.0,17.0,0.0,17.0,17.0,0,0.2381,complete_validated_against_result_lap_counts,900ddfcb701b1977f16e33501302742c328980f5ffcccd190d2e433bba0b5681
session_indy_nxt_2026_6751,2026 Grand Prix of St. Petersburg,Streets of St. Petersburg,session_indy_nxt_2026_6751_segment_09,caution_window,21,24,4,18.0,16.0,2.0,16.0,18.0,2.0,0.1842,complete_validated_against_result_lap_counts,900ddfcb701b1977f16e33501302742c328980f5ffcccd190d2e433bba0b5681
session_indy_nxt_2026_6751,2026 Grand Prix of St. Petersburg,Streets of St. Petersburg,session_indy_nxt_2026_6751_segment_10,restart_window,25,25,1,16.0,16.0,0.0,16.0,16.0,0,0.2105,complete_validated_against_result_lap_counts,900ddfcb701b1977f16e33501302742c328980f5ffcccd190d2e433bba0b5681
session_indy_nxt_2026_6751,2026 Grand Prix of St. Petersburg,Streets of St. Petersburg,session_indy_nxt_2026_6751_segment_11,green_run,26,42,17,18.0,18.0,0.0,18.0,18.0,0,0.1053,complete_validated_against_result_lap_counts,900ddfcb701b1977f16e33501302742c328980f5ffcccd190d2e433bba0b5681
session_indy_nxt_2026_6752,2026 Grand Prix of Alabama Race 2,Barber Motorsports Park,session_indy_nxt_2026_6752_segment_01,green_run,1,30,30,7.0,7.0,0.0,7.0,7.0,0,0.7273,complete_validated_against_result_lap_counts,900ddfcb701b1977f16e33501302742c328980f5ffcccd190d2e433bba0b5681
session_indy_nxt_2026_6753,2026 Grand Prix of Arlington,Streets of Arlington,session_indy_nxt_2026_6753_segment_01,caution_window,1,4,4,20.0,19.0,1.0,19.0,20.0,1.0,0.1818,complete_validated_against_result_lap_counts,900ddfcb701b1977f16e33501302742c328980f5ffcccd190d2e433bba0b5681
session_indy_nxt_2026_6753,2026 Grand Prix of Arlington,Streets of Arlington,session_indy_nxt_2026_6753_segment_02,restart_window,5,5,1,19.0,19.0,0.0,19.0,19.0,0,0.1818,complete_validated_against_result_lap_counts,900ddfcb701b1977f16e33501302742c328980f5ffcccd190d2e433bba0b5681
session_indy_nxt_2026_6753,2026 Grand Prix of Arlington,Streets of Arlington,session_indy_nxt_2026_6753_segment_03,green_run,6,10,5,20.0,20.0,0.0,20.0,21.0,2.0,0.0909,complete_validated_against_result_lap_counts,900ddfcb701b1977f16e33501302742c328980f5ffcccd190d2e433bba0b5681
session_indy_nxt_2026_6753,2026 Grand Prix of Arlington,Streets of Arlington,session_indy_nxt_2026_6753_segment_04,caution_window,11,11,1,20.0,20.0,0.0,20.0,20.0,0,0.0952,complete_validated_against_result_lap_counts,900ddfcb701b1977f16e33501302742c328980f5ffcccd190d2e433bba0b5681
session_indy_nxt_2026_6753,2026 Grand Prix of Arlington,Streets of Arlington,session_indy_nxt_2026_6753_segment_05,restart_window,12,12,1,20.0,20.0,0.0,20.0,20.0,0,0.0952,complete_validated_against_result_lap_counts,900ddfcb701b1977f16e33501302742c328980f5ffcccd190d2e433bba0b5681
session_indy_nxt_2026_6753,2026 Grand Prix of Arlington,Streets of Arlington,session_indy_nxt_2026_6753_segment_06,green_run,13,15,3,20.0,18.0,2.0,18.0,20.0,2.0,0.0952,complete_validated_against_result_lap_counts,900ddfcb701b1977f16e33501302742c328980f5ffcccd190d2e433bba0b5681
session_indy_nxt_2026_6754,2026 Grand Prix at Road America Race 2,Road America,session_indy_nxt_2026_6754_segment_01,green_run,1,5,5,12.0,11.0,1.0,11.0,12.0,1.0,0.5652,complete_validated_against_result_lap_counts,900ddfcb701b1977f16e33501302742c328980f5ffcccd190d2e433bba0b5681
session_indy_nxt_2026_6754,2026 Grand Prix at Road America Race 2,Road America,session_indy_nxt_2026_6754_segment_02,caution_window,6,6,1,11.0,11.0,0.0,11.0,11.0,0,0.5652,complete_validated_against_result_lap_counts,900ddfcb701b1977f16e33501302742c328980f5ffcccd190d2e433bba0b5681
session_indy_nxt_2026_6754,2026 Grand Prix at Road America Race 2,Road America,session_indy_nxt_2026_6754_segment_03,restart_window,7,7,1,11.0,11.0,0.0,11.0,11.0,0,0.5652,complete_validated_against_result_lap_counts,900ddfcb701b1977f16e33501302742c328980f5ffcccd190d2e433bba0b5681
session_indy_nxt_2026_6754,2026 Grand Prix at Road America Race 2,Road America,session_indy_nxt_2026_6754_segment_04,green_run,8,14,7,15.0,14.0,1.0,14.0,15.0,1.0,0.4091,complete_validated_against_result_lap_counts,900ddfcb701b1977f16e33501302742c328980f5ffcccd190d2e433bba0b5681
session_indy_nxt_2026_6754,2026 Grand Prix at Road America Race 2,Road America,session_indy_nxt_2026_6754_segment_05,caution_window,15,16,2,13.0,13.0,0.0,13.0,13.0,0,0.4143,complete_validated_against_result_lap_counts,900ddfcb701b1977f16e33501302742c328980f5ffcccd190d2e433bba0b5681
session_indy_nxt_2026_6754,2026 Grand Prix at Road America Race 2,Road America,session_indy_nxt_2026_6754_segment_06,restart_window,17,17,1,13.0,13.0,0.0,13.0,13.0,0,0.4,complete_validated_against_result_lap_counts,900ddfcb701b1977f16e33501302742c328980f5ffcccd190d2e433bba0b5681
session_indy_nxt_2026_6754,2026 Grand Prix at Road America Race 2,Road America,session_indy_nxt_2026_6754_segment_07,green_run,18,18,1,11.0,11.0,0.0,11.0,11.0,0,0.4444,complete_validated_against_result_lap_counts,900ddfcb701b1977f16e33501302742c328980f5ffcccd190d2e433bba0b5681
session_indy_nxt_2026_6756,2026 Indianapolis Grand Prix Race 1,Indianapolis Motor Speedway Road Course,session_indy_nxt_2026_6756_segment_01,green_run,1,10,10,14.0,13.0,1.0,13.0,14.0,1.0,0.4783,complete_validated_against_result_lap_counts,900ddfcb701b1977f16e33501302742c328980f5ffcccd190d2e433bba0b5681
session_indy_nxt_2026_6756,2026 Indianapolis Grand Prix Race 1,Indianapolis Motor Speedway Road Course,session_indy_nxt_2026_6756_segment_02,caution_window,11,15,5,13.0,13.0,0.0,13.0,16.0,6.0,0.4783,complete_validated_against_result_lap_counts,900ddfcb701b1977f16e33501302742c328980f5ffcccd190d2e433bba0b5681
session_indy_nxt_2026_6756,2026 Indianapolis Grand Prix Race 1,Indianapolis Motor Speedway Road Course,session_indy_nxt_2026_6756_segment_03,restart_window,16,16,1,13.0,13.0,0.0,13.0,13.0,0,0.4783,complete_validated_against_result_lap_counts,900ddfcb701b1977f16e33501302742c328980f5ffcccd190d2e433bba0b5681
session_indy_nxt_2026_6756,2026 Indianapolis Grand Prix Race 1,Indianapolis Motor Speedway Road Course,session_indy_nxt_2026_6756_segment_04,green_run,17,28,12,10.0,22.0,-12.0,10.0,22.0,14.0,0.5455,complete_validated_against_result_lap_counts,900ddfcb701b1977f16e33501302742c328980f5ffcccd190d2e433bba0b5681
session_indy_nxt_2026_6760,2026 Grand Prix at Mid-Ohio Race 2,Mid-Ohio Sports Car Course,session_indy_nxt_2026_6760_segment_01,green_run,1,30,30,16.0,14.0,2.0,14.0,16.0,2.0,0.3913,complete_validated_against_result_lap_counts,900ddfcb701b1977f16e33501302742c328980f5ffcccd190d2e433bba0b5681
session_indy_nxt_2026_6761,2026 Grand Prix at Mid-Ohio Race 1,Mid-Ohio Sports Car Course,session_indy_nxt_2026_6761_segment_01,green_run,1,4,4,14.0,15.0,-1.0,14.0,15.0,1.0,0.3913,complete_validated_against_result_lap_counts,900ddfcb701b1977f16e33501302742c328980f5ffcccd190d2e433bba0b5681
session_indy_nxt_2026_6761,2026 Grand Prix at Mid-Ohio Race 1,Mid-Ohio Sports Car Course,session_indy_nxt_2026_6761_segment_02,caution_window,5,6,2,15.0,15.0,0.0,15.0,15.0,0,0.3913,complete_validated_against_result_lap_counts,900ddfcb701b1977f16e33501302742c328980f5ffcccd190d2e433bba0b5681
session_indy_nxt_2026_6761,2026 Grand Prix at Mid-Ohio Race 1,Mid-Ohio Sports Car Course,session_indy_nxt_2026_6761_segment_03,restart_window,7,7,1,15.0,15.0,0.0,15.0,15.0,0,0.3913,complete_validated_against_result_lap_counts,900ddfcb701b1977f16e33501302742c328980f5ffcccd190d2e433bba0b5681
session_indy_nxt_2026_6761,2026 Grand Prix at Mid-Ohio Race 1,Mid-Ohio Sports Car Course,session_indy_nxt_2026_6761_segment_04,green_run,8,11,4,15.0,17.0,-2.0,15.0,18.0,4.0,0.2885,complete_validated_against_result_lap_counts,900ddfcb701b1977f16e33501302742c328980f5ffcccd190d2e433bba0b5681
session_indy_nxt_2026_6761,2026 Grand Prix at Mid-Ohio Race 1,Mid-Ohio Sports Car Course,session_indy_nxt_2026_6761_segment_05,caution_window,12,13,2,17.0,17.0,0.0,17.0,17.0,0,0.2727,complete_validated_against_result_lap_counts,900ddfcb701b1977f16e33501302742c328980f5ffcccd190d2e433bba0b5681
session_indy_nxt_2026_6761,2026 Grand Prix at Mid-Ohio Race 1,Mid-Ohio Sports Car Course,session_indy_nxt_2026_6761_segment_06,restart_window,14,14,1,17.0,17.0,0.0,17.0,17.0,0,0.2727,complete_validated_against_result_lap_counts,900ddfcb701b1977f16e33501302742c328980f5ffcccd190d2e433bba0b5681
session_indy_nxt_2026_6761,2026 Grand Prix at Mid-Ohio Race 1,Mid-Ohio Sports Car Course,session_indy_nxt_2026_6761_segment_07,green_run,15,21,7,17.0,16.0,1.0,16.0,17.0,1.0,0.2727,complete_validated_against_result_lap_counts,900ddfcb701b1977f16e33501302742c328980f5ffcccd190d2e433bba0b5681
session_indy_nxt_2026_6761,2026 Grand Prix at Mid-Ohio Race 1,Mid-Ohio Sports Car Course,session_indy_nxt_2026_6761_segment_08,caution_window,22,23,2,16.0,16.0,0.0,16.0,16.0,0,0.3182,complete_validated_against_result_lap_counts,900ddfcb701b1977f16e33501302742c328980f5ffcccd190d2e433bba0b5681
session_indy_nxt_2026_6761,2026 Grand Prix at Mid-Ohio Race 1,Mid-Ohio Sports Car Course,session_indy_nxt_2026_6761_segment_09,restart_window,24,24,1,16.0,16.0,0.0,16.0,16.0,0,0.3182,complete_validated_against_result_lap_counts,900ddfcb701b1977f16e33501302742c328980f5ffcccd190d2e433bba0b5681
session_indy_nxt_2026_6761,2026 Grand Prix at Mid-Ohio Race 1,Mid-Ohio Sports Car Course,session_indy_nxt_2026_6761_segment_10,green_run,25,35,11,16.0,16.0,0.0,16.0,16.0,0,0.3182,complete_validated_against_result_lap_counts,900ddfcb701b1977f16e33501302742c328980f5ffcccd190d2e433bba0b5681
session_indy_nxt_2026_6762,2026 Grand Prix at Road America Race 1,Road America,session_indy_nxt_2026_6762_segment_01,caution_window,1,3,3,16.0,16.0,0.0,16.0,16.0,0,0.3182,complete_validated_against_result_lap_counts,900ddfcb701b1977f16e33501302742c328980f5ffcccd190d2e433bba0b5681
session_indy_nxt_2026_6762,2026 Grand Prix at Road America Race 1,Road America,session_indy_nxt_2026_6762_segment_02,restart_window,4,4,1,16.0,16.0,0.0,16.0,16.0,0,0.3182,complete_validated_against_result_lap_counts,900ddfcb701b1977f16e33501302742c328980f5ffcccd190d2e433bba0b5681
session_indy_nxt_2026_6762,2026 Grand Prix at Road America Race 1,Road America,session_indy_nxt_2026_6762_segment_03,caution_window,5,7,3,16.0,16.0,0.0,16.0,16.0,0,0.2857,complete_validated_against_result_lap_counts,900ddfcb701b1977f16e33501302742c328980f5ffcccd190d2e433bba0b5681
session_indy_nxt_2026_6762,2026 Grand Prix at Road America Race 1,Road America,session_indy_nxt_2026_6762_segment_04,restart_window,8,8,1,16.0,16.0,0.0,16.0,16.0,0,0.2857,complete_validated_against_result_lap_counts,900ddfcb701b1977f16e33501302742c328980f5ffcccd190d2e433bba0b5681
session_indy_nxt_2026_6762,2026 Grand Prix at Road America Race 1,Road America,session_indy_nxt_2026_6762_segment_05,caution_window,9,10,2,21.0,21.0,0.0,21.0,21.0,0,0.0238,complete_validated_against_result_lap_counts,900ddfcb701b1977f16e33501302742c328980f5ffcccd190d2e433bba0b5681
session_indy_nxt_2026_6762,2026 Grand Prix at Road America Race 1,Road America,session_indy_nxt_2026_6762_segment_06,restart_window,11,11,1,21.0,21.0,0.0,21.0,21.0,0,0.0,complete_validated_against_result_lap_counts,900ddfcb701b1977f16e33501302742c328980f5ffcccd190d2e433bba0b5681
session_indy_nxt_2026_6762,2026 Grand Prix at Road America Race 1,Road America,session_indy_nxt_2026_6762_segment_07,green_run,12,20,9,21.0,21.0,0.0,21.0,21.0,0,0.0,complete_validated_against_result_lap_counts,900ddfcb701b1977f16e33501302742c328980f5ffcccd190d2e433bba0b5681
session_indy_nxt_2026_6763,2026 INDY NXT by Firestone at World Wide Technology Raceway,World Wide Technology Raceway,session_indy_nxt_2026_6763_segment_01,green_run,1,4,4,21.0,22.0,-1.0,21.0,22.0,1.0,0.087,complete_validated_against_result_lap_counts,900ddfcb701b1977f16e33501302742c328980f5ffcccd190d2e433bba0b5681
session_indy_nxt_2026_6763,2026 INDY NXT by Firestone at World Wide Technology Raceway,World Wide Technology Raceway,session_indy_nxt_2026_6763_segment_02,caution_window,5,5,1,21.0,21.0,0.0,21.0,21.0,0,0.0909,complete_validated_against_result_lap_counts,900ddfcb701b1977f16e33501302742c328980f5ffcccd190d2e433bba0b5681
session_indy_nxt_2026_6765,2026 Indianapolis Grand Prix Race 2,Indianapolis Motor Speedway Road Course,session_indy_nxt_2026_6765_segment_01,green_run,1,30,30,22.0,12.0,10.0,12.0,22.0,10.0,0.4091,complete_validated_against_result_lap_counts,900ddfcb701b1977f16e33501302742c328980f5ffcccd190d2e433bba0b5681
