sessionId,raceLabel,lapNumber,previousPosition,position,positionDelta,trigger,cautionState,magnitude,sourceHash
session_indy_nxt_2024_6314,2024 Grand Prix of Alabama,2,7.0,5.0,2.0,green_flag_gain,green,2.0,61e7c0e8ca2682cb606c7604b26f433daf6d95c358be5879e2fdbc06135604fd
session_indy_nxt_2024_6314,2024 Grand Prix of Alabama,33,5.0,7.0,-2.0,green_flag_loss,green,2.0,61e7c0e8ca2682cb606c7604b26f433daf6d95c358be5879e2fdbc06135604fd
session_indy_nxt_2024_6314,2024 Grand Prix of Alabama,34,7.0,8.0,-1.0,caution_reorder_loss,caution,1.0,61e7c0e8ca2682cb606c7604b26f433daf6d95c358be5879e2fdbc06135604fd
session_indy_nxt_2024_6315,2024 Indianapolis Grand Prix Race 1,2,12.0,17.0,-5.0,green_flag_loss,green,5.0,61e7c0e8ca2682cb606c7604b26f433daf6d95c358be5879e2fdbc06135604fd
session_indy_nxt_2024_6315,2024 Indianapolis Grand Prix Race 1,4,17.0,16.0,1.0,green_flag_gain,green,1.0,61e7c0e8ca2682cb606c7604b26f433daf6d95c358be5879e2fdbc06135604fd
session_indy_nxt_2024_6315,2024 Indianapolis Grand Prix Race 1,5,16.0,18.0,-2.0,green_flag_loss,green,2.0,61e7c0e8ca2682cb606c7604b26f433daf6d95c358be5879e2fdbc06135604fd
session_indy_nxt_2024_6315,2024 Indianapolis Grand Prix Race 1,6,18.0,19.0,-1.0,green_flag_loss,green,1.0,61e7c0e8ca2682cb606c7604b26f433daf6d95c358be5879e2fdbc06135604fd
session_indy_nxt_2024_6315,2024 Indianapolis Grand Prix Race 1,7,19.0,18.0,1.0,green_flag_gain,green,1.0,61e7c0e8ca2682cb606c7604b26f433daf6d95c358be5879e2fdbc06135604fd
session_indy_nxt_2024_6315,2024 Indianapolis Grand Prix Race 1,13,18.0,17.0,1.0,green_flag_gain,green,1.0,61e7c0e8ca2682cb606c7604b26f433daf6d95c358be5879e2fdbc06135604fd
session_indy_nxt_2024_6315,2024 Indianapolis Grand Prix Race 1,19,17.0,16.0,1.0,green_flag_gain,green,1.0,61e7c0e8ca2682cb606c7604b26f433daf6d95c358be5879e2fdbc06135604fd
session_indy_nxt_2024_6315,2024 Indianapolis Grand Prix Race 1,27,16.0,15.0,1.0,green_flag_gain,green,1.0,61e7c0e8ca2682cb606c7604b26f433daf6d95c358be5879e2fdbc06135604fd
session_indy_nxt_2024_6315,2024 Indianapolis Grand Prix Race 1,31,15.0,14.0,1.0,caution_reorder_gain,caution,1.0,61e7c0e8ca2682cb606c7604b26f433daf6d95c358be5879e2fdbc06135604fd
session_indy_nxt_2024_6316,2024 Grand Prix at Road America,6,6.0,5.0,1.0,green_flag_gain,green,1.0,61e7c0e8ca2682cb606c7604b26f433daf6d95c358be5879e2fdbc06135604fd
session_indy_nxt_2024_6316,2024 Grand Prix at Road America,9,5.0,6.0,-1.0,green_flag_loss,green,1.0,61e7c0e8ca2682cb606c7604b26f433daf6d95c358be5879e2fdbc06135604fd
session_indy_nxt_2024_6316,2024 Grand Prix at Road America,12,6.0,7.0,-1.0,green_flag_loss,green,1.0,61e7c0e8ca2682cb606c7604b26f433daf6d95c358be5879e2fdbc06135604fd
session_indy_nxt_2024_6316,2024 Grand Prix at Road America,18,7.0,6.0,1.0,green_flag_gain,green,1.0,61e7c0e8ca2682cb606c7604b26f433daf6d95c358be5879e2fdbc06135604fd
session_indy_nxt_2024_6316,2024 Grand Prix at Road America,19,6.0,9.0,-3.0,green_flag_loss,green,3.0,61e7c0e8ca2682cb606c7604b26f433daf6d95c358be5879e2fdbc06135604fd
session_indy_nxt_2024_6316,2024 Grand Prix at Road America,20,9.0,8.0,1.0,green_flag_gain,green,1.0,61e7c0e8ca2682cb606c7604b26f433daf6d95c358be5879e2fdbc06135604fd
session_indy_nxt_2024_6317,2024 Grand Prix of Monterey Race 1,6,8.0,7.0,1.0,caution_reorder_gain,caution,1.0,61e7c0e8ca2682cb606c7604b26f433daf6d95c358be5879e2fdbc06135604fd
session_indy_nxt_2024_6317,2024 Grand Prix of Monterey Race 1,20,7.0,18.0,-11.0,green_flag_loss,green,11.0,61e7c0e8ca2682cb606c7604b26f433daf6d95c358be5879e2fdbc06135604fd
session_indy_nxt_2024_6317,2024 Grand Prix of Monterey Race 1,29,18.0,17.0,1.0,green_flag_gain,green,1.0,61e7c0e8ca2682cb606c7604b26f433daf6d95c358be5879e2fdbc06135604fd
session_indy_nxt_2024_6317,2024 Grand Prix of Monterey Race 1,33,17.0,16.0,1.0,green_flag_gain,green,1.0,61e7c0e8ca2682cb606c7604b26f433daf6d95c358be5879e2fdbc06135604fd
session_indy_nxt_2024_6318,2024 Grand Prix at Mid-Ohio,2,18.0,19.0,-1.0,caution_reorder_loss,caution,1.0,61e7c0e8ca2682cb606c7604b26f433daf6d95c358be5879e2fdbc06135604fd
session_indy_nxt_2024_6318,2024 Grand Prix at Mid-Ohio,5,19.0,18.0,1.0,green_flag_gain,green,1.0,61e7c0e8ca2682cb606c7604b26f433daf6d95c358be5879e2fdbc06135604fd
session_indy_nxt_2024_6319,2024 INDY NXT by Firestone at Iowa Speedway,2,9.0,10.0,-1.0,green_flag_loss,green,1.0,61e7c0e8ca2682cb606c7604b26f433daf6d95c358be5879e2fdbc06135604fd
session_indy_nxt_2024_6319,2024 INDY NXT by Firestone at Iowa Speedway,3,10.0,9.0,1.0,green_flag_gain,green,1.0,61e7c0e8ca2682cb606c7604b26f433daf6d95c358be5879e2fdbc06135604fd
session_indy_nxt_2024_6319,2024 INDY NXT by Firestone at Iowa Speedway,8,9.0,10.0,-1.0,green_flag_loss,green,1.0,61e7c0e8ca2682cb606c7604b26f433daf6d95c358be5879e2fdbc06135604fd
session_indy_nxt_2024_6319,2024 INDY NXT by Firestone at Iowa Speedway,10,10.0,11.0,-1.0,green_flag_loss,green,1.0,61e7c0e8ca2682cb606c7604b26f433daf6d95c358be5879e2fdbc06135604fd
session_indy_nxt_2024_6319,2024 INDY NXT by Firestone at Iowa Speedway,13,11.0,9.0,2.0,caution_reorder_gain,caution,2.0,61e7c0e8ca2682cb606c7604b26f433daf6d95c358be5879e2fdbc06135604fd
session_indy_nxt_2024_6319,2024 INDY NXT by Firestone at Iowa Speedway,40,9.0,8.0,1.0,green_flag_gain,green,1.0,61e7c0e8ca2682cb606c7604b26f433daf6d95c358be5879e2fdbc06135604fd
session_indy_nxt_2024_6320,2024 OUTFRONT Showdown,2,14.0,12.0,2.0,caution_reorder_gain,caution,2.0,61e7c0e8ca2682cb606c7604b26f433daf6d95c358be5879e2fdbc06135604fd
session_indy_nxt_2024_6320,2024 OUTFRONT Showdown,7,12.0,10.0,2.0,green_flag_gain,green,2.0,61e7c0e8ca2682cb606c7604b26f433daf6d95c358be5879e2fdbc06135604fd
session_indy_nxt_2024_6320,2024 OUTFRONT Showdown,8,10.0,9.0,1.0,caution_reorder_gain,caution,1.0,61e7c0e8ca2682cb606c7604b26f433daf6d95c358be5879e2fdbc06135604fd
session_indy_nxt_2024_6320,2024 OUTFRONT Showdown,17,9.0,10.0,-1.0,green_flag_loss,green,1.0,61e7c0e8ca2682cb606c7604b26f433daf6d95c358be5879e2fdbc06135604fd
session_indy_nxt_2024_6320,2024 OUTFRONT Showdown,19,10.0,9.0,1.0,green_flag_gain,green,1.0,61e7c0e8ca2682cb606c7604b26f433daf6d95c358be5879e2fdbc06135604fd
session_indy_nxt_2024_6320,2024 OUTFRONT Showdown,61,9.0,8.0,1.0,green_flag_gain,green,1.0,61e7c0e8ca2682cb606c7604b26f433daf6d95c358be5879e2fdbc06135604fd
session_indy_nxt_2024_6320,2024 OUTFRONT Showdown,64,8.0,7.0,1.0,green_flag_gain,green,1.0,61e7c0e8ca2682cb606c7604b26f433daf6d95c358be5879e2fdbc06135604fd
session_indy_nxt_2024_6320,2024 OUTFRONT Showdown,75,7.0,6.0,1.0,green_flag_gain,green,1.0,61e7c0e8ca2682cb606c7604b26f433daf6d95c358be5879e2fdbc06135604fd
session_indy_nxt_2024_6322,2024 INDY NXT By Firestone at The Milwaukee Mile,6,7.0,6.0,1.0,green_flag_gain,green,1.0,61e7c0e8ca2682cb606c7604b26f433daf6d95c358be5879e2fdbc06135604fd
session_indy_nxt_2024_6322,2024 INDY NXT By Firestone at The Milwaukee Mile,34,6.0,5.0,1.0,green_flag_gain,green,1.0,61e7c0e8ca2682cb606c7604b26f433daf6d95c358be5879e2fdbc06135604fd
session_indy_nxt_2024_6322,2024 INDY NXT By Firestone at The Milwaukee Mile,86,5.0,4.0,1.0,green_flag_gain,green,1.0,61e7c0e8ca2682cb606c7604b26f433daf6d95c358be5879e2fdbc06135604fd
session_indy_nxt_2024_6323,2024 Music City Grand Prix,2,11.0,13.0,-2.0,green_flag_loss,green,2.0,61e7c0e8ca2682cb606c7604b26f433daf6d95c358be5879e2fdbc06135604fd
session_indy_nxt_2024_6323,2024 Music City Grand Prix,3,13.0,12.0,1.0,green_flag_gain,green,1.0,61e7c0e8ca2682cb606c7604b26f433daf6d95c358be5879e2fdbc06135604fd
session_indy_nxt_2024_6323,2024 Music City Grand Prix,4,12.0,11.0,1.0,green_flag_gain,green,1.0,61e7c0e8ca2682cb606c7604b26f433daf6d95c358be5879e2fdbc06135604fd
session_indy_nxt_2024_6323,2024 Music City Grand Prix,6,11.0,10.0,1.0,green_flag_gain,green,1.0,61e7c0e8ca2682cb606c7604b26f433daf6d95c358be5879e2fdbc06135604fd
session_indy_nxt_2024_6323,2024 Music City Grand Prix,11,10.0,9.0,1.0,green_flag_gain,green,1.0,61e7c0e8ca2682cb606c7604b26f433daf6d95c358be5879e2fdbc06135604fd
session_indy_nxt_2024_6323,2024 Music City Grand Prix,16,9.0,8.0,1.0,green_flag_gain,green,1.0,61e7c0e8ca2682cb606c7604b26f433daf6d95c358be5879e2fdbc06135604fd
session_indy_nxt_2024_6323,2024 Music City Grand Prix,30,8.0,7.0,1.0,green_flag_gain,green,1.0,61e7c0e8ca2682cb606c7604b26f433daf6d95c358be5879e2fdbc06135604fd
session_indy_nxt_2024_6323,2024 Music City Grand Prix,38,7.0,6.0,1.0,green_flag_gain,green,1.0,61e7c0e8ca2682cb606c7604b26f433daf6d95c358be5879e2fdbc06135604fd
session_indy_nxt_2024_6323,2024 Music City Grand Prix,61,6.0,7.0,-1.0,green_flag_loss,green,1.0,61e7c0e8ca2682cb606c7604b26f433daf6d95c358be5879e2fdbc06135604fd
session_indy_nxt_2024_6324,2024 Grand Prix of St. Petersburg,3,7.0,8.0,-1.0,green_flag_loss,green,1.0,61e7c0e8ca2682cb606c7604b26f433daf6d95c358be5879e2fdbc06135604fd
session_indy_nxt_2024_6324,2024 Grand Prix of St. Petersburg,5,8.0,7.0,1.0,green_flag_gain,green,1.0,61e7c0e8ca2682cb606c7604b26f433daf6d95c358be5879e2fdbc06135604fd
session_indy_nxt_2024_6324,2024 Grand Prix of St. Petersburg,30,7.0,6.0,1.0,green_flag_gain,green,1.0,61e7c0e8ca2682cb606c7604b26f433daf6d95c358be5879e2fdbc06135604fd
session_indy_nxt_2024_6325,2024 Indianapolis Grand Prix Race 2,3,16.0,15.0,1.0,green_flag_gain,green,1.0,61e7c0e8ca2682cb606c7604b26f433daf6d95c358be5879e2fdbc06135604fd
session_indy_nxt_2024_6325,2024 Indianapolis Grand Prix Race 2,4,15.0,14.0,1.0,green_flag_gain,green,1.0,61e7c0e8ca2682cb606c7604b26f433daf6d95c358be5879e2fdbc06135604fd
session_indy_nxt_2024_6325,2024 Indianapolis Grand Prix Race 2,5,14.0,20.0,-6.0,green_flag_loss,green,6.0,61e7c0e8ca2682cb606c7604b26f433daf6d95c358be5879e2fdbc06135604fd
session_indy_nxt_2024_6325,2024 Indianapolis Grand Prix Race 2,27,20.0,19.0,1.0,green_flag_gain,green,1.0,61e7c0e8ca2682cb606c7604b26f433daf6d95c358be5879e2fdbc06135604fd
session_indy_nxt_2024_6327,2024 Grand Prix of Monterey Race 2,27,5.0,3.0,2.0,green_flag_gain,green,2.0,61e7c0e8ca2682cb606c7604b26f433daf6d95c358be5879e2fdbc06135604fd
session_indy_nxt_2025_6442,2025 Grand Prix of Monterey Race 1,27,9.0,8.0,1.0,green_flag_gain,green,1.0,61e7c0e8ca2682cb606c7604b26f433daf6d95c358be5879e2fdbc06135604fd
session_indy_nxt_2025_6442,2025 Grand Prix of Monterey Race 1,32,8.0,7.0,1.0,green_flag_gain,green,1.0,61e7c0e8ca2682cb606c7604b26f433daf6d95c358be5879e2fdbc06135604fd
session_indy_nxt_2025_6442,2025 Grand Prix of Monterey Race 1,34,7.0,9.0,-2.0,green_flag_loss,green,2.0,61e7c0e8ca2682cb606c7604b26f433daf6d95c358be5879e2fdbc06135604fd
session_indy_nxt_2025_6442,2025 Grand Prix of Monterey Race 1,35,9.0,10.0,-1.0,green_flag_loss,green,1.0,61e7c0e8ca2682cb606c7604b26f433daf6d95c358be5879e2fdbc06135604fd
session_indy_nxt_2025_6443,2025 Indianapolis Grand Prix Race 2,3,20.0,17.0,3.0,caution_reorder_gain,caution,3.0,61e7c0e8ca2682cb606c7604b26f433daf6d95c358be5879e2fdbc06135604fd
session_indy_nxt_2025_6443,2025 Indianapolis Grand Prix Race 2,7,17.0,16.0,1.0,green_flag_gain,green,1.0,61e7c0e8ca2682cb606c7604b26f433daf6d95c358be5879e2fdbc06135604fd
session_indy_nxt_2025_6443,2025 Indianapolis Grand Prix Race 2,12,16.0,15.0,1.0,green_flag_gain,green,1.0,61e7c0e8ca2682cb606c7604b26f433daf6d95c358be5879e2fdbc06135604fd
session_indy_nxt_2025_6443,2025 Indianapolis Grand Prix Race 2,13,15.0,18.0,-3.0,green_flag_loss,green,3.0,61e7c0e8ca2682cb606c7604b26f433daf6d95c358be5879e2fdbc06135604fd
session_indy_nxt_2025_6443,2025 Indianapolis Grand Prix Race 2,18,18.0,17.0,1.0,green_flag_gain,green,1.0,61e7c0e8ca2682cb606c7604b26f433daf6d95c358be5879e2fdbc06135604fd
session_indy_nxt_2025_6443,2025 Indianapolis Grand Prix Race 2,23,17.0,16.0,1.0,green_flag_gain,green,1.0,61e7c0e8ca2682cb606c7604b26f433daf6d95c358be5879e2fdbc06135604fd
session_indy_nxt_2025_6443,2025 Indianapolis Grand Prix Race 2,33,16.0,15.0,1.0,green_flag_gain,green,1.0,61e7c0e8ca2682cb606c7604b26f433daf6d95c358be5879e2fdbc06135604fd
session_indy_nxt_2025_6444,2025 Indianapolis Grand Prix Race 1,2,16.0,15.0,1.0,green_flag_gain,green,1.0,61e7c0e8ca2682cb606c7604b26f433daf6d95c358be5879e2fdbc06135604fd
session_indy_nxt_2025_6444,2025 Indianapolis Grand Prix Race 1,3,15.0,14.0,1.0,green_flag_gain,green,1.0,61e7c0e8ca2682cb606c7604b26f433daf6d95c358be5879e2fdbc06135604fd
session_indy_nxt_2025_6444,2025 Indianapolis Grand Prix Race 1,5,14.0,16.0,-2.0,green_flag_loss,green,2.0,61e7c0e8ca2682cb606c7604b26f433daf6d95c358be5879e2fdbc06135604fd
session_indy_nxt_2025_6444,2025 Indianapolis Grand Prix Race 1,14,16.0,14.0,2.0,green_flag_gain,green,2.0,61e7c0e8ca2682cb606c7604b26f433daf6d95c358be5879e2fdbc06135604fd
session_indy_nxt_2025_6444,2025 Indianapolis Grand Prix Race 1,28,14.0,13.0,1.0,green_flag_gain,green,1.0,61e7c0e8ca2682cb606c7604b26f433daf6d95c358be5879e2fdbc06135604fd
session_indy_nxt_2025_6444,2025 Indianapolis Grand Prix Race 1,29,13.0,12.0,1.0,caution_reorder_gain,caution,1.0,61e7c0e8ca2682cb606c7604b26f433daf6d95c358be5879e2fdbc06135604fd
session_indy_nxt_2025_6444,2025 Indianapolis Grand Prix Race 1,33,12.0,15.0,-3.0,green_flag_loss,green,3.0,61e7c0e8ca2682cb606c7604b26f433daf6d95c358be5879e2fdbc06135604fd
session_indy_nxt_2025_6445,2025 Grand Prix of Alabama,11,8.0,16.0,-8.0,caution_reorder_loss,caution,8.0,61e7c0e8ca2682cb606c7604b26f433daf6d95c358be5879e2fdbc06135604fd
session_indy_nxt_2025_6445,2025 Grand Prix of Alabama,15,16.0,17.0,-1.0,green_flag_loss,green,1.0,61e7c0e8ca2682cb606c7604b26f433daf6d95c358be5879e2fdbc06135604fd
session_indy_nxt_2025_6445,2025 Grand Prix of Alabama,18,17.0,16.0,1.0,green_flag_gain,green,1.0,61e7c0e8ca2682cb606c7604b26f433daf6d95c358be5879e2fdbc06135604fd
session_indy_nxt_2025_6445,2025 Grand Prix of Alabama,24,16.0,15.0,1.0,green_flag_gain,green,1.0,61e7c0e8ca2682cb606c7604b26f433daf6d95c358be5879e2fdbc06135604fd
session_indy_nxt_2025_6446,2025 Grand Prix of St. Petersburg,20,16.0,15.0,1.0,green_flag_gain,green,1.0,61e7c0e8ca2682cb606c7604b26f433daf6d95c358be5879e2fdbc06135604fd
session_indy_nxt_2025_6446,2025 Grand Prix of St. Petersburg,21,15.0,14.0,1.0,green_flag_gain,green,1.0,61e7c0e8ca2682cb606c7604b26f433daf6d95c358be5879e2fdbc06135604fd
session_indy_nxt_2025_6446,2025 Grand Prix of St. Petersburg,27,14.0,15.0,-1.0,green_flag_loss,green,1.0,61e7c0e8ca2682cb606c7604b26f433daf6d95c358be5879e2fdbc06135604fd
session_indy_nxt_2025_6446,2025 Grand Prix of St. Petersburg,31,15.0,14.0,1.0,green_flag_gain,green,1.0,61e7c0e8ca2682cb606c7604b26f433daf6d95c358be5879e2fdbc06135604fd
session_indy_nxt_2025_6446,2025 Grand Prix of St. Petersburg,42,14.0,13.0,1.0,caution_reorder_gain,caution,1.0,61e7c0e8ca2682cb606c7604b26f433daf6d95c358be5879e2fdbc06135604fd
session_indy_nxt_2025_6447,2025 Music City Grand Prix,2,6.0,7.0,-1.0,green_flag_loss,green,1.0,61e7c0e8ca2682cb606c7604b26f433daf6d95c358be5879e2fdbc06135604fd
session_indy_nxt_2025_6447,2025 Music City Grand Prix,31,7.0,6.0,1.0,green_flag_gain,green,1.0,61e7c0e8ca2682cb606c7604b26f433daf6d95c358be5879e2fdbc06135604fd
session_indy_nxt_2025_6448,2025 INDY NXT by Firestone at the Milwaukee Mile,2,7.0,8.0,-1.0,green_flag_loss,green,1.0,61e7c0e8ca2682cb606c7604b26f433daf6d95c358be5879e2fdbc06135604fd
session_indy_nxt_2025_6448,2025 INDY NXT by Firestone at the Milwaukee Mile,11,8.0,9.0,-1.0,green_flag_loss,green,1.0,61e7c0e8ca2682cb606c7604b26f433daf6d95c358be5879e2fdbc06135604fd
session_indy_nxt_2025_6448,2025 INDY NXT by Firestone at the Milwaukee Mile,40,9.0,8.0,1.0,green_flag_gain,green,1.0,61e7c0e8ca2682cb606c7604b26f433daf6d95c358be5879e2fdbc06135604fd
session_indy_nxt_2025_6448,2025 INDY NXT by Firestone at the Milwaukee Mile,53,8.0,7.0,1.0,restart_gain,restart_lap,1.0,61e7c0e8ca2682cb606c7604b26f433daf6d95c358be5879e2fdbc06135604fd
session_indy_nxt_2025_6448,2025 INDY NXT by Firestone at the Milwaukee Mile,54,7.0,6.0,1.0,green_flag_gain,green,1.0,61e7c0e8ca2682cb606c7604b26f433daf6d95c358be5879e2fdbc06135604fd
session_indy_nxt_2025_6448,2025 INDY NXT by Firestone at the Milwaukee Mile,55,6.0,5.0,1.0,green_flag_gain,green,1.0,61e7c0e8ca2682cb606c7604b26f433daf6d95c358be5879e2fdbc06135604fd
session_indy_nxt_2025_6451,2025 INDY NXT by Firestone at Iowa Speedway,2,14.0,13.0,1.0,green_flag_gain,green,1.0,61e7c0e8ca2682cb606c7604b26f433daf6d95c358be5879e2fdbc06135604fd
session_indy_nxt_2025_6451,2025 INDY NXT by Firestone at Iowa Speedway,12,13.0,12.0,1.0,green_flag_gain,green,1.0,61e7c0e8ca2682cb606c7604b26f433daf6d95c358be5879e2fdbc06135604fd
session_indy_nxt_2025_6451,2025 INDY NXT by Firestone at Iowa Speedway,25,12.0,11.0,1.0,green_flag_gain,green,1.0,61e7c0e8ca2682cb606c7604b26f433daf6d95c358be5879e2fdbc06135604fd
session_indy_nxt_2025_6451,2025 INDY NXT by Firestone at Iowa Speedway,29,11.0,10.0,1.0,caution_reorder_gain,caution,1.0,61e7c0e8ca2682cb606c7604b26f433daf6d95c358be5879e2fdbc06135604fd
session_indy_nxt_2025_6451,2025 INDY NXT by Firestone at Iowa Speedway,34,10.0,9.0,1.0,caution_reorder_gain,caution,1.0,61e7c0e8ca2682cb606c7604b26f433daf6d95c358be5879e2fdbc06135604fd
session_indy_nxt_2025_6451,2025 INDY NXT by Firestone at Iowa Speedway,36,9.0,10.0,-1.0,caution_reorder_loss,caution,1.0,61e7c0e8ca2682cb606c7604b26f433daf6d95c358be5879e2fdbc06135604fd
session_indy_nxt_2025_6451,2025 INDY NXT by Firestone at Iowa Speedway,40,10.0,9.0,1.0,green_flag_gain,green,1.0,61e7c0e8ca2682cb606c7604b26f433daf6d95c358be5879e2fdbc06135604fd
session_indy_nxt_2025_6452,2025 Grand Prix at Mid-Ohio,3,9.0,11.0,-2.0,green_flag_loss,green,2.0,61e7c0e8ca2682cb606c7604b26f433daf6d95c358be5879e2fdbc06135604fd
session_indy_nxt_2025_6452,2025 Grand Prix at Mid-Ohio,10,11.0,12.0,-1.0,green_flag_loss,green,1.0,61e7c0e8ca2682cb606c7604b26f433daf6d95c358be5879e2fdbc06135604fd
session_indy_nxt_2025_6453,2025 Grand Prix at Road America,2,10.0,9.0,1.0,green_flag_gain,green,1.0,61e7c0e8ca2682cb606c7604b26f433daf6d95c358be5879e2fdbc06135604fd
session_indy_nxt_2025_6454,2025 INDY NXT by Firestone at World Wide Technology Raceway,3,14.0,13.0,1.0,green_flag_gain,green,1.0,61e7c0e8ca2682cb606c7604b26f433daf6d95c358be5879e2fdbc06135604fd
session_indy_nxt_2025_6454,2025 INDY NXT by Firestone at World Wide Technology Raceway,18,13.0,14.0,-1.0,green_flag_loss,green,1.0,61e7c0e8ca2682cb606c7604b26f433daf6d95c358be5879e2fdbc06135604fd
session_indy_nxt_2025_6455,2025 Detroit Grand Prix,2,11.0,10.0,1.0,caution_reorder_gain,caution,1.0,61e7c0e8ca2682cb606c7604b26f433daf6d95c358be5879e2fdbc06135604fd
session_indy_nxt_2025_6455,2025 Detroit Grand Prix,4,10.0,9.0,1.0,green_flag_gain,green,1.0,61e7c0e8ca2682cb606c7604b26f433daf6d95c358be5879e2fdbc06135604fd
session_indy_nxt_2025_6455,2025 Detroit Grand Prix,23,9.0,11.0,-2.0,green_flag_loss,green,2.0,61e7c0e8ca2682cb606c7604b26f433daf6d95c358be5879e2fdbc06135604fd
session_indy_nxt_2025_6455,2025 Detroit Grand Prix,24,11.0,10.0,1.0,green_flag_gain,green,1.0,61e7c0e8ca2682cb606c7604b26f433daf6d95c358be5879e2fdbc06135604fd
session_indy_nxt_2025_6455,2025 Detroit Grand Prix,29,10.0,11.0,-1.0,green_flag_loss,green,1.0,61e7c0e8ca2682cb606c7604b26f433daf6d95c358be5879e2fdbc06135604fd
session_indy_nxt_2025_6455,2025 Detroit Grand Prix,30,11.0,12.0,-1.0,green_flag_loss,green,1.0,61e7c0e8ca2682cb606c7604b26f433daf6d95c358be5879e2fdbc06135604fd
session_indy_nxt_2025_6455,2025 Detroit Grand Prix,41,12.0,11.0,1.0,caution_reorder_gain,caution,1.0,61e7c0e8ca2682cb606c7604b26f433daf6d95c358be5879e2fdbc06135604fd
session_indy_nxt_2025_6455,2025 Detroit Grand Prix,43,11.0,10.0,1.0,caution_reorder_gain,caution,1.0,61e7c0e8ca2682cb606c7604b26f433daf6d95c358be5879e2fdbc06135604fd
session_indy_nxt_2026_6749,2026 Detroit Grand Prix,2,7.0,8.0,-1.0,caution_reorder_loss,caution,1.0,61e7c0e8ca2682cb606c7604b26f433daf6d95c358be5879e2fdbc06135604fd
session_indy_nxt_2026_6749,2026 Detroit Grand Prix,10,8.0,7.0,1.0,green_flag_gain,green,1.0,61e7c0e8ca2682cb606c7604b26f433daf6d95c358be5879e2fdbc06135604fd
session_indy_nxt_2026_6749,2026 Detroit Grand Prix,22,7.0,6.0,1.0,green_flag_gain,green,1.0,61e7c0e8ca2682cb606c7604b26f433daf6d95c358be5879e2fdbc06135604fd
session_indy_nxt_2026_6749,2026 Detroit Grand Prix,37,6.0,7.0,-1.0,green_flag_loss,green,1.0,61e7c0e8ca2682cb606c7604b26f433daf6d95c358be5879e2fdbc06135604fd
session_indy_nxt_2026_6749,2026 Detroit Grand Prix,38,7.0,9.0,-2.0,green_flag_loss,green,2.0,61e7c0e8ca2682cb606c7604b26f433daf6d95c358be5879e2fdbc06135604fd
session_indy_nxt_2026_6749,2026 Detroit Grand Prix,40,9.0,8.0,1.0,caution_reorder_gain,caution,1.0,61e7c0e8ca2682cb606c7604b26f433daf6d95c358be5879e2fdbc06135604fd
session_indy_nxt_2026_6750,2026 Grand Prix of Alabama Race 1,5,7.0,10.0,-3.0,green_flag_loss,green,3.0,61e7c0e8ca2682cb606c7604b26f433daf6d95c358be5879e2fdbc06135604fd
session_indy_nxt_2026_6750,2026 Grand Prix of Alabama Race 1,27,10.0,9.0,1.0,green_flag_gain,green,1.0,61e7c0e8ca2682cb606c7604b26f433daf6d95c358be5879e2fdbc06135604fd
session_indy_nxt_2026_6750,2026 Grand Prix of Alabama Race 1,31,9.0,8.0,1.0,green_flag_gain,green,1.0,61e7c0e8ca2682cb606c7604b26f433daf6d95c358be5879e2fdbc06135604fd
session_indy_nxt_2026_6751,2026 Grand Prix of St. Petersburg,10,17.0,18.0,-1.0,green_flag_loss,green,1.0,61e7c0e8ca2682cb606c7604b26f433daf6d95c358be5879e2fdbc06135604fd
session_indy_nxt_2026_6751,2026 Grand Prix of St. Petersburg,16,18.0,17.0,1.0,green_flag_gain,green,1.0,61e7c0e8ca2682cb606c7604b26f433daf6d95c358be5879e2fdbc06135604fd
session_indy_nxt_2026_6751,2026 Grand Prix of St. Petersburg,17,17.0,16.0,1.0,caution_reorder_gain,caution,1.0,61e7c0e8ca2682cb606c7604b26f433daf6d95c358be5879e2fdbc06135604fd
session_indy_nxt_2026_6751,2026 Grand Prix of St. Petersburg,20,16.0,17.0,-1.0,restart_loss,restart_lap,1.0,61e7c0e8ca2682cb606c7604b26f433daf6d95c358be5879e2fdbc06135604fd
session_indy_nxt_2026_6751,2026 Grand Prix of St. Petersburg,21,17.0,18.0,-1.0,caution_reorder_loss,caution,1.0,61e7c0e8ca2682cb606c7604b26f433daf6d95c358be5879e2fdbc06135604fd
session_indy_nxt_2026_6751,2026 Grand Prix of St. Petersburg,22,18.0,17.0,1.0,caution_reorder_gain,caution,1.0,61e7c0e8ca2682cb606c7604b26f433daf6d95c358be5879e2fdbc06135604fd
session_indy_nxt_2026_6751,2026 Grand Prix of St. Petersburg,23,17.0,16.0,1.0,caution_reorder_gain,caution,1.0,61e7c0e8ca2682cb606c7604b26f433daf6d95c358be5879e2fdbc06135604fd
session_indy_nxt_2026_6751,2026 Grand Prix of St. Petersburg,26,16.0,18.0,-2.0,green_flag_loss,green,2.0,61e7c0e8ca2682cb606c7604b26f433daf6d95c358be5879e2fdbc06135604fd
session_indy_nxt_2026_6753,2026 Grand Prix of Arlington,2,20.0,19.0,1.0,caution_reorder_gain,caution,1.0,61e7c0e8ca2682cb606c7604b26f433daf6d95c358be5879e2fdbc06135604fd
session_indy_nxt_2026_6753,2026 Grand Prix of Arlington,6,19.0,20.0,-1.0,green_flag_loss,green,1.0,61e7c0e8ca2682cb606c7604b26f433daf6d95c358be5879e2fdbc06135604fd
session_indy_nxt_2026_6753,2026 Grand Prix of Arlington,7,20.0,21.0,-1.0,green_flag_loss,green,1.0,61e7c0e8ca2682cb606c7604b26f433daf6d95c358be5879e2fdbc06135604fd
session_indy_nxt_2026_6753,2026 Grand Prix of Arlington,10,21.0,20.0,1.0,green_flag_gain,green,1.0,61e7c0e8ca2682cb606c7604b26f433daf6d95c358be5879e2fdbc06135604fd
session_indy_nxt_2026_6753,2026 Grand Prix of Arlington,15,20.0,18.0,2.0,green_flag_gain,green,2.0,61e7c0e8ca2682cb606c7604b26f433daf6d95c358be5879e2fdbc06135604fd
session_indy_nxt_2026_6754,2026 Grand Prix at Road America Race 2,3,12.0,11.0,1.0,green_flag_gain,green,1.0,61e7c0e8ca2682cb606c7604b26f433daf6d95c358be5879e2fdbc06135604fd
session_indy_nxt_2026_6754,2026 Grand Prix at Road America Race 2,8,11.0,15.0,-4.0,green_flag_loss,green,4.0,61e7c0e8ca2682cb606c7604b26f433daf6d95c358be5879e2fdbc06135604fd
session_indy_nxt_2026_6754,2026 Grand Prix at Road America Race 2,10,15.0,14.0,1.0,green_flag_gain,green,1.0,61e7c0e8ca2682cb606c7604b26f433daf6d95c358be5879e2fdbc06135604fd
session_indy_nxt_2026_6754,2026 Grand Prix at Road America Race 2,15,14.0,13.0,1.0,caution_reorder_gain,caution,1.0,61e7c0e8ca2682cb606c7604b26f433daf6d95c358be5879e2fdbc06135604fd
session_indy_nxt_2026_6754,2026 Grand Prix at Road America Race 2,18,13.0,11.0,2.0,green_flag_gain,green,2.0,61e7c0e8ca2682cb606c7604b26f433daf6d95c358be5879e2fdbc06135604fd
session_indy_nxt_2026_6755,2026 Music City Grand Prix,3,5.0,6.0,-1.0,green_flag_loss,green,1.0,61e7c0e8ca2682cb606c7604b26f433daf6d95c358be5879e2fdbc06135604fd
session_indy_nxt_2026_6755,2026 Music City Grand Prix,4,6.0,5.0,1.0,green_flag_gain,green,1.0,61e7c0e8ca2682cb606c7604b26f433daf6d95c358be5879e2fdbc06135604fd
session_indy_nxt_2026_6755,2026 Music City Grand Prix,7,5.0,6.0,-1.0,caution_reorder_loss,caution,1.0,61e7c0e8ca2682cb606c7604b26f433daf6d95c358be5879e2fdbc06135604fd
session_indy_nxt_2026_6755,2026 Music City Grand Prix,15,6.0,7.0,-1.0,green_flag_loss,green,1.0,61e7c0e8ca2682cb606c7604b26f433daf6d95c358be5879e2fdbc06135604fd
session_indy_nxt_2026_6755,2026 Music City Grand Prix,16,7.0,9.0,-2.0,green_flag_loss,green,2.0,61e7c0e8ca2682cb606c7604b26f433daf6d95c358be5879e2fdbc06135604fd
session_indy_nxt_2026_6755,2026 Music City Grand Prix,41,9.0,10.0,-1.0,green_flag_loss,green,1.0,61e7c0e8ca2682cb606c7604b26f433daf6d95c358be5879e2fdbc06135604fd
session_indy_nxt_2026_6756,2026 Indianapolis Grand Prix Race 1,2,14.0,13.0,1.0,green_flag_gain,green,1.0,61e7c0e8ca2682cb606c7604b26f433daf6d95c358be5879e2fdbc06135604fd
session_indy_nxt_2026_6756,2026 Indianapolis Grand Prix Race 1,12,13.0,16.0,-3.0,caution_reorder_loss,caution,3.0,61e7c0e8ca2682cb606c7604b26f433daf6d95c358be5879e2fdbc06135604fd
session_indy_nxt_2026_6756,2026 Indianapolis Grand Prix Race 1,13,16.0,13.0,3.0,caution_reorder_gain,caution,3.0,61e7c0e8ca2682cb606c7604b26f433daf6d95c358be5879e2fdbc06135604fd
session_indy_nxt_2026_6756,2026 Indianapolis Grand Prix Race 1,17,13.0,10.0,3.0,green_flag_gain,green,3.0,61e7c0e8ca2682cb606c7604b26f433daf6d95c358be5879e2fdbc06135604fd
session_indy_nxt_2026_6756,2026 Indianapolis Grand Prix Race 1,19,10.0,11.0,-1.0,green_flag_loss,green,1.0,61e7c0e8ca2682cb606c7604b26f433daf6d95c358be5879e2fdbc06135604fd
session_indy_nxt_2026_6756,2026 Indianapolis Grand Prix Race 1,20,11.0,12.0,-1.0,green_flag_loss,green,1.0,61e7c0e8ca2682cb606c7604b26f433daf6d95c358be5879e2fdbc06135604fd
session_indy_nxt_2026_6756,2026 Indianapolis Grand Prix Race 1,22,12.0,11.0,1.0,green_flag_gain,green,1.0,61e7c0e8ca2682cb606c7604b26f433daf6d95c358be5879e2fdbc06135604fd
session_indy_nxt_2026_6756,2026 Indianapolis Grand Prix Race 1,28,11.0,22.0,-11.0,green_flag_loss,green,11.0,61e7c0e8ca2682cb606c7604b26f433daf6d95c358be5879e2fdbc06135604fd
session_indy_nxt_2026_6757,2026 INDY NXT by Firestone at Milwaukee Mile,2,14.0,15.0,-1.0,green_flag_loss,green,1.0,61e7c0e8ca2682cb606c7604b26f433daf6d95c358be5879e2fdbc06135604fd
session_indy_nxt_2026_6757,2026 INDY NXT by Firestone at Milwaukee Mile,37,15.0,14.0,1.0,green_flag_gain,green,1.0,61e7c0e8ca2682cb606c7604b26f433daf6d95c358be5879e2fdbc06135604fd
session_indy_nxt_2026_6757,2026 INDY NXT by Firestone at Milwaukee Mile,54,14.0,13.0,1.0,caution_reorder_gain,caution,1.0,61e7c0e8ca2682cb606c7604b26f433daf6d95c358be5879e2fdbc06135604fd
session_indy_nxt_2026_6757,2026 INDY NXT by Firestone at Milwaukee Mile,65,13.0,12.0,1.0,green_flag_gain,green,1.0,61e7c0e8ca2682cb606c7604b26f433daf6d95c358be5879e2fdbc06135604fd
session_indy_nxt_2026_6757,2026 INDY NXT by Firestone at Milwaukee Mile,66,12.0,11.0,1.0,green_flag_gain,green,1.0,61e7c0e8ca2682cb606c7604b26f433daf6d95c358be5879e2fdbc06135604fd
session_indy_nxt_2026_6757,2026 INDY NXT by Firestone at Milwaukee Mile,69,11.0,10.0,1.0,caution_reorder_gain,caution,1.0,61e7c0e8ca2682cb606c7604b26f433daf6d95c358be5879e2fdbc06135604fd
session_indy_nxt_2026_6757,2026 INDY NXT by Firestone at Milwaukee Mile,73,10.0,9.0,1.0,restart_gain,restart_lap,1.0,61e7c0e8ca2682cb606c7604b26f433daf6d95c358be5879e2fdbc06135604fd
session_indy_nxt_2026_6757,2026 INDY NXT by Firestone at Milwaukee Mile,74,9.0,8.0,1.0,green_flag_gain,green,1.0,61e7c0e8ca2682cb606c7604b26f433daf6d95c358be5879e2fdbc06135604fd
session_indy_nxt_2026_6757,2026 INDY NXT by Firestone at Milwaukee Mile,75,8.0,7.0,1.0,green_flag_gain,green,1.0,61e7c0e8ca2682cb606c7604b26f433daf6d95c358be5879e2fdbc06135604fd
session_indy_nxt_2026_6757,2026 INDY NXT by Firestone at Milwaukee Mile,82,7.0,8.0,-1.0,restart_loss,restart_lap,1.0,61e7c0e8ca2682cb606c7604b26f433daf6d95c358be5879e2fdbc06135604fd
session_indy_nxt_2026_6757,2026 INDY NXT by Firestone at Milwaukee Mile,83,8.0,7.0,1.0,caution_reorder_gain,caution,1.0,61e7c0e8ca2682cb606c7604b26f433daf6d95c358be5879e2fdbc06135604fd
session_indy_nxt_2026_6757,2026 INDY NXT by Firestone at Milwaukee Mile,90,7.0,8.0,-1.0,green_flag_loss,green,1.0,61e7c0e8ca2682cb606c7604b26f433daf6d95c358be5879e2fdbc06135604fd
session_indy_nxt_2026_6758,2026 Grand Prix of Monterey Race 2,8,7.0,8.0,-1.0,green_flag_loss,green,1.0,61e7c0e8ca2682cb606c7604b26f433daf6d95c358be5879e2fdbc06135604fd
session_indy_nxt_2026_6758,2026 Grand Prix of Monterey Race 2,9,8.0,9.0,-1.0,green_flag_loss,green,1.0,61e7c0e8ca2682cb606c7604b26f433daf6d95c358be5879e2fdbc06135604fd
session_indy_nxt_2026_6760,2026 Grand Prix at Mid-Ohio Race 2,2,16.0,15.0,1.0,green_flag_gain,green,1.0,61e7c0e8ca2682cb606c7604b26f433daf6d95c358be5879e2fdbc06135604fd
session_indy_nxt_2026_6760,2026 Grand Prix at Mid-Ohio Race 2,26,15.0,14.0,1.0,green_flag_gain,green,1.0,61e7c0e8ca2682cb606c7604b26f433daf6d95c358be5879e2fdbc06135604fd
session_indy_nxt_2026_6761,2026 Grand Prix at Mid-Ohio Race 1,2,14.0,15.0,-1.0,green_flag_loss,green,1.0,61e7c0e8ca2682cb606c7604b26f433daf6d95c358be5879e2fdbc06135604fd
session_indy_nxt_2026_6761,2026 Grand Prix at Mid-Ohio Race 1,9,15.0,17.0,-2.0,green_flag_loss,green,2.0,61e7c0e8ca2682cb606c7604b26f433daf6d95c358be5879e2fdbc06135604fd
session_indy_nxt_2026_6761,2026 Grand Prix at Mid-Ohio Race 1,10,17.0,18.0,-1.0,green_flag_loss,green,1.0,61e7c0e8ca2682cb606c7604b26f433daf6d95c358be5879e2fdbc06135604fd
session_indy_nxt_2026_6761,2026 Grand Prix at Mid-Ohio Race 1,11,18.0,17.0,1.0,green_flag_gain,green,1.0,61e7c0e8ca2682cb606c7604b26f433daf6d95c358be5879e2fdbc06135604fd
session_indy_nxt_2026_6761,2026 Grand Prix at Mid-Ohio Race 1,21,17.0,16.0,1.0,green_flag_gain,green,1.0,61e7c0e8ca2682cb606c7604b26f433daf6d95c358be5879e2fdbc06135604fd
session_indy_nxt_2026_6762,2026 Grand Prix at Road America Race 1,9,16.0,21.0,-5.0,caution_reorder_loss,caution,5.0,61e7c0e8ca2682cb606c7604b26f433daf6d95c358be5879e2fdbc06135604fd
session_indy_nxt_2026_6763,2026 INDY NXT by Firestone at World Wide Technology Raceway,2,21.0,22.0,-1.0,green_flag_loss,green,1.0,61e7c0e8ca2682cb606c7604b26f433daf6d95c358be5879e2fdbc06135604fd
session_indy_nxt_2026_6763,2026 INDY NXT by Firestone at World Wide Technology Raceway,5,22.0,21.0,1.0,caution_reorder_gain,caution,1.0,61e7c0e8ca2682cb606c7604b26f433daf6d95c358be5879e2fdbc06135604fd
session_indy_nxt_2026_6764,2026 Grand Prix of Portland,2,22.0,21.0,1.0,green_flag_gain,green,1.0,61e7c0e8ca2682cb606c7604b26f433daf6d95c358be5879e2fdbc06135604fd
session_indy_nxt_2026_6764,2026 Grand Prix of Portland,4,21.0,20.0,1.0,caution_reorder_gain,caution,1.0,61e7c0e8ca2682cb606c7604b26f433daf6d95c358be5879e2fdbc06135604fd
session_indy_nxt_2026_6764,2026 Grand Prix of Portland,7,20.0,19.0,1.0,green_flag_gain,green,1.0,61e7c0e8ca2682cb606c7604b26f433daf6d95c358be5879e2fdbc06135604fd
session_indy_nxt_2026_6764,2026 Grand Prix of Portland,11,19.0,17.0,2.0,green_flag_gain,green,2.0,61e7c0e8ca2682cb606c7604b26f433daf6d95c358be5879e2fdbc06135604fd
session_indy_nxt_2026_6764,2026 Grand Prix of Portland,13,17.0,16.0,1.0,green_flag_gain,green,1.0,61e7c0e8ca2682cb606c7604b26f433daf6d95c358be5879e2fdbc06135604fd
session_indy_nxt_2026_6765,2026 Indianapolis Grand Prix Race 2,2,22.0,19.0,3.0,green_flag_gain,green,3.0,61e7c0e8ca2682cb606c7604b26f433daf6d95c358be5879e2fdbc06135604fd
session_indy_nxt_2026_6765,2026 Indianapolis Grand Prix Race 2,3,19.0,17.0,2.0,green_flag_gain,green,2.0,61e7c0e8ca2682cb606c7604b26f433daf6d95c358be5879e2fdbc06135604fd
session_indy_nxt_2026_6765,2026 Indianapolis Grand Prix Race 2,9,17.0,16.0,1.0,green_flag_gain,green,1.0,61e7c0e8ca2682cb606c7604b26f433daf6d95c358be5879e2fdbc06135604fd
session_indy_nxt_2026_6765,2026 Indianapolis Grand Prix Race 2,11,16.0,14.0,2.0,green_flag_gain,green,2.0,61e7c0e8ca2682cb606c7604b26f433daf6d95c358be5879e2fdbc06135604fd
session_indy_nxt_2026_6765,2026 Indianapolis Grand Prix Race 2,17,14.0,13.0,1.0,green_flag_gain,green,1.0,61e7c0e8ca2682cb606c7604b26f433daf6d95c358be5879e2fdbc06135604fd
session_indy_nxt_2026_6765,2026 Indianapolis Grand Prix Race 2,28,13.0,12.0,1.0,green_flag_gain,green,1.0,61e7c0e8ca2682cb606c7604b26f433daf6d95c358be5879e2fdbc06135604fd
