id,seasonYear,date,venueName,source,sourceTier,lapCount,bryceBestSeconds,sessionBestSeconds,gapToSessionBestSeconds,onTrackGroupRank,groupFieldSize,combinedGridPosition,combinedFieldSize,doubleheaderRaceLabel,rankAttribution,positionCrossCheck,crosswalkVerdict
rt_2024_st-petersburg-street-circuit_qb_2024-03-09_a,2024,2024-03-09,St Petersburg Street Circuit,racetools,racetools_capture,7,64.9813,64.6587,0.3226,4,11,8,21,,single,match,
rt_2024_barber-motorsports-park_qb_2024-04-27_a,2024,2024-04-27,Barber Motorsports Park,racetools,racetools_capture,9,71.6959,71.4975,0.1984,4,11,7,20,,single,match,
rt_2024_indianapolis-motor-speedway-rc_qb_2024-05-10_a,2024,2024-05-10,Indianapolis Motor Speedway RC,racetools,racetools_capture,8,75.4982,74.8681,0.6301,6,11,11,20,Race 1,doubleheader_bestlap,match,
rt_2024_detroit-street-circuit_qb_2024-06-01_a,2024,2024-06-01,Detroit Street Circuit,racetools,racetools_capture,7,66.9449,64.8702,2.0747,6,11,11,20,,single,match,
rt_2024_road-america_qb_2024-06-08_a,2024,2024-06-08,Road America,racetools,racetools_capture,2,111.9698,111.7752,0.1946,4,11,7,20,,single,match,
rt_2024_weathertech-raceway-laguna-seca_qb_2024-06-22_a,2024,2024-06-22,WeatherTech Raceway Laguna Seca,racetools,racetools_capture,9,73.2822,72.4374,0.8448,5,10,9,19,Race 1,doubleheader_bestlap,match,
rt_2024_mid-ohio-sports-car-course_qa_2024-07-06_a,2024,2024-07-06,Mid-Ohio Sports Car Course,racetools,racetools_capture,10,71.059,70.2894,0.7696,7,9,14,18,,single,match,
rt_2024_iowa-speedway_qc_2024-07-12_a,2024,2024-07-12,Iowa Speedway,racetools,racetools_capture,3,19.1419,18.8114,0.3305,9,18,9,18,,single,match,
rt_2024_world-wide-technology-raceway_qc_2024-08-16_a,2024,2024-08-16,World Wide Technology Raceway,racetools,racetools_capture,3,27.8159,27.3986,0.4173,13,18,13,18,,single,match,
rt_2024_portland-international-raceway_qb_2024-08-24_a,2024,2024-08-24,Portland International Raceway,racetools,racetools_capture,10,62.8293,62.218,0.6113,4,9,7,16,,single,match,
rt_2024_milwaukee-mile_qc_2024-08-31_a,2024,2024-08-31,Milwaukee Mile,racetools,racetools_capture,3,24.2884,24.1403,0.1481,7,18,7,18,,single,match,
official_session_indy_nxt_2024_6489,2024,2024-09-14,Nashville Superspeedway,official_section_results,official_section_results,2,26.1936,26.1005,0.0931,,,,,,cancelled,na,
rt_2025_st-petersburg-street-circuit_qb_2025-03-01_d,2025,2025-03-01,St Petersburg Street Circuit,racetools,racetools_capture,10,65.0363,64.0642,0.9721,10,11,,,,single,match,
rt_2025_barber-motorsports-park_qa_2025-05-03_d,2025,2025-05-03,Barber Motorsports Park,racetools,racetools_capture,7,85.9451,84.9048,1.0403,3,10,,,,single,match,
rt_2025_indianapolis-motor-speedway-rc_qb_2025-05-09_d,2025,2025-05-09,Indianapolis Motor Speedway RC,racetools,racetools_capture,9,75.8373,74.9928,0.8445,9,11,18,21,Race 1,doubleheader_bestlap,match,
rt_2025_detroit-street-circuit_qb_2025-05-31_d,2025,2025-05-31,Detroit Street Circuit,racetools,racetools_capture,5,67.6191,65.2514,2.3677,8,10,15,20,,single,match,
rt_2025_world-wide-technology-raceway_qc_2025-06-14_d,2025,2025-06-14,World Wide Technology Raceway,racetools,racetools_capture,3,28.0617,27.0529,1.0088,16,19,16,19,,single,match,
rt_2025_road-america_qb_2025-06-21_d,2025,2025-06-21,Road America,racetools,racetools_capture,4,113.4705,112.4184,1.0521,5,10,10,19,,single,match,
rt_2025_mid-ohio-sports-car-course_qa_2025-07-05_d,2025,2025-07-05,Mid-Ohio Sports Car Course,racetools,racetools_capture,9,70.3203,69.7986,0.5217,4,9,7,19,,single,match,
rt_2025_weathertech-raceway-laguna-seca_qa_2025-07-26_d,2025,2025-07-26,WeatherTech Raceway Laguna Seca,racetools,racetools_capture,9,74.1298,73.3076,0.8222,7,9,14,19,Race 1,doubleheader_bestlap,match,
rt_2025_portland-international-raceway_qb_2025-08-09_d,2025,2025-08-09,Portland International Raceway,racetools,racetools_capture,5,63.6417,63.5237,0.118,3,10,5,19,,single,match,
rt_2025_milwaukee-mile_qc_2025-08-23_d,2025,2025-08-23,Milwaukee Mile,racetools,racetools_capture,3,24.1794,23.7623,0.4171,6,18,6,18,,single,match,
rt_2025_nashville-superspeedway_qc_2025-08-30_d,2025,2025-08-30,Nashville Superspeedway,racetools,racetools_capture,3,26.2599,25.9462,0.3137,8,18,8,18,,single,mismatch,
t71_2026_st-petersburg_qualifying_g2_2026-02-28,2026,2026-02-28,St. Petersburg,timing71,timing71_normalized,6,66.4398,64.9993,1.4405,10,12,19,24,,single,na,GO
t71_2026_arlington_qualifying_g2_2026-03-14,2026,2026-03-14,Arlington,timing71,timing71_normalized,7,102.0142,98.8841,3.1301,12,12,23,24,,single,na,GO
t71_2026_barber_qualifying_2026-03-28,2026,2026-03-28,Barber,timing71,timing71_normalized,8,70.6418,70.3176,0.3242,3,12,5,24,Race 1,single,na,GO
t71_2026_indianapolis-gp_qualifying_2026-05-08,2026,2026-05-08,Indianapolis GP,timing71,timing71_normalized,8,75.6915,75.0846,0.6069,7,12,13,24,Race 1,single,na,GO
t71_2026_detroit_qualifying_g2_2026-05-30,2026,2026-05-30,Detroit,timing71,timing71_normalized,8,66.4965,65.605,0.8915,7,12,14,24,,single,na,GO
t71_2026_wwt-raceway_qualifying_2026-06-06,2026,2026-06-06,WWT Raceway,timing71,timing71_normalized,2,27.8855,27.5709,0.3146,12,24,12,24,,single,na,GO
t71_2026_road-america_qualifying_g2_2026-06-20,2026,2026-06-20,Road America,timing71,timing71_normalized,7,112.059,110.9975,1.0615,8,12,15,24,Race 1,single,na,GO
t71_2026_mid-ohio_qualifying_2026-07-04,2026,2026-07-04,Mid-Ohio,timing71,timing71_normalized,8,69.9957,69.369,0.6267,7,12,13,24,Race 1,single,na,GO
t71_2026_nashville_qualifying_2026-07-18,2026,2026-07-18,Nashville,timing71,timing71_normalized,2,26.5805,26.3597,0.2208,8,23,8,23,,single,na,GO
t71_2026_portland-international-raceway_qualifying_2026-08-08,2026,2026-08-08,Portland International Raceway,timing71,timing71_normalized,10,62.5843,62.2006,0.3837,8,12,15,24,,single,na,GO
t71_2026_the-milwaukee-mile_qualifying_2026-08-29,2026,2026-08-29,The Milwaukee Mile,timing71,timing71_normalized,2,24.0464,23.6917,0.3547,14,23,14,23,,single,na,GO
official_session_indy_nxt_2026_6950,2026,2026-09-05,WeatherTech Raceway Laguna Seca,official_section_results,official_section_results,8,74.2164,73.6351,0.5813,4,12,7,24,Race 1,single,na,
