seriesId,seriesName,seasonYear,chassis,observedMilesFloor,estimatedFuelLowLiters,estimatedFuelBaseLiters,estimatedFuelHighLiters,confidenceClass,formula,sourceUrl,sensitivityDrivers
series_euroformula_open,Euroformula Open,2023,Dallara F320 Spiess,1071.639,482.9,655.4,862.3,modeled_range,milesFloor*1.609344*fuelLPer100Km/100,https://gtsports-media.s3.eu-west-3.amazonaws.com/Qualifying%20-%20Portimao.pdf,lap coverage; track length; caution running; engine map; fuel-rate band
series_formula_ford,Formula Ford,2020,Formula Ford 1600 (chassis not canonicalized),459.966,133.2,177.7,236.9,modeled_range,milesFloor*1.609344*fuelLPer100Km/100,https://brscc.co.uk/brscc-revives-super-classic-name-and-classes-for-northern-and-national-formula-ford-championships/,lap coverage; track length; caution running; engine map; fuel-rate band
series_froc,Castrol Toyota Formula Regional Oceania Championship,2024,Toyota FT-60,291.040,131.1,178.0,234.2,modeled_range,milesFloor*1.609344*fuelLPer100Km/100,https://www.toyota.co.nz/globalassets/toyota-racing-website/new-website/castrol-toyota-racing-series/register-your-interest/2024-ctfroc-series-guide-web.pdf,lap coverage; track length; caution running; engine map; fuel-rate band
series_frp_f1600,F1600 Championship Series,2019,Mygale/Honda,1151.472,333.6,444.7,593.0,modeled_range,milesFloor*1.609344*fuelLPer100Km/100,https://www.hoosiertire.com/news/article/65598/Hoosier_Tire_and_FRP_Ink_Multi-Year_Deal,lap coverage; track length; caution running; engine map; fuel-rate band
series_gb3,GB3 Championship,2021,Tatuus GB3 pre-MSV-022,1361.073,481.9,657.1,876.2,modeled_range,milesFloor*1.609344*fuelLPer100Km/100,https://www.gb-3.net/,lap coverage; track length; caution running; engine map; fuel-rate band
series_gb3,GB3 Championship,2022,Tatuus MSV-022,3238.117,1250.7,1667.6,2188.7,modeled_range,milesFloor*1.609344*fuelLPer100Km/100,https://www.gb-3.net/news/roberto-faria-joins-carlin-for-2022-gb3-title-challenge,lap coverage; track length; caution running; engine map; fuel-rate band
series_imsa_weathertech,IMSA WeatherTech SportsCar Championship,2025,Porsche 963 GTP,505.520,366.1,488.1,650.8,modeled_range,milesFloor*1.609344*fuelLPer100Km/100,https://www.imsa.com/news/2025/01/21/charting-the-2025-gtp-changes/,lap coverage; track length; caution running; engine map; fuel-rate band
series_indy_nxt,INDY NXT,2024,Dallara IL-15,2242.719,1155.0,1588.1,2093.4,modeled_range,milesFloor*1.609344*fuelLPer100Km/100,https://www.indynxt.com/Fan-Info/INDY-NXT-101/What-to-Know,lap coverage; track length; caution running; engine map; fuel-rate band
series_indy_nxt,INDY NXT,2025,Dallara IL-15,2197.071,1131.5,1555.8,2050.8,modeled_range,milesFloor*1.609344*fuelLPer100Km/100,https://www.indynxt.com/Fan-Info/INDY-NXT-101/What-to-Know,lap coverage; track length; caution running; engine map; fuel-rate band
series_indy_nxt,INDY NXT,2026,Dallara IL-15,2282.588,1175.5,1616.3,2130.6,modeled_range,milesFloor*1.609344*fuelLPer100Km/100,https://www.indynxt.com/Fan-Info/INDY-NXT-101/What-to-Know,lap coverage; track length; caution running; engine map; fuel-rate band
