seriesId,seriesName,seasonYear,chassis,tireSupplier,observedSessionsWithLaps,unknownLapSessionsExcluded,estimatedUniqueTiresLow,estimatedUniqueTiresBase,estimatedUniqueTiresHigh,confidenceClass,formula,sourceUrl,sensitivityDrivers
series_euroformula_open,Euroformula Open,2023,Dallara F320 Spiess,mixed/unknown,24,0,96,96,96,modeled_range,sum_per_session(ceil(lapsFloor/assumedLifeLaps)*4),https://gtsports-media.s3.eu-west-3.amazonaws.com/Qualifying%20-%20Portimao.pdf,unknown sessions; reused sets; wet tires; damage; allocation; tire-life band
series_formula_ford,Formula Ford,2020,Formula Ford 1600 (chassis not canonicalized),Avon ACB10,24,0,96,96,96,modeled_range,sum_per_session(ceil(lapsFloor/assumedLifeLaps)*4),https://brscc.co.uk/brscc-revives-super-classic-name-and-classes-for-northern-and-national-formula-ford-championships/,unknown sessions; reused sets; wet tires; damage; allocation; tire-life band
series_froc,Castrol Toyota Formula Regional Oceania Championship,2024,Toyota FT-60,Hankook,6,14,24,24,32,modeled_range,sum_per_session(ceil(lapsFloor/assumedLifeLaps)*4),https://www.toyota.co.nz/globalassets/toyota-racing-website/new-website/castrol-toyota-racing-series/register-your-interest/2024-ctfroc-series-guide-web.pdf,unknown sessions; reused sets; wet tires; damage; allocation; tire-life band
series_frp_f1600,F1600 Championship Series,2019,Mygale/Honda,Hoosier,34,2,136,136,136,modeled_range,sum_per_session(ceil(lapsFloor/assumedLifeLaps)*4),https://www.hoosiertire.com/news/article/65598/Hoosier_Tire_and_FRP_Ink_Multi-Year_Deal,unknown sessions; reused sets; wet tires; damage; allocation; tire-life band
series_gb3,GB3 Championship,2021,Tatuus GB3 pre-MSV-022,Pirelli,38,0,152,152,152,modeled_range,sum_per_session(ceil(lapsFloor/assumedLifeLaps)*4),https://www.gb-3.net/,unknown sessions; reused sets; wet tires; damage; allocation; tire-life band
series_gb3,GB3 Championship,2022,Tatuus MSV-022,Pirelli,74,0,296,296,316,modeled_range,sum_per_session(ceil(lapsFloor/assumedLifeLaps)*4),https://www.gb-3.net/news/roberto-faria-joins-carlin-for-2022-gb3-title-challenge,unknown sessions; reused sets; wet tires; damage; allocation; tire-life band
series_imsa_weathertech,IMSA WeatherTech SportsCar Championship,2025,Porsche 963 GTP,Michelin,1,0,8,12,20,modeled_range,sum_per_session(ceil(lapsFloor/assumedLifeLaps)*4),https://www.imsa.com/news/2025/01/21/charting-the-2025-gtp-changes/,unknown sessions; reused sets; wet tires; damage; allocation; tire-life band
series_indy_nxt,INDY NXT,2024,Dallara IL-15,Firestone,44,0,184,208,324,modeled_range,sum_per_session(ceil(lapsFloor/assumedLifeLaps)*4),https://www.indynxt.com/Fan-Info/INDY-NXT-101/What-to-Know,unknown sessions; reused sets; wet tires; damage; allocation; tire-life band
series_indy_nxt,INDY NXT,2025,Dallara IL-15,Firestone,41,0,176,208,300,modeled_range,sum_per_session(ceil(lapsFloor/assumedLifeLaps)*4),https://www.indynxt.com/Fan-Info/INDY-NXT-101/What-to-Know,unknown sessions; reused sets; wet tires; damage; allocation; tire-life band
series_indy_nxt,INDY NXT,2026,Dallara IL-15,Firestone,34,0,136,148,200,modeled_range,sum_per_session(ceil(lapsFloor/assumedLifeLaps)*4),https://www.indynxt.com/Fan-Info/INDY-NXT-101/What-to-Know,unknown sessions; reused sets; wet tires; damage; allocation; tire-life band
