sessionId,eventId,eventStartDate,seriesId,seasonYear,trackId,trackName,country,status,canonicalLaps,personalLaps,lengthMi,personalMiles,confidenceClass,sourceGrain,metricGrain,attributionMethod,sourceRef
session_frp_f1600_2019_r1_04_race_1,event_frp_f1600_2019_r1_road_atlanta,2019-04-18,series_frp_f1600,2019,track_michelin_raceway_road_atlanta,Michelin Raceway Road Atlanta,United States,running,14,14,2.54,35.560,observed_exact,driver_result,driver_physical_race,canonical driver result lapsCompleted,source_frp_f1600_2019_r1_04_race_1_pdf
session_frp_f1600_2019_r1_05_race_2,event_frp_f1600_2019_r1_road_atlanta,2019-04-18,series_frp_f1600,2019,track_michelin_raceway_road_atlanta,Michelin Raceway Road Atlanta,United States,running,15,15,2.54,38.100,observed_exact,driver_result,driver_physical_race,canonical driver result lapsCompleted,source_frp_f1600_2019_r1_05_race_2_pdf
session_frp_f1600_2019_r1_06_race_3,event_frp_f1600_2019_r1_road_atlanta,2019-04-18,series_frp_f1600,2019,track_michelin_raceway_road_atlanta,Michelin Raceway Road Atlanta,United States,running,18,18,2.54,45.720,observed_exact,driver_result,driver_physical_race,canonical driver result lapsCompleted,source_frp_f1600_2019_r1_06_race_3_pdf
session_frp_f1600_2019_r2_04_race_1,event_frp_f1600_2019_r2_watkins_glen_international,2019-05-10,series_frp_f1600,2019,track_watkins_glen_international,Watkins Glen International,United States,running,14,14,3.37,47.180,observed_exact,driver_result,driver_physical_race,canonical driver result lapsCompleted,source_frp_f1600_2019_r2_04_race_1_pdf
session_frp_f1600_2019_r2_05_race_2,event_frp_f1600_2019_r2_watkins_glen_international,2019-05-10,series_frp_f1600,2019,track_watkins_glen_international,Watkins Glen International,United States,running,9,9,3.37,30.330,observed_exact,driver_result,driver_physical_race,canonical driver result lapsCompleted,source_frp_f1600_2019_r2_05_race_2_pdf
session_frp_f1600_2019_r2_06_race_3,event_frp_f1600_2019_r2_watkins_glen_international,2019-05-10,series_frp_f1600,2019,track_watkins_glen_international,Watkins Glen International,United States,dns,0,0,3.37,0.000,observed_exact,driver_result,driver_physical_race,canonical driver result lapsCompleted,source_frp_f1600_2019_r2_06_race_3_pdf
session_frp_f1600_2019_r3_04_race_1,event_frp_f1600_2019_r3_mid_ohio_sports_car_course,2019-06-28,series_frp_f1600,2019,track_mid_ohio_sports_car_course,Mid-Ohio Sports Car Course,United States,running,18,18,2.258,40.644,observed_exact,driver_result,driver_physical_race,canonical driver result lapsCompleted,source_frp_f1600_2019_r3_04_race_1_pdf
session_frp_f1600_2019_r3_05_race_2,event_frp_f1600_2019_r3_mid_ohio_sports_car_course,2019-06-28,series_frp_f1600,2019,track_mid_ohio_sports_car_course,Mid-Ohio Sports Car Course,United States,running,18,18,2.258,40.644,observed_exact,driver_result,driver_physical_race,canonical driver result lapsCompleted,source_frp_f1600_2019_r3_05_race_2_pdf
session_frp_f1600_2019_r3_06_race_3,event_frp_f1600_2019_r3_mid_ohio_sports_car_course,2019-06-28,series_frp_f1600,2019,track_mid_ohio_sports_car_course,Mid-Ohio Sports Car Course,United States,running,18,18,2.258,40.644,observed_exact,driver_result,driver_physical_race,canonical driver result lapsCompleted,source_frp_f1600_2019_r3_06_race_3_pdf
session_frp_f1600_2019_r4_02_race_1,event_frp_f1600_2019_r4_virginia_international_raceway,2019-07-26,series_frp_f1600,2019,track_virginia_international_raceway,Virginia International Raceway,United States,running,13,13,3.27,42.510,observed_exact,driver_result,driver_physical_race,canonical driver result lapsCompleted,source_frp_f1600_2019_r4_02_race_1_pdf
session_frp_f1600_2019_r4_03_race_2,event_frp_f1600_2019_r4_virginia_international_raceway,2019-07-26,series_frp_f1600,2019,track_virginia_international_raceway,Virginia International Raceway,United States,running,13,13,3.27,42.510,observed_exact,driver_result,driver_physical_race,canonical driver result lapsCompleted,source_frp_f1600_2019_r4_03_race_2_pdf
session_frp_f1600_2019_r4_04_race_3,event_frp_f1600_2019_r4_virginia_international_raceway,2019-07-26,series_frp_f1600,2019,track_virginia_international_raceway,Virginia International Raceway,United States,running,12,12,3.27,39.240,observed_exact,driver_result,driver_physical_race,canonical driver result lapsCompleted,source_frp_f1600_2019_r4_04_race_3_pdf
session_frp_f1600_2019_r5_02_race_1,event_frp_f1600_2019_r5_pittsburgh_international_race_complex,2019-08-02,series_frp_f1600,2019,track_pittsburgh_international_race_complex,Pittsburgh International Race Complex,United States,running,14,14,2.8,39.200,observed_exact,driver_result,driver_physical_race,canonical driver result lapsCompleted,source_frp_f1600_2019_r5_02_race_1_pdf
session_frp_f1600_2019_r5_03_race_2,event_frp_f1600_2019_r5_pittsburgh_international_race_complex,2019-08-02,series_frp_f1600,2019,track_pittsburgh_international_race_complex,Pittsburgh International Race Complex,United States,running,14,14,2.8,39.200,observed_exact,driver_result,driver_physical_race,canonical driver result lapsCompleted,source_frp_f1600_2019_r5_03_race_2_pdf
session_frp_f1600_2019_r5_04_race_3,event_frp_f1600_2019_r5_pittsburgh_international_race_complex,2019-08-02,series_frp_f1600,2019,track_pittsburgh_international_race_complex,Pittsburgh International Race Complex,United States,running,14,14,2.8,39.200,observed_exact,driver_result,driver_physical_race,canonical driver result lapsCompleted,source_frp_f1600_2019_r5_04_race_3_pdf
session_frp_f1600_2019_r6_04_race_1,event_frp_f1600_2019_r6_summit_point,2019-08-23,series_frp_f1600,2019,track_summit_point_motorsports_park,Summit Point Motorsports Park Main Circuit,United States,running,17,17,2.0,34.000,observed_exact,driver_result,driver_physical_race,canonical driver result lapsCompleted,source_frp_f1600_2019_r6_04_race_1_pdf
session_frp_f1600_2019_r6_05_race_2,event_frp_f1600_2019_r6_summit_point,2019-08-23,series_frp_f1600,2019,track_summit_point_motorsports_park,Summit Point Motorsports Park Main Circuit,United States,running,17,17,2.0,34.000,observed_exact,driver_result,driver_physical_race,canonical driver result lapsCompleted,source_frp_f1600_2019_r6_05_race_2_pdf
session_frp_f1600_2019_r6_06_race_3,event_frp_f1600_2019_r6_summit_point,2019-08-23,series_frp_f1600,2019,track_summit_point_motorsports_park,Summit Point Motorsports Park Main Circuit,United States,running,17,17,2.0,34.000,observed_exact,driver_result,driver_physical_race,canonical driver result lapsCompleted,source_frp_f1600_2019_r6_06_race_3_pdf
session_frp_f1600_2019_r7_04_race_1,event_frp_f1600_2019_r7_new_jersey_motorsports_park,2019-09-13,series_frp_f1600,2019,track_new_jersey_motorsports_park_thunderbolt,New Jersey Motorsports Park Thunderbolt Raceway,United States,running,19,19,2.25,42.750,observed_exact,driver_result,driver_physical_race,canonical driver result lapsCompleted,source_frp_f1600_2019_r7_04_race_1_pdf
session_frp_f1600_2019_r7_05_race_2,event_frp_f1600_2019_r7_new_jersey_motorsports_park,2019-09-13,series_frp_f1600,2019,track_new_jersey_motorsports_park_thunderbolt,New Jersey Motorsports Park Thunderbolt Raceway,United States,running,19,19,2.25,42.750,observed_exact,driver_result,driver_physical_race,canonical driver result lapsCompleted,source_frp_f1600_2019_r7_05_race_2_pdf
session_frp_f1600_2019_r7_06_race_3,event_frp_f1600_2019_r7_new_jersey_motorsports_park,2019-09-13,series_frp_f1600,2019,track_new_jersey_motorsports_park_thunderbolt,New Jersey Motorsports Park Thunderbolt Raceway,United States,running,19,19,2.25,42.750,observed_exact,driver_result,driver_physical_race,canonical driver result lapsCompleted,source_frp_f1600_2019_r7_06_race_3_pdf
session_formula_ford_2020_national_oulton_park_race_1,event_formula_ford_2020_national_oulton_park,2020-07-18,series_formula_ford,2020,track_oulton_park_international,Oulton Park,United Kingdom,running,6,6,2.692,16.152,observed_exact,driver_result,driver_physical_race,canonical driver result lapsCompleted,source_formula_ford_2020_national_oulton_park_race_1_classification;source_formula_ford_2020_national_oulton_park_race_1_grid
session_formula_ford_2020_national_oulton_park_race_8,event_formula_ford_2020_national_oulton_park,2020-07-18,series_formula_ford,2020,track_oulton_park_international,Oulton Park,United Kingdom,running,7,7,2.692,18.844,observed_exact,driver_result,driver_physical_race,canonical driver result lapsCompleted,source_formula_ford_2020_national_oulton_park_race_8_classification;source_formula_ford_2020_national_oulton_park_race_8_grid
session_formula_ford_2020_champion_cadwell_race_2,event_formula_ford_2020_champion_cadwell,2020-08-22,series_formula_ford,2020,track_cadwell_park_full,Cadwell Park Circuit,United Kingdom,running,10,10,2.187,21.870,observed_exact,driver_result,driver_physical_race,canonical driver result lapsCompleted,source_formula_ford_2020_champion_cadwell_race_2_classification;source_formula_ford_2020_champion_cadwell_race_2_grid
session_formula_ford_2020_champion_cadwell_race_5,event_formula_ford_2020_champion_cadwell,2020-08-22,series_formula_ford,2020,track_cadwell_park_full,Cadwell Park Circuit,United Kingdom,running,10,10,2.187,21.870,observed_exact,driver_result,driver_physical_race,canonical driver result lapsCompleted,source_formula_ford_2020_champion_cadwell_race_5_classification;source_formula_ford_2020_champion_cadwell_race_5_grid
session_formula_ford_2020_champion_brands_race_5,event_formula_ford_2020_champion_brands,2020-09-12,series_formula_ford,2020,track_brands_hatch_indy,Brands Hatch Circuit,United Kingdom,running,18,18,1.208,21.744,observed_exact,driver_result,driver_physical_race,canonical driver result lapsCompleted,source_formula_ford_2020_champion_brands_race_5_classification;source_formula_ford_2020_champion_brands_race_5_grid
session_formula_ford_2020_champion_brands_race_11,event_formula_ford_2020_champion_brands,2020-09-12,series_formula_ford,2020,track_brands_hatch_indy,Brands Hatch Circuit,United Kingdom,running,18,18,1.208,21.744,observed_exact,driver_result,driver_physical_race,canonical driver result lapsCompleted,source_formula_ford_2020_champion_brands_race_11_classification;source_formula_ford_2020_champion_brands_race_11_grid
session_formula_ford_2020_national_brands_hatch_race_2,event_formula_ford_2020_national_brands_hatch,2020-09-26,series_formula_ford,2020,track_brands_hatch_indy,Brands Hatch Circuit,United Kingdom,running,18,18,1.208,21.744,observed_exact,driver_result,driver_physical_race,canonical driver result lapsCompleted,source_formula_ford_2020_national_brands_hatch_race_2_classification;source_formula_ford_2020_national_brands_hatch_race_2_grid
session_formula_ford_2020_national_brands_hatch_race_11,event_formula_ford_2020_national_brands_hatch,2020-09-26,series_formula_ford,2020,track_brands_hatch_indy,Brands Hatch Circuit,United Kingdom,running,18,18,1.208,21.744,observed_exact,driver_result,driver_physical_race,canonical driver result lapsCompleted,source_formula_ford_2020_national_brands_hatch_race_11_classification;source_formula_ford_2020_national_brands_hatch_race_11_grid
session_formula_ford_2020_national_brands_hatch_race_18,event_formula_ford_2020_national_brands_hatch,2020-09-26,series_formula_ford,2020,track_brands_hatch_indy,Brands Hatch Circuit,United Kingdom,running,18,18,1.208,21.744,observed_exact,driver_result,driver_physical_race,canonical driver result lapsCompleted,source_formula_ford_2020_national_brands_hatch_race_18_classification;source_formula_ford_2020_national_brands_hatch_race_18_grid
session_formula_ford_2020_national_silverstone_race_3,event_formula_ford_2020_national_silverstone,2020-10-10,series_formula_ford,2020,track_silverstone_international,Silverstone Circuit,United Kingdom,running,12,12,1.8508,22.210,observed_exact,driver_result,driver_physical_race,canonical driver result lapsCompleted,source_formula_ford_2020_national_silverstone_race_3_classification;source_formula_ford_2020_national_silverstone_race_3_grid
session_formula_ford_2020_national_silverstone_race_7,event_formula_ford_2020_national_silverstone,2020-10-10,series_formula_ford,2020,track_silverstone_international,Silverstone Circuit,United Kingdom,running,11,11,1.8508,20.359,observed_exact,driver_result,driver_physical_race,canonical driver result lapsCompleted,source_formula_ford_2020_national_silverstone_race_7_classification;source_formula_ford_2020_national_silverstone_race_7_grid
session_formula_ford_2020_festival_semi_final_1_race_13,event_formula_ford_2020_formula_ford_festival,2020-10-24,series_formula_ford,2020,track_brands_hatch_indy,Brands Hatch Circuit,United Kingdom,running,15,15,1.208,18.120,observed_exact,driver_result,driver_physical_race,canonical driver result lapsCompleted,source_formula_ford_2020_festival_semi_final_1_race_13_classification;source_formula_ford_2020_festival_semi_final_1_race_13_grid
session_formula_ford_2020_festival_grand_final_race_21,event_formula_ford_2020_formula_ford_festival,2020-10-24,series_formula_ford,2020,track_brands_hatch_indy,Brands Hatch Circuit,United Kingdom,running,20,20,1.208,24.160,observed_exact,driver_result,driver_physical_race,canonical driver result lapsCompleted,source_formula_ford_2020_festival_grand_final_race_21_classification;source_formula_ford_2020_festival_grand_final_race_21_grid
session_formula_ford_2020_wht_semi_final_2,event_formula_ford_2020_walter_hayes_trophy,2020-10-31,series_formula_ford,2020,track_silverstone_national,Silverstone Circuit,United Kingdom,running,12,12,1.64,19.680,observed_exact,driver_result,driver_physical_race,canonical driver result lapsCompleted,source_formula_ford_2020_wht_semi_final_2_classification;source_formula_ford_2020_wht_semi_final_2_grid
session_formula_ford_2020_wht_grand_final,event_formula_ford_2020_walter_hayes_trophy,2020-10-31,series_formula_ford,2020,track_silverstone_national,Silverstone Circuit,United Kingdom,running,5,5,1.64,8.200,observed_exact,driver_result,driver_physical_race,canonical driver result lapsCompleted,source_formula_ford_2020_wht_grand_final_classification;source_formula_ford_2020_wht_grand_final_grid
session_gb3_2021_212005_race_1_result,event_gb3_2021_r1_brands_hatch,2021-05-22,series_gb3,2021,track_brands_hatch_gp,Brands Hatch Circuit,United Kingdom,running,12,12,2.433,29.196,observed_exact,driver,driver_physical_race,canonical driver result lapsCompleted,source_gb3_2021_212005_rc1_bf3_pdf;source_gb3_2021_212005_grd_bf3_pdf
session_gb3_2021_212005_race_2_result,event_gb3_2021_r1_brands_hatch,2021-05-22,series_gb3,2021,track_brands_hatch_gp,Brands Hatch Circuit,United Kingdom,running,10,10,2.433,24.330,observed_exact,driver,driver_physical_race,canonical driver result lapsCompleted,source_gb3_2021_212005_rc2_bf3_pdf;source_gb3_2021_212005_gr2_bf3_pdf
session_gb3_2021_212005_race_3_result,event_gb3_2021_r1_brands_hatch,2021-05-22,series_gb3,2021,track_brands_hatch_gp,Brands Hatch Circuit,United Kingdom,running,12,12,2.433,29.196,observed_exact,driver,driver_physical_race,canonical driver result lapsCompleted,source_gb3_2021_212005_rc3_bf3_pdf;source_gb3_2021_212005_gr3_bf3_pdf
session_gb3_2021_212505_race_2_result,event_gb3_2021_r2_silverstone,2021-06-26,series_gb3,2021,track_silverstone_gp,Silverstone Circuit,United Kingdom,running,10,10,3.66,36.600,observed_exact,driver,driver_physical_race,canonical driver result lapsCompleted,source_gb3_2021_212505_rc2_bf3_pdf;source_gb3_2021_212505_gr2_bf3_pdf
session_gb3_2021_212505_race_1_result,event_gb3_2021_r2_silverstone,2021-06-26,series_gb3,2021,track_silverstone_gp,Silverstone Circuit,United Kingdom,running,10,10,3.66,36.600,observed_exact,driver,driver_physical_race,canonical driver result lapsCompleted,source_gb3_2021_212505_rc1_bf3_pdf;source_gb3_2021_212505_grd_bf3_pdf
session_gb3_2021_212705_race_1_result,event_gb3_2021_r3_donington_park,2021-07-10,series_gb3,2021,track_donington_park_gp,Donington Park,United Kingdom,running,12,12,2.498,29.976,observed_exact,driver,driver_physical_race,canonical driver result lapsCompleted,source_gb3_2021_212705_rc1_bf3_pdf;source_gb3_2021_212705_grd_bf3_pdf
session_gb3_2021_212705_race_2_result,event_gb3_2021_r3_donington_park,2021-07-10,series_gb3,2021,track_donington_park_gp,Donington Park,United Kingdom,running,12,12,2.498,29.976,observed_exact,driver,driver_physical_race,canonical driver result lapsCompleted,source_gb3_2021_212705_rc2_bf3_pdf;source_gb3_2021_212705_gr2_bf3_pdf
session_gb3_2021_212705_race_3_result,event_gb3_2021_r3_donington_park,2021-07-10,series_gb3,2021,track_donington_park_gp,Donington Park,United Kingdom,running,12,12,2.498,29.976,observed_exact,driver,driver_physical_race,canonical driver result lapsCompleted,source_gb3_2021_212705_rc3_bf3_pdf;source_gb3_2021_212705_gr3_bf3_pdf
session_gb3_2021_212905_race_1_result,event_gb3_2021_r4_spa_francorchamps,2021-07-24,series_gb3,2021,track_spa_gp,Circuit de Spa-Francorchamps,Belgium,running,8,8,4.352,34.816,observed_exact,driver,driver_physical_race,canonical driver result lapsCompleted,source_gb3_2021_212905_rc1_bf3_pdf;source_gb3_2021_212905_grd_bf3_pdf
session_gb3_2021_212905_race_2_result,event_gb3_2021_r4_spa_francorchamps,2021-07-24,series_gb3,2021,track_spa_gp,Circuit de Spa-Francorchamps,Belgium,running,9,9,4.352,39.168,observed_exact,driver,driver_physical_race,canonical driver result lapsCompleted,source_gb3_2021_212905_rc2_bf3_pdf;source_gb3_2021_212905_gr2_bf3_pdf
session_gb3_2021_212905_race_3_result,event_gb3_2021_r4_spa_francorchamps,2021-07-24,series_gb3,2021,track_spa_gp,Circuit de Spa-Francorchamps,Belgium,running,9,9,4.352,39.168,observed_exact,driver,driver_physical_race,canonical driver result lapsCompleted,source_gb3_2021_212905_rc3_bf3_pdf;source_gb3_2021_212905_gr3_bf3_pdf
session_gb3_2021_213105_race_1_result,event_gb3_2021_r5_snetterton,2021-08-07,series_gb3,2021,track_snetterton_300,Snetterton Circuit,United Kingdom,running,10,10,2.969,29.690,observed_exact,driver,driver_physical_race,canonical driver result lapsCompleted,source_gb3_2021_213105_rc1_bf3_pdf;source_gb3_2021_213105_grd_bf3_pdf
session_gb3_2021_213105_race_2_result,event_gb3_2021_r5_snetterton,2021-08-07,series_gb3,2021,track_snetterton_300,Snetterton Circuit,United Kingdom,running,10,10,2.969,29.690,observed_exact,driver,driver_physical_race,canonical driver result lapsCompleted,source_gb3_2021_213105_rc2_bf3_pdf;source_gb3_2021_213105_gr2_bf3_pdf
session_gb3_2021_213105_race_3_result,event_gb3_2021_r5_snetterton,2021-08-07,series_gb3,2021,track_snetterton_300,Snetterton Circuit,United Kingdom,running,10,10,2.969,29.690,observed_exact,driver,driver_physical_race,canonical driver result lapsCompleted,source_gb3_2021_213105_rc3_bf3_pdf;source_gb3_2021_213105_gr3_bf3_pdf
session_gb3_2021_213605_race_1_result,event_gb3_2021_r6_oulton_park,2021-09-11,series_gb3,2021,track_oulton_park_international,Oulton Park,United Kingdom,running,13,13,2.692,34.996,observed_exact,driver,driver_physical_race,canonical driver result lapsCompleted,source_gb3_2021_213605_rc1_bf3_pdf;source_gb3_2021_213605_grd_bf3_pdf
session_gb3_2021_213605_race_2_result,event_gb3_2021_r6_oulton_park,2021-09-11,series_gb3,2021,track_oulton_park_international,Oulton Park,United Kingdom,running,10,10,2.692,26.920,observed_exact,driver,driver_physical_race,canonical driver result lapsCompleted,source_gb3_2021_213605_rc2_bf3_pdf;source_gb3_2021_213605_gr2_bf3_pdf
session_gb3_2021_213605_race_3_result,event_gb3_2021_r6_oulton_park,2021-09-11,series_gb3,2021,track_oulton_park_international,Oulton Park,United Kingdom,running,12,12,2.692,32.304,observed_exact,driver,driver_physical_race,canonical driver result lapsCompleted,source_gb3_2021_213605_rc3_bf3_pdf;source_gb3_2021_213605_gr3_bf3_pdf
session_gb3_2021_214105_race_1_result,event_gb3_2021_r7_donington_park,2021-10-16,series_gb3,2021,track_donington_park_gp,Donington Park,United Kingdom,running,12,12,2.498,29.976,observed_exact,driver,driver_physical_race,canonical driver result lapsCompleted,source_gb3_2021_214105_rc1_bf3_pdf;source_gb3_2021_214105_grd_bf3_pdf
session_gb3_2021_214105_race_2_result,event_gb3_2021_r7_donington_park,2021-10-16,series_gb3,2021,track_donington_park_gp,Donington Park,United Kingdom,running,11,11,2.498,27.478,observed_exact,driver,driver_physical_race,canonical driver result lapsCompleted,source_gb3_2021_214105_rc2_bf3_pdf;source_gb3_2021_214105_gr2_bf3_pdf
session_gb3_2021_214105_race_3_result,event_gb3_2021_r7_donington_park,2021-10-16,series_gb3,2021,track_donington_park_gp,Donington Park,United Kingdom,running,12,12,2.498,29.976,observed_exact,driver,driver_physical_race,canonical driver result lapsCompleted,source_gb3_2021_214105_rc3_bf3_pdf;source_gb3_2021_214105_gr3_bf3_pdf
session_gb3_2022_778,event_gb3_2022_r1_oulton_park,2022-04-15,series_gb3,2022,track_oulton_park_international,Oulton Park,United Kingdom,running,14,14,2.692,37.688,observed_exact,driver_result,driver_physical_race,canonical driver result lapsCompleted,source_gb3_2022_session_778
session_gb3_2022_779,event_gb3_2022_r1_oulton_park,2022-04-15,series_gb3,2022,track_oulton_park_international,Oulton Park,United Kingdom,running,14,14,2.692,37.688,observed_exact,driver_result,driver_physical_race,canonical driver result lapsCompleted,source_gb3_2022_session_779
session_gb3_2022_780,event_gb3_2022_r1_oulton_park,2022-04-15,series_gb3,2022,track_oulton_park_international,Oulton Park,United Kingdom,running,14,14,2.692,37.688,observed_exact,driver_result,driver_physical_race,canonical driver result lapsCompleted,source_gb3_2022_session_780
session_gb3_2022_1082,event_gb3_2022_r2_silverstone,2022-05-07,series_gb3,2022,track_silverstone_gp,Silverstone Circuit,United Kingdom,running,10,10,3.66,36.600,observed_exact,driver_result,driver_physical_race,canonical driver result lapsCompleted,source_gb3_2022_session_1082
session_gb3_2022_1083,event_gb3_2022_r2_silverstone,2022-05-07,series_gb3,2022,track_silverstone_gp,Silverstone Circuit,United Kingdom,running,10,10,3.66,36.600,observed_exact,driver_result,driver_physical_race,canonical driver result lapsCompleted,source_gb3_2022_session_1083
session_gb3_2022_1084,event_gb3_2022_r2_silverstone,2022-05-07,series_gb3,2022,track_silverstone_gp,Silverstone Circuit,United Kingdom,running,10,10,3.66,36.600,observed_exact,driver_result,driver_physical_race,canonical driver result lapsCompleted,source_gb3_2022_session_1084
session_gb3_2022_1085,event_gb3_2022_r3_donington_park,2022-05-28,series_gb3,2022,track_donington_park_gp,Donington Park,United Kingdom,running,12,12,2.498,29.976,observed_exact,driver_result,driver_physical_race,canonical driver result lapsCompleted,source_gb3_2022_session_1085
session_gb3_2022_1257,event_gb3_2022_r3_donington_park,2022-05-28,series_gb3,2022,track_donington_park_gp,Donington Park,United Kingdom,running,12,12,2.498,29.976,observed_exact,driver_result,driver_physical_race,canonical driver result lapsCompleted,source_gb3_2022_session_1257
session_gb3_2022_1087,event_gb3_2022_r3_donington_park,2022-05-28,series_gb3,2022,track_donington_park_gp,Donington Park,United Kingdom,running,12,12,2.498,29.976,observed_exact,driver_result,driver_physical_race,canonical driver result lapsCompleted,source_gb3_2022_session_1087
session_gb3_2022_1088,event_gb3_2022_r4_snetterton,2022-06-25,series_gb3,2022,track_snetterton_300,Snetterton Circuit,United Kingdom,running,12,12,2.969,35.628,observed_exact,driver_result,driver_physical_race,canonical driver result lapsCompleted,source_gb3_2022_session_1088
session_gb3_2022_1089,event_gb3_2022_r4_snetterton,2022-06-25,series_gb3,2022,track_snetterton_300,Snetterton Circuit,United Kingdom,running,12,12,2.969,35.628,observed_exact,driver_result,driver_physical_race,canonical driver result lapsCompleted,source_gb3_2022_session_1089
session_gb3_2022_1305,event_gb3_2022_r4_snetterton,2022-06-25,series_gb3,2022,track_snetterton_300,Snetterton Circuit,United Kingdom,dsq,0,0,2.969,0.000,observed_exact,driver_result,driver_physical_race,canonical driver result lapsCompleted,source_gb3_2022_session_1305
session_gb3_2022_1363,event_gb3_2022_r5_spa,2022-07-23,series_gb3,2022,track_spa_gp,Circuit de Spa-Francorchamps,Belgium,running,8,8,4.352,34.816,observed_exact,driver_result,driver_physical_race,canonical driver result lapsCompleted,source_gb3_2022_session_1363
session_gb3_2022_1364,event_gb3_2022_r5_spa,2022-07-23,series_gb3,2022,track_spa_gp,Circuit de Spa-Francorchamps,Belgium,running,9,9,4.352,39.168,observed_exact,driver_result,driver_physical_race,canonical driver result lapsCompleted,source_gb3_2022_session_1364
session_gb3_2022_1365,event_gb3_2022_r5_spa,2022-07-23,series_gb3,2022,track_spa_gp,Circuit de Spa-Francorchamps,Belgium,running,1,1,4.352,4.352,observed_exact,driver_result,driver_physical_race,canonical driver result lapsCompleted,source_gb3_2022_session_1365
session_gb3_2022_1094,event_gb3_2022_r6_silverstone,2022-07-30,series_gb3,2022,track_silverstone_gp,Silverstone Circuit,United Kingdom,running,10,10,3.66,36.600,observed_exact,driver_result,driver_physical_race,canonical driver result lapsCompleted,source_gb3_2022_session_1094
session_gb3_2022_1376,event_gb3_2022_r6_silverstone,2022-07-30,series_gb3,2022,track_silverstone_gp,Silverstone Circuit,United Kingdom,dnf,7,7,3.66,25.620,observed_exact,driver_result,driver_physical_race,canonical driver result lapsCompleted,source_gb3_2022_session_1376
session_gb3_2022_1096,event_gb3_2022_r6_silverstone,2022-07-30,series_gb3,2022,track_silverstone_gp,Silverstone Circuit,United Kingdom,running,10,10,3.66,36.600,observed_exact,driver_result,driver_physical_race,canonical driver result lapsCompleted,source_gb3_2022_session_1096
session_gb3_2022_1097,event_gb3_2022_r7_brands_hatch,2022-09-10,series_gb3,2022,track_brands_hatch_gp,Brands Hatch Circuit,United Kingdom,running,14,14,2.433,34.062,observed_exact,driver_result,driver_physical_race,canonical driver result lapsCompleted,source_gb3_2022_session_1097
session_gb3_2022_1098,event_gb3_2022_r7_brands_hatch,2022-09-10,series_gb3,2022,track_brands_hatch_gp,Brands Hatch Circuit,United Kingdom,running,14,14,2.433,34.062,observed_exact,driver_result,driver_physical_race,canonical driver result lapsCompleted,source_gb3_2022_session_1098
session_gb3_2022_1099,event_gb3_2022_r7_brands_hatch,2022-09-10,series_gb3,2022,track_brands_hatch_gp,Brands Hatch Circuit,United Kingdom,running,10,10,2.433,24.330,observed_exact,driver_result,driver_physical_race,canonical driver result lapsCompleted,source_gb3_2022_session_1099
session_gb3_2022_1103,event_gb3_2022_r8_donington_park,2022-10-15,series_gb3,2022,track_donington_park_gp,Donington Park,United Kingdom,running,14,14,2.498,34.972,observed_exact,driver_result,driver_physical_race,canonical driver result lapsCompleted,source_gb3_2022_session_1103
session_gb3_2022_1104,event_gb3_2022_r8_donington_park,2022-10-15,series_gb3,2022,track_donington_park_gp,Donington Park,United Kingdom,running,13,13,2.498,32.474,observed_exact,driver_result,driver_physical_race,canonical driver result lapsCompleted,source_gb3_2022_session_1104
session_gb3_2022_1105,event_gb3_2022_r8_donington_park,2022-10-15,series_gb3,2022,track_donington_park_gp,Donington Park,United Kingdom,running,13,13,2.498,32.474,observed_exact,driver_result,driver_physical_race,canonical driver result lapsCompleted,source_gb3_2022_session_1105
session_euroformula_2023_01-portimao-race-1,event_euroformula_2023_r1_portimao,2023-04-29,series_euroformula_open,2023,track_autodromo_internacional_do_algarve,Autodromo Internacional do Algarve,Portugal,running,17,17,2.891,49.147,observed_exact,driver,driver_physical_race,canonical driver result lapsCompleted,source_euroformula_2023_01-portimao-race-1_pdf
session_euroformula_2023_01-portimao-race-2,event_euroformula_2023_r1_portimao,2023-04-29,series_euroformula_open,2023,track_autodromo_internacional_do_algarve,Autodromo Internacional do Algarve,Portugal,running,18,18,2.891,52.038,observed_exact,driver,driver_physical_race,canonical driver result lapsCompleted,source_euroformula_2023_01-portimao-race-2_pdf
session_euroformula_2023_01-portimao-race-3,event_euroformula_2023_r1_portimao,2023-04-29,series_euroformula_open,2023,track_autodromo_internacional_do_algarve,Autodromo Internacional do Algarve,Portugal,running,18,18,2.891,52.038,observed_exact,driver,driver_physical_race,canonical driver result lapsCompleted,source_euroformula_2023_01-portimao-race-3_pdf
session_euroformula_2023_02-spa_francorchamps-race-1,event_euroformula_2023_r2_spa_francorchamps,2023-05-27,series_euroformula_open,2023,track_circuit_de_spa_francorchamps,Circuit de Spa-Francorchamps,Belgium,running,13,13,4.352,56.576,observed_exact,driver,driver_physical_race,canonical driver result lapsCompleted,source_euroformula_2023_02-spa_francorchamps-race-1_pdf
session_euroformula_2023_02-spa_francorchamps-race-2,event_euroformula_2023_r2_spa_francorchamps,2023-05-27,series_euroformula_open,2023,track_circuit_de_spa_francorchamps,Circuit de Spa-Francorchamps,Belgium,running,13,13,4.352,56.576,observed_exact,driver,driver_physical_race,canonical driver result lapsCompleted,source_euroformula_2023_02-spa_francorchamps-race-2_pdf
session_euroformula_2023_02-spa_francorchamps-race-3,event_euroformula_2023_r2_spa_francorchamps,2023-05-27,series_euroformula_open,2023,track_circuit_de_spa_francorchamps,Circuit de Spa-Francorchamps,Belgium,running,9,9,4.352,39.168,observed_exact,driver,driver_physical_race,canonical driver result lapsCompleted,source_euroformula_2023_02-spa_francorchamps-race-3_pdf
session_euroformula_2023_03-hungaroring-race-1,event_euroformula_2023_r3_hungaroring,2023-06-17,series_euroformula_open,2023,track_hungaroring,Hungaroring,Hungary,running,17,17,2.722,46.274,observed_exact,driver,driver_physical_race,canonical driver result lapsCompleted,source_euroformula_2023_03-hungaroring-race-1_pdf
session_euroformula_2023_03-hungaroring-race-2,event_euroformula_2023_r3_hungaroring,2023-06-17,series_euroformula_open,2023,track_hungaroring,Hungaroring,Hungary,running,17,17,2.722,46.274,observed_exact,driver,driver_physical_race,canonical driver result lapsCompleted,source_euroformula_2023_03-hungaroring-race-2_pdf
session_euroformula_2023_03-hungaroring-race-3,event_euroformula_2023_r3_hungaroring,2023-06-17,series_euroformula_open,2023,track_hungaroring,Hungaroring,Hungary,running,17,17,2.722,46.274,observed_exact,driver,driver_physical_race,canonical driver result lapsCompleted,source_euroformula_2023_03-hungaroring-race-3_pdf
session_euroformula_2023_04-paul_ricard-race-1,event_euroformula_2023_r4_paul_ricard,2023-07-22,series_euroformula_open,2023,track_circuit_paul_ricard,Circuit Paul Ricard,France,running,13,13,3.63,47.190,observed_exact,driver,driver_physical_race,canonical driver result lapsCompleted,source_euroformula_2023_04-paul_ricard-race-1_pdf
session_euroformula_2023_04-paul_ricard-race-2,event_euroformula_2023_r4_paul_ricard,2023-07-22,series_euroformula_open,2023,track_circuit_paul_ricard,Circuit Paul Ricard,France,running,15,15,3.63,54.450,observed_exact,driver,driver_physical_race,canonical driver result lapsCompleted,source_euroformula_2023_04-paul_ricard-race-2_pdf
session_euroformula_2023_04-paul_ricard-race-3,event_euroformula_2023_r4_paul_ricard,2023-07-22,series_euroformula_open,2023,track_circuit_paul_ricard,Circuit Paul Ricard,France,running,15,15,3.63,54.450,observed_exact,driver,driver_physical_race,canonical driver result lapsCompleted,source_euroformula_2023_04-paul_ricard-race-3_pdf
session_euroformula_2023_05-red_bull_ring-race-1,event_euroformula_2023_r5_red_bull_ring,2023-09-09,series_euroformula_open,2023,track_red_bull_ring,Red Bull Ring,Austria,running,20,20,2.683,53.660,observed_exact,driver,driver_physical_race,canonical driver result lapsCompleted,source_euroformula_2023_05-red_bull_ring-race-1_pdf
session_euroformula_2023_05-red_bull_ring-race-2,event_euroformula_2023_r5_red_bull_ring,2023-09-09,series_euroformula_open,2023,track_red_bull_ring,Red Bull Ring,Austria,running,20,20,2.683,53.660,observed_exact,driver,driver_physical_race,canonical driver result lapsCompleted,source_euroformula_2023_05-red_bull_ring-race-2_pdf
session_euroformula_2023_05-red_bull_ring-race-3,event_euroformula_2023_r5_red_bull_ring,2023-09-09,series_euroformula_open,2023,track_red_bull_ring,Red Bull Ring,Austria,running,20,20,2.683,53.660,observed_exact,driver,driver_physical_race,canonical driver result lapsCompleted,source_euroformula_2023_05-red_bull_ring-race-3_pdf
session_euroformula_2023_06-monza-race-1,event_euroformula_2023_r6_monza,2023-09-23,series_euroformula_open,2023,track_autodromo_nazionale_monza,Autodromo Nazionale Monza,Italy,running,8,8,3.6,28.800,observed_exact,driver,driver_physical_race,canonical driver result lapsCompleted,source_euroformula_2023_06-monza-race-1_pdf
session_euroformula_2023_06-monza-race-2,event_euroformula_2023_r6_monza,2023-09-23,series_euroformula_open,2023,track_autodromo_nazionale_monza,Autodromo Nazionale Monza,Italy,dnf,9,9,3.6,32.400,observed_exact,driver,driver_physical_race,canonical driver result lapsCompleted,source_euroformula_2023_06-monza-race-2_pdf
session_euroformula_2023_06-monza-race-3,event_euroformula_2023_r6_monza,2023-09-23,series_euroformula_open,2023,track_autodromo_nazionale_monza,Autodromo Nazionale Monza,Italy,running,16,16,3.6,57.600,observed_exact,driver,driver_physical_race,canonical driver result lapsCompleted,source_euroformula_2023_06-monza-race-3_pdf
session_froc_2024_r4_race_1,event_froc_2024_r4_euromarque_motorsport_park,2024-02-09,series_froc,2024,track_euromarque_motorsport_park,Euromarque Motorsport Park,New Zealand,running,20,20,2.069,41.380,observed_exact,driver_result,driver_physical_race,canonical driver result lapsCompleted,source_froc_2024_r4_race_1_html_table;source_froc_2024_r4_qualifying_1_toyota_article
session_froc_2024_r4_race_2,event_froc_2024_r4_euromarque_motorsport_park,2024-02-09,series_froc,2024,track_euromarque_motorsport_park,Euromarque Motorsport Park,New Zealand,running,20,20,2.069,41.380,observed_exact,driver_result,driver_physical_race,canonical driver result lapsCompleted,source_froc_2024_r4_race_2_html_table;source_froc_2024_r4_grid_r2_html_table
session_froc_2024_r4_race_3,event_froc_2024_r4_euromarque_motorsport_park,2024-02-09,series_froc,2024,track_euromarque_motorsport_park,Euromarque Motorsport Park,New Zealand,running,25,25,2.069,51.725,observed_exact,driver_result,driver_physical_race,canonical driver result lapsCompleted,source_froc_2024_r4_race_3_html_table;source_froc_2024_r4_grid_r3_html_table
session_froc_2024_r5_race_1,event_froc_2024_r5_highlands_motorsport_park,2024-02-16,series_froc,2024,track_highlands_motorsport_park,Highlands Motorsport Park,New Zealand,running,18,18,2.485,44.730,observed_exact,driver_result,driver_physical_race,canonical driver result lapsCompleted,source_froc_2024_r5_race_1_html_table;source_froc_2024_r5_highlands_gp_qualifying_format_article
session_froc_2024_r5_race_2,event_froc_2024_r5_highlands_motorsport_park,2024-02-16,series_froc,2024,track_highlands_motorsport_park,Highlands Motorsport Park,New Zealand,running,18,18,2.485,44.730,observed_exact,driver_result,driver_physical_race,canonical driver result lapsCompleted,source_froc_2024_r5_race_2_html_table;source_froc_2024_r5_race_2_toyota_article
session_froc_2024_r5_race_3,event_froc_2024_r5_highlands_motorsport_park,2024-02-16,series_froc,2024,track_highlands_motorsport_park,Highlands Motorsport Park,New Zealand,running,27,27,2.485,67.095,observed_exact,driver_result,driver_physical_race,canonical driver result lapsCompleted,source_froc_2024_r5_race_3_html_table;source_froc_2024_r5_highlands_gp_qualifying_format_article
session_indy_nxt_2024_6324,event_indy_nxt_2024_5480,2024-03-08,series_indy_nxt,2024,track_streets_of_st_petersburg,Streets of St. Petersburg,United States,contact,31,31,1.8,55.800,observed_exact,driver_result,driver_physical_race,canonical driver result lapsCompleted,source_indynxt_events_session_6324
session_indy_nxt_2024_6314,event_indy_nxt_2024_5470,2024-04-26,series_indy_nxt,2024,track_barber_motorsports_park,Barber Motorsports Park,United States,running,35,35,2.38,83.300,observed_exact,driver_result,driver_physical_race,canonical driver result lapsCompleted,source_indynxt_events_session_6314
session_indy_nxt_2024_6315,event_indy_nxt_2024_5471,2024-05-10,series_indy_nxt,2024,track_indianapolis_motor_speedway_road_course,Indianapolis Motor Speedway Road Course,United States,running,34,34,2.439,82.926,observed_exact,driver_result,driver_physical_race,canonical driver result lapsCompleted,source_indynxt_events_session_6315
session_indy_nxt_2024_6325,event_indy_nxt_2024_5481,2024-05-10,series_indy_nxt,2024,track_indianapolis_motor_speedway_road_course,Indianapolis Motor Speedway Road Course,United States,running,35,35,2.439,85.365,observed_exact,driver_result,driver_physical_race,canonical driver result lapsCompleted,source_indynxt_events_session_6325
session_indy_nxt_2024_6326,event_indy_nxt_2024_5482,2024-05-31,series_indy_nxt,2024,track_streets_of_detroit,Detroit Downtown Street Circuit,United States,contact,2,2,1.645,3.290,observed_exact,driver_result,driver_physical_race,canonical driver result lapsCompleted,source_indynxt_events_session_6326
session_indy_nxt_2024_6316,event_indy_nxt_2024_5472,2024-06-07,series_indy_nxt,2024,track_road_america,Road America,United States,running,20,20,4.048,80.960,observed_exact,driver_result,driver_physical_race,canonical driver result lapsCompleted,source_indynxt_events_session_6316
session_indy_nxt_2024_6317,event_indy_nxt_2024_5473,2024-06-21,series_indy_nxt,2024,track_weathertech_raceway_laguna_seca,WeatherTech Raceway Laguna Seca,United States,running,34,34,2.238,76.092,observed_exact,driver_result,driver_physical_race,canonical driver result lapsCompleted,source_indynxt_events_session_6317
session_indy_nxt_2024_6327,event_indy_nxt_2024_5483,2024-06-22,series_indy_nxt,2024,track_weathertech_raceway_laguna_seca,WeatherTech Raceway Laguna Seca,United States,running,35,35,2.238,78.330,observed_exact,driver_result,driver_physical_race,canonical driver result lapsCompleted,source_indynxt_events_session_6327
session_indy_nxt_2024_6318,event_indy_nxt_2024_5474,2024-07-05,series_indy_nxt,2024,track_mid_ohio_sports_car_course,Mid-Ohio Sports Car Course,United States,running,32,32,2.258,72.256,observed_exact,driver_result,driver_physical_race,canonical driver result lapsCompleted,source_indynxt_events_session_6318
session_indy_nxt_2024_6319,event_indy_nxt_2024_5475,2024-07-12,series_indy_nxt,2024,track_iowa_speedway,Iowa Speedway,United States,running,55,55,0.894,49.170,observed_exact,driver_result,driver_physical_race,canonical driver result lapsCompleted,source_indynxt_events_session_6319
session_indy_nxt_2024_6320,event_indy_nxt_2024_5476,2024-08-16,series_indy_nxt,2024,track_world_wide_technology_raceway,World Wide Technology Raceway,United States,running,75,75,1.25,93.750,observed_exact,driver_result,driver_physical_race,canonical driver result lapsCompleted,source_indynxt_events_session_6320
session_indy_nxt_2024_6321,event_indy_nxt_2024_5477,2024-08-23,series_indy_nxt,2024,track_portland_international_raceway,Portland International Raceway,United States,running,35,35,1.964,68.740,observed_exact,driver_result,driver_physical_race,canonical driver result lapsCompleted,source_indynxt_events_session_6321
session_indy_nxt_2024_6322,event_indy_nxt_2024_5478,2024-08-30,series_indy_nxt,2024,track_the_milwaukee_mile,The Milwaukee Mile,United States,running,90,90,1.015,91.350,observed_exact,driver_result,driver_physical_race,canonical driver result lapsCompleted,source_indynxt_events_session_6322
session_indy_nxt_2024_6323,event_indy_nxt_2024_5479,2024-09-14,series_indy_nxt,2024,track_nashville_superspeedway,Nashville Superspeedway,United States,running,65,65,1.33,86.450,observed_exact,driver_result,driver_physical_race,canonical driver result lapsCompleted,source_indynxt_events_session_6323
session_imsa_2025_daytona_rolex_24_race,event_imsa_2025_daytona_rolex_24,2025-01-25,series_imsa_weathertech,2025,track_daytona_international_speedway,Daytona International Speedway,United States,running,780,142,3.56,505.520,observed_exact,car_driver,driver_physical_race,sum of Bryce driver-stint lapCount; shared-car canonical laps excluded,analysis/imsa-daytona-stint-class-pace/output/bryce_imsa_stint_context.csv
session_indy_nxt_2025_6446,event_indy_nxt_2025_5488,2025-02-28,series_indy_nxt,2025,track_streets_of_st_petersburg,Streets of St. Petersburg,United States,running,44,44,1.8,79.200,observed_exact,driver_result,driver_physical_race,canonical driver result lapsCompleted,source_indynxt_events_session_6446
session_indy_nxt_2025_6445,event_indy_nxt_2025_5487,2025-05-02,series_indy_nxt,2025,track_barber_motorsports_park,Barber Motorsports Park,United States,running,35,35,2.38,83.300,observed_exact,driver_result,driver_physical_race,canonical driver result lapsCompleted,source_indynxt_events_session_6445
session_indy_nxt_2025_6444,event_indy_nxt_2025_5486,2025-05-09,series_indy_nxt,2025,track_indianapolis_motor_speedway_road_course,Indianapolis Motor Speedway Road Course,United States,running,35,35,2.439,85.365,observed_exact,driver_result,driver_physical_race,canonical driver result lapsCompleted,source_indynxt_events_session_6444
session_indy_nxt_2025_6443,event_indy_nxt_2025_5485,2025-05-09,series_indy_nxt,2025,track_indianapolis_motor_speedway_road_course,Indianapolis Motor Speedway Road Course,United States,running,35,35,2.439,85.365,observed_exact,driver_result,driver_physical_race,canonical driver result lapsCompleted,source_indynxt_events_session_6443
session_indy_nxt_2025_6455,event_indy_nxt_2025_5497,2025-05-30,series_indy_nxt,2025,track_streets_of_detroit,Detroit Downtown Street Circuit,United States,running,44,44,1.645,72.380,observed_exact,driver_result,driver_physical_race,canonical driver result lapsCompleted,source_indynxt_events_session_6455
session_indy_nxt_2025_6454,event_indy_nxt_2025_5496,2025-06-14,series_indy_nxt,2025,track_world_wide_technology_raceway,World Wide Technology Raceway,United States,running,74,74,1.25,92.500,observed_exact,driver_result,driver_physical_race,canonical driver result lapsCompleted,source_indynxt_events_session_6454
session_indy_nxt_2025_6453,event_indy_nxt_2025_5495,2025-06-20,series_indy_nxt,2025,track_road_america,Road America,United States,running,20,20,4.048,80.960,observed_exact,driver_result,driver_physical_race,canonical driver result lapsCompleted,source_indynxt_events_session_6453
session_indy_nxt_2025_6452,event_indy_nxt_2025_5494,2025-07-04,series_indy_nxt,2025,track_mid_ohio_sports_car_course,Mid-Ohio Sports Car Course,United States,running,33,33,2.258,74.514,observed_exact,driver_result,driver_physical_race,canonical driver result lapsCompleted,source_indynxt_events_session_6452
session_indy_nxt_2025_6451,event_indy_nxt_2025_5493,2025-07-11,series_indy_nxt,2025,track_iowa_speedway,Iowa Speedway,United States,running,75,75,0.894,67.050,observed_exact,driver_result,driver_physical_race,canonical driver result lapsCompleted,source_indynxt_events_session_6451
session_indy_nxt_2025_6442,event_indy_nxt_2025_5484,2025-07-25,series_indy_nxt,2025,track_weathertech_raceway_laguna_seca,WeatherTech Raceway Laguna Seca,United States,running,35,35,2.238,78.330,observed_exact,driver_result,driver_physical_race,canonical driver result lapsCompleted,source_indynxt_events_session_6442
session_indy_nxt_2025_6450,event_indy_nxt_2025_5492,2025-07-26,series_indy_nxt,2025,track_weathertech_raceway_laguna_seca,WeatherTech Raceway Laguna Seca,United States,contact,0,0,2.238,0.000,observed_exact,driver_result,driver_physical_race,canonical driver result lapsCompleted,source_indynxt_events_session_6450
session_indy_nxt_2025_6449,event_indy_nxt_2025_5491,2025-08-08,series_indy_nxt,2025,track_portland_international_raceway,Portland International Raceway,United States,contact,0,0,1.964,0.000,observed_exact,driver_result,driver_physical_race,canonical driver result lapsCompleted,source_indynxt_events_session_6449
session_indy_nxt_2025_6448,event_indy_nxt_2025_5490,2025-08-23,series_indy_nxt,2025,track_the_milwaukee_mile,The Milwaukee Mile,United States,running,90,90,1.015,91.350,observed_exact,driver_result,driver_physical_race,canonical driver result lapsCompleted,source_indynxt_events_session_6448
session_indy_nxt_2025_6447,event_indy_nxt_2025_5489,2025-08-30,series_indy_nxt,2025,track_nashville_superspeedway,Nashville Superspeedway,United States,running,65,65,1.33,86.450,observed_exact,driver_result,driver_physical_race,canonical driver result lapsCompleted,source_indynxt_events_session_6447
session_indy_nxt_2026_6751,event_indy_nxt_2026_5534,2026-02-27,series_indy_nxt,2026,track_streets_of_st_petersburg,Streets of St. Petersburg,United States,running,42,42,1.8,75.600,observed_exact,driver_result,driver_physical_race,canonical driver result lapsCompleted,source_indynxt_events_session_6751
session_indy_nxt_2026_6753,event_indy_nxt_2026_5536,2026-03-13,series_indy_nxt,2026,track_streets_of_arlington,Grand Prix of Arlington Street Circuit,United States,running,15,15,2.73,40.950,observed_exact,driver_result,driver_physical_race,canonical driver result lapsCompleted,source_indynxt_events_session_6753
session_indy_nxt_2026_6750,event_indy_nxt_2026_5533,2026-03-27,series_indy_nxt,2026,track_barber_motorsports_park,Barber Motorsports Park,United States,running,35,35,2.38,83.300,observed_exact,driver_result,driver_physical_race,canonical driver result lapsCompleted,source_indynxt_events_session_6750
session_indy_nxt_2026_6752,event_indy_nxt_2026_5535,2026-03-28,series_indy_nxt,2026,track_barber_motorsports_park,Barber Motorsports Park,United States,running,30,30,2.38,71.400,observed_exact,driver_result,driver_physical_race,canonical driver result lapsCompleted,source_indynxt_events_session_6752
session_indy_nxt_2026_6756,event_indy_nxt_2026_5539,2026-05-08,series_indy_nxt,2026,track_indianapolis_motor_speedway_road_course,Indianapolis Motor Speedway Road Course,United States,running,28,28,2.439,68.292,observed_exact,driver_result,driver_physical_race,canonical driver result lapsCompleted,source_indynxt_events_session_6756
session_indy_nxt_2026_6765,event_indy_nxt_2026_5548,2026-05-08,series_indy_nxt,2026,track_indianapolis_motor_speedway_road_course,Indianapolis Motor Speedway Road Course,United States,running,30,30,2.439,73.170,observed_exact,driver_result,driver_physical_race,canonical driver result lapsCompleted,source_indynxt_events_session_6765
session_indy_nxt_2026_6749,event_indy_nxt_2026_5532,2026-05-29,series_indy_nxt,2026,track_streets_of_detroit,Detroit Downtown Street Circuit,United States,running,42,42,1.645,69.090,observed_exact,driver_result,driver_physical_race,canonical driver result lapsCompleted,source_indynxt_events_session_6749
session_indy_nxt_2026_6763,event_indy_nxt_2026_5546,2026-06-06,series_indy_nxt,2026,track_world_wide_technology_raceway,World Wide Technology Raceway,United States,mechanical,5,5,1.25,6.250,observed_exact,driver_result,driver_physical_race,canonical driver result lapsCompleted,source_indynxt_events_session_6763
session_indy_nxt_2026_6762,event_indy_nxt_2026_5545,2026-06-19,series_indy_nxt,2026,track_road_america,Road America,United States,running,20,20,4.048,80.960,observed_exact,driver_result,driver_physical_race,canonical driver result lapsCompleted,source_indynxt_events_session_6762
session_indy_nxt_2026_6754,event_indy_nxt_2026_5537,2026-06-20,series_indy_nxt,2026,track_road_america,Road America,United States,running,18,18,4.048,72.864,observed_exact,driver_result,driver_physical_race,canonical driver result lapsCompleted,source_indynxt_events_session_6754
session_indy_nxt_2026_6761,event_indy_nxt_2026_5544,2026-07-03,series_indy_nxt,2026,track_mid_ohio_sports_car_course,Mid-Ohio Sports Car Course,United States,running,35,35,2.258,79.030,observed_exact,driver_result,driver_physical_race,canonical driver result lapsCompleted,source_indynxt_events_session_6761
session_indy_nxt_2026_6760,event_indy_nxt_2026_5543,2026-07-04,series_indy_nxt,2026,track_mid_ohio_sports_car_course,Mid-Ohio Sports Car Course,United States,running,30,30,2.258,67.740,observed_exact,driver_result,driver_physical_race,canonical driver result lapsCompleted,source_indynxt_events_session_6760
session_indy_nxt_2026_6755,event_indy_nxt_2026_5538,2026-07-18,series_indy_nxt,2026,track_nashville_superspeedway,Nashville Superspeedway,United States,running,65,65,1.33,86.450,observed_exact,driver_result,driver_physical_race,canonical driver result lapsCompleted,source_indynxt_events_session_6755
