seriesId,seriesName,seasonYear,eventName,sessionId,raceLabel,trackName,trackType,teamName,startPosition,finishPosition,positionGain,finishPercentile,points,status,sourceState
series_euroformula_open,Euroformula Open,2023,Euroformula Open 2023 Round 1 - Portimao,session_euroformula_2023_01-portimao-race-1,2023 Euroformula Open 2023 Round 1 - Portimao,Autodromo Internacional do Algarve,road,Team Motopark,5.0,5.0,0.0,0.6,,running,official_or_source_backed_result
series_euroformula_open,Euroformula Open,2023,Euroformula Open 2023 Round 1 - Portimao,session_euroformula_2023_01-portimao-race-2,2023 Euroformula Open 2023 Round 1 - Portimao,Autodromo Internacional do Algarve,road,Team Motopark,2.0,4.0,-2.0,0.6667,,running,official_or_source_backed_result
series_euroformula_open,Euroformula Open,2023,Euroformula Open 2023 Round 1 - Portimao,session_euroformula_2023_01-portimao-race-3,2023 Euroformula Open 2023 Round 1 - Portimao,Autodromo Internacional do Algarve,road,Team Motopark,2.0,4.0,-2.0,0.7,,running,official_or_source_backed_result
series_euroformula_open,Euroformula Open,2023,Euroformula Open 2023 Round 2 - Spa-Francorchamps,session_euroformula_2023_02-spa_francorchamps-race-1,2023 Euroformula Open 2023 Round 2 - Spa-Francorchamps,Circuit de Spa-Francorchamps,road,Team Motopark,5.0,3.0,2.0,0.8,,running,official_or_source_backed_result
series_euroformula_open,Euroformula Open,2023,Euroformula Open 2023 Round 2 - Spa-Francorchamps,session_euroformula_2023_02-spa_francorchamps-race-2,2023 Euroformula Open 2023 Round 2 - Spa-Francorchamps,Circuit de Spa-Francorchamps,road,Team Motopark,4.0,1.0,3.0,1.0,,running,official_or_source_backed_result
series_euroformula_open,Euroformula Open,2023,Euroformula Open 2023 Round 2 - Spa-Francorchamps,session_euroformula_2023_02-spa_francorchamps-race-3,2023 Euroformula Open 2023 Round 2 - Spa-Francorchamps,Circuit de Spa-Francorchamps,road,Team Motopark,2.0,5.0,-3.0,0.6,,running,official_or_source_backed_result
series_euroformula_open,Euroformula Open,2023,Euroformula Open 2023 Round 3 - Hungaroring,session_euroformula_2023_03-hungaroring-race-1,2023 Euroformula Open 2023 Round 3 - Hungaroring,Hungaroring,road,Team Motopark,7.0,6.0,1.0,0.5,,running,official_or_source_backed_result
series_euroformula_open,Euroformula Open,2023,Euroformula Open 2023 Round 3 - Hungaroring,session_euroformula_2023_03-hungaroring-race-2,2023 Euroformula Open 2023 Round 3 - Hungaroring,Hungaroring,road,Team Motopark,1.0,1.0,0.0,1.0,,running,official_or_source_backed_result
series_euroformula_open,Euroformula Open,2023,Euroformula Open 2023 Round 3 - Hungaroring,session_euroformula_2023_03-hungaroring-race-3,2023 Euroformula Open 2023 Round 3 - Hungaroring,Hungaroring,road,Team Motopark,7.0,4.0,3.0,0.6667,,running,official_or_source_backed_result
series_euroformula_open,Euroformula Open,2023,Euroformula Open 2023 Round 4 - Paul Ricard,session_euroformula_2023_04-paul_ricard-race-1,2023 Euroformula Open 2023 Round 4 - Paul Ricard,Circuit Paul Ricard,road,Team Motopark,3.0,3.0,0.0,0.7143,,running,official_or_source_backed_result
series_euroformula_open,Euroformula Open,2023,Euroformula Open 2023 Round 4 - Paul Ricard,session_euroformula_2023_04-paul_ricard-race-2,2023 Euroformula Open 2023 Round 4 - Paul Ricard,Circuit Paul Ricard,road,Team Motopark,4.0,1.0,3.0,1.0,,running,official_or_source_backed_result
series_euroformula_open,Euroformula Open,2023,Euroformula Open 2023 Round 4 - Paul Ricard,session_euroformula_2023_04-paul_ricard-race-3,2023 Euroformula Open 2023 Round 4 - Paul Ricard,Circuit Paul Ricard,road,Team Motopark,4.0,4.0,0.0,0.5714,,running,official_or_source_backed_result
series_euroformula_open,Euroformula Open,2023,Euroformula Open 2023 Round 5 - Red Bull Ring,session_euroformula_2023_05-red_bull_ring-race-1,2023 Euroformula Open 2023 Round 5 - Red Bull Ring,Red Bull Ring,road,Team Motopark,5.0,6.0,-1.0,0.4444,,running,official_or_source_backed_result
series_euroformula_open,Euroformula Open,2023,Euroformula Open 2023 Round 5 - Red Bull Ring,session_euroformula_2023_05-red_bull_ring-race-2,2023 Euroformula Open 2023 Round 5 - Red Bull Ring,Red Bull Ring,road,Team Motopark,1.0,6.0,-5.0,0.4444,,running,official_or_source_backed_result
series_euroformula_open,Euroformula Open,2023,Euroformula Open 2023 Round 5 - Red Bull Ring,session_euroformula_2023_05-red_bull_ring-race-3,2023 Euroformula Open 2023 Round 5 - Red Bull Ring,Red Bull Ring,road,Team Motopark,2.0,6.0,-4.0,0.4444,,running,official_or_source_backed_result
series_euroformula_open,Euroformula Open,2023,Euroformula Open 2023 Round 6 - Monza,session_euroformula_2023_06-monza-race-1,2023 Euroformula Open 2023 Round 6 - Monza,Autodromo Nazionale Monza,road,Team Motopark,4.0,7.0,-3.0,0.1429,,running,official_or_source_backed_result
series_euroformula_open,Euroformula Open,2023,Euroformula Open 2023 Round 6 - Monza,session_euroformula_2023_06-monza-race-3,2023 Euroformula Open 2023 Round 6 - Monza,Autodromo Nazionale Monza,road,Team Motopark,3.0,5.0,-2.0,0.4286,,running,official_or_source_backed_result
series_formula_ford,Formula Ford,2020,Champion of Brands 2020,session_formula_ford_2020_champion_brands_race_11,2020 Champion of Brands 2020,Brands Hatch Circuit,road,,3.0,3.0,0.0,0.9231,,running,official_or_source_backed_result
series_formula_ford,Formula Ford,2020,Champion of Brands 2020,session_formula_ford_2020_champion_brands_race_5,2020 Champion of Brands 2020,Brands Hatch Circuit,road,,5.0,3.0,2.0,0.92,,running,official_or_source_backed_result
series_formula_ford,Formula Ford,2020,The Champion of Cadwell for FF1600 2020,session_formula_ford_2020_champion_cadwell_race_2,2020 The Champion of Cadwell for FF1600 2020,Cadwell Park Circuit,road,,1.0,3.0,-2.0,0.875,,running,official_or_source_backed_result
series_formula_ford,Formula Ford,2020,The Champion of Cadwell for FF1600 2020,session_formula_ford_2020_champion_cadwell_race_5,2020 The Champion of Cadwell for FF1600 2020,Cadwell Park Circuit,road,,3.0,1.0,2.0,1.0,,running,official_or_source_backed_result
series_formula_ford,Formula Ford,2020,BRSCC Formula Ford Festival 2020,session_formula_ford_2020_festival_grand_final_race_21,2020 BRSCC Formula Ford Festival 2020,Brands Hatch Circuit,road,,5.0,5.0,0.0,0.8667,,running,official_or_source_backed_result
series_formula_ford,Formula Ford,2020,BRSCC Formula Ford Festival 2020,session_formula_ford_2020_festival_semi_final_1_race_13,2020 BRSCC Formula Ford Festival 2020,Brands Hatch Circuit,road,,6.0,3.0,3.0,0.9167,,running,official_or_source_backed_result
series_formula_ford,Formula Ford,2020,BRSCC National FF1600 2020 - Brands Hatch,session_formula_ford_2020_national_brands_hatch_race_11,2020 BRSCC National FF1600 2020 - Brands Hatch,Brands Hatch Circuit,road,,5.0,5.0,0.0,0.8182,,running,official_or_source_backed_result
series_formula_ford,Formula Ford,2020,BRSCC National FF1600 2020 - Brands Hatch,session_formula_ford_2020_national_brands_hatch_race_18,2020 BRSCC National FF1600 2020 - Brands Hatch,Brands Hatch Circuit,road,,2.0,5.0,-3.0,0.8182,,running,official_or_source_backed_result
series_formula_ford,Formula Ford,2020,BRSCC National FF1600 2020 - Brands Hatch,session_formula_ford_2020_national_brands_hatch_race_2,2020 BRSCC National FF1600 2020 - Brands Hatch,Brands Hatch Circuit,road,,1.0,5.0,-4.0,0.8182,,running,official_or_source_backed_result
series_formula_ford,Formula Ford,2020,BRSCC National FF1600 2020 - Oulton Park,session_formula_ford_2020_national_oulton_park_race_1,2020 BRSCC National FF1600 2020 - Oulton Park,Oulton Park,road,,12.0,9.0,3.0,0.7647,,running,official_or_source_backed_result
series_formula_ford,Formula Ford,2020,BRSCC National FF1600 2020 - Oulton Park,session_formula_ford_2020_national_oulton_park_race_8,2020 BRSCC National FF1600 2020 - Oulton Park,Oulton Park,road,,9.0,7.0,2.0,0.8235,,running,official_or_source_backed_result
series_formula_ford,Formula Ford,2020,BRSCC National FF1600 2020 - Silverstone International,session_formula_ford_2020_national_silverstone_race_3,2020 BRSCC National FF1600 2020 - Silverstone International,Silverstone Circuit,road,,6.0,9.0,-3.0,0.7143,,running,official_or_source_backed_result
series_formula_ford,Formula Ford,2020,BRSCC National FF1600 2020 - Silverstone International,session_formula_ford_2020_national_silverstone_race_7,2020 BRSCC National FF1600 2020 - Silverstone International,Silverstone Circuit,road,,9.0,5.0,4.0,0.8621,,running,official_or_source_backed_result
series_formula_ford,Formula Ford,2020,Walter Hayes Trophy 2020,session_formula_ford_2020_wht_grand_final,2020 Walter Hayes Trophy 2020,Silverstone Circuit,road,,9.0,3.0,6.0,0.9231,,running,official_or_source_backed_result
series_formula_ford,Formula Ford,2020,Walter Hayes Trophy 2020,session_formula_ford_2020_wht_semi_final_2,2020 Walter Hayes Trophy 2020,Silverstone Circuit,road,,7.0,5.0,2.0,0.8857,,running,official_or_source_backed_result
series_froc,Castrol Toyota Formula Regional Oceania Championship,2024,FROC 2024 Round 4 - Euromarque Motorsport Park,session_froc_2024_r4_race_1,2024 FROC 2024 Round 4 - Euromarque Motorsport Park,Euromarque Motorsport Park,road,,7.0,9.0,-2.0,0.4667,,running,official_or_source_backed_result
series_froc,Castrol Toyota Formula Regional Oceania Championship,2024,FROC 2024 Round 4 - Euromarque Motorsport Park,session_froc_2024_r4_race_2,2024 FROC 2024 Round 4 - Euromarque Motorsport Park,Euromarque Motorsport Park,road,,9.0,10.0,-1.0,0.4375,,running,official_or_source_backed_result
series_froc,Castrol Toyota Formula Regional Oceania Championship,2024,FROC 2024 Round 4 - Euromarque Motorsport Park,session_froc_2024_r4_race_3,2024 FROC 2024 Round 4 - Euromarque Motorsport Park,Euromarque Motorsport Park,road,,3.0,4.0,-1.0,0.8,,running,official_or_source_backed_result
series_froc,Castrol Toyota Formula Regional Oceania Championship,2024,FROC 2024 Round 5 - Highlands Motorsport Park,session_froc_2024_r5_race_1,2024 FROC 2024 Round 5 - Highlands Motorsport Park,Highlands Motorsport Park,road,,8.0,7.0,1.0,0.6471,,running,official_or_source_backed_result
series_froc,Castrol Toyota Formula Regional Oceania Championship,2024,FROC 2024 Round 5 - Highlands Motorsport Park,session_froc_2024_r5_race_2,2024 FROC 2024 Round 5 - Highlands Motorsport Park,Highlands Motorsport Park,road,,1.0,1.0,0.0,1.0,,running,official_or_source_backed_result
series_froc,Castrol Toyota Formula Regional Oceania Championship,2024,FROC 2024 Round 5 - Highlands Motorsport Park,session_froc_2024_r5_race_3,2024 FROC 2024 Round 5 - Highlands Motorsport Park,Highlands Motorsport Park,road,,6.0,6.0,0.0,0.7059,,running,official_or_source_backed_result
series_frp_f1600,F1600 Championship Series,2019,FRP F1600 2019 Round 1 - Road Atlanta,session_frp_f1600_2019_r1_04_race_1,2019 FRP F1600 2019 Round 1 - Road Atlanta,Michelin Raceway Road Atlanta,road,K-Hill Motorsports,,6.0,,0.7222,29,running,official_or_source_backed_result
series_frp_f1600,F1600 Championship Series,2019,FRP F1600 2019 Round 1 - Road Atlanta,session_frp_f1600_2019_r1_05_race_2,2019 FRP F1600 2019 Round 1 - Road Atlanta,Michelin Raceway Road Atlanta,road,K-Hill Motorsports,,4.0,,0.8333,34,running,official_or_source_backed_result
series_frp_f1600,F1600 Championship Series,2019,FRP F1600 2019 Round 1 - Road Atlanta,session_frp_f1600_2019_r1_06_race_3,2019 FRP F1600 2019 Round 1 - Road Atlanta,Michelin Raceway Road Atlanta,road,K-Hill Motorsports,,3.0,,0.8889,37,running,official_or_source_backed_result
series_frp_f1600,F1600 Championship Series,2019,FRP F1600 2019 Round 2 - Watkins Glen International,session_frp_f1600_2019_r2_04_race_1,2019 FRP F1600 2019 Round 2 - Watkins Glen International,Watkins Glen International,road,K-Hill Motorsports,,5.0,,0.6667,31,running,official_or_source_backed_result
series_frp_f1600,F1600 Championship Series,2019,FRP F1600 2019 Round 2 - Watkins Glen International,session_frp_f1600_2019_r2_05_race_2,2019 FRP F1600 2019 Round 2 - Watkins Glen International,Watkins Glen International,road,K-Hill Motorsports,,12.0,,0.0833,17,running,official_or_source_backed_result
series_frp_f1600,F1600 Championship Series,2019,FRP F1600 2019 Round 3 - Mid Ohio Sports Car Course,session_frp_f1600_2019_r3_04_race_1,2019 FRP F1600 2019 Round 3 - Mid Ohio Sports Car Course,Mid-Ohio Sports Car Course,road,K-Hill Motorsports,,7.0,,0.7,27,running,official_or_source_backed_result
series_frp_f1600,F1600 Championship Series,2019,FRP F1600 2019 Round 3 - Mid Ohio Sports Car Course,session_frp_f1600_2019_r3_05_race_2,2019 FRP F1600 2019 Round 3 - Mid Ohio Sports Car Course,Mid-Ohio Sports Car Course,road,K-Hill Motorsports,,10.0,,0.55,21,running,official_or_source_backed_result
series_frp_f1600,F1600 Championship Series,2019,FRP F1600 2019 Round 3 - Mid Ohio Sports Car Course,session_frp_f1600_2019_r3_06_race_3,2019 FRP F1600 2019 Round 3 - Mid Ohio Sports Car Course,Mid-Ohio Sports Car Course,road,K-Hill Motorsports,,3.0,,0.9,37,running,official_or_source_backed_result
series_frp_f1600,F1600 Championship Series,2019,FRP F1600 2019 Round 4 - Virginia International Raceway,session_frp_f1600_2019_r4_02_race_1,2019 FRP F1600 2019 Round 4 - Virginia International Raceway,Virginia International Raceway,road,K-Hill Motorsports,,6.0,,0.6875,29,running,official_or_source_backed_result
series_frp_f1600,F1600 Championship Series,2019,FRP F1600 2019 Round 4 - Virginia International Raceway,session_frp_f1600_2019_r4_03_race_2,2019 FRP F1600 2019 Round 4 - Virginia International Raceway,Virginia International Raceway,road,K-Hill Motorsports,,4.0,,0.8125,34,running,official_or_source_backed_result
series_frp_f1600,F1600 Championship Series,2019,FRP F1600 2019 Round 4 - Virginia International Raceway,session_frp_f1600_2019_r4_04_race_3,2019 FRP F1600 2019 Round 4 - Virginia International Raceway,Virginia International Raceway,road,K-Hill Motorsports,,3.0,,0.875,37,running,official_or_source_backed_result
series_frp_f1600,F1600 Championship Series,2019,FRP F1600 2019 Round 5 - Pittsburgh International Race Complex,session_frp_f1600_2019_r5_02_race_1,2019 FRP F1600 2019 Round 5 - Pittsburgh International Race Complex,Pittsburgh International Race Complex,road,K-Hill Motorsports,,6.0,,0.6154,29,running,official_or_source_backed_result
series_frp_f1600,F1600 Championship Series,2019,FRP F1600 2019 Round 5 - Pittsburgh International Race Complex,session_frp_f1600_2019_r5_03_race_2,2019 FRP F1600 2019 Round 5 - Pittsburgh International Race Complex,Pittsburgh International Race Complex,road,K-Hill Motorsports,,4.0,,0.7692,34,running,official_or_source_backed_result
series_frp_f1600,F1600 Championship Series,2019,FRP F1600 2019 Round 5 - Pittsburgh International Race Complex,session_frp_f1600_2019_r5_04_race_3,2019 FRP F1600 2019 Round 5 - Pittsburgh International Race Complex,Pittsburgh International Race Complex,road,K-Hill Motorsports,,4.0,,0.7692,34,running,official_or_source_backed_result
series_frp_f1600,F1600 Championship Series,2019,FRP F1600 2019 Round 6 - Summit Point,session_frp_f1600_2019_r6_04_race_1,2019 FRP F1600 2019 Round 6 - Summit Point,Summit Point Motorsports Park Main Circuit,road,K-Hill Motorsports,,3.0,,0.8182,37,running,official_or_source_backed_result
series_frp_f1600,F1600 Championship Series,2019,FRP F1600 2019 Round 6 - Summit Point,session_frp_f1600_2019_r6_05_race_2,2019 FRP F1600 2019 Round 6 - Summit Point,Summit Point Motorsports Park Main Circuit,road,K-Hill Motorsports,,3.0,,0.8182,37,running,official_or_source_backed_result
series_frp_f1600,F1600 Championship Series,2019,FRP F1600 2019 Round 6 - Summit Point,session_frp_f1600_2019_r6_06_race_3,2019 FRP F1600 2019 Round 6 - Summit Point,Summit Point Motorsports Park Main Circuit,road,K-Hill Motorsports,,4.0,,0.7273,36,running,official_or_source_backed_result
series_frp_f1600,F1600 Championship Series,2019,FRP F1600 2019 Round 7 - New Jersey Motorsports Park,session_frp_f1600_2019_r7_04_race_1,2019 FRP F1600 2019 Round 7 - New Jersey Motorsports Park,New Jersey Motorsports Park Thunderbolt Raceway,road,K-Hill Motorsports,,3.0,,0.8667,37,running,official_or_source_backed_result
series_frp_f1600,F1600 Championship Series,2019,FRP F1600 2019 Round 7 - New Jersey Motorsports Park,session_frp_f1600_2019_r7_05_race_2,2019 FRP F1600 2019 Round 7 - New Jersey Motorsports Park,New Jersey Motorsports Park Thunderbolt Raceway,road,K-Hill Motorsports,,2.0,,0.9333,42,running,official_or_source_backed_result
series_frp_f1600,F1600 Championship Series,2019,FRP F1600 2019 Round 7 - New Jersey Motorsports Park,session_frp_f1600_2019_r7_06_race_3,2019 FRP F1600 2019 Round 7 - New Jersey Motorsports Park,New Jersey Motorsports Park Thunderbolt Raceway,road,K-Hill Motorsports,,3.0,,0.8667,37,running,official_or_source_backed_result
series_gb3,GB3 Championship,2021,GB3 2021 Round 1 - Brands Hatch,session_gb3_2021_212005_race_1_result,2021 GB3 2021 Round 1 - Brands Hatch,Brands Hatch Circuit,road,Carlin,12.0,10.0,2.0,0.5263,,running,official_or_source_backed_result
series_gb3,GB3 Championship,2021,GB3 2021 Round 1 - Brands Hatch,session_gb3_2021_212005_race_2_result,2021 GB3 2021 Round 1 - Brands Hatch,Brands Hatch Circuit,road,Carlin,11.0,9.0,2.0,0.5789,,running,official_or_source_backed_result
series_gb3,GB3 Championship,2021,GB3 2021 Round 1 - Brands Hatch,session_gb3_2021_212005_race_3_result,2021 GB3 2021 Round 1 - Brands Hatch,Brands Hatch Circuit,road,Carlin,8.0,4.0,4.0,0.8421,,running,official_or_source_backed_result
series_gb3,GB3 Championship,2021,GB3 2021 Round 2 - Silverstone,session_gb3_2021_212505_race_1_result,2021 GB3 2021 Round 2 - Silverstone,Silverstone Circuit,road,Carlin,13.0,9.0,4.0,0.5,,running,official_or_source_backed_result
series_gb3,GB3 Championship,2021,GB3 2021 Round 2 - Silverstone,session_gb3_2021_212505_race_2_result,2021 GB3 2021 Round 2 - Silverstone,Silverstone Circuit,road,Carlin,11.0,11.0,0.0,0.375,,running,official_or_source_backed_result
series_gb3,GB3 Championship,2021,GB3 2021 Round 3 - Donington Park,session_gb3_2021_212705_race_1_result,2021 GB3 2021 Round 3 - Donington Park,Donington Park,road,Carlin,12.0,13.0,-1.0,0.2941,,running,official_or_source_backed_result
series_gb3,GB3 Championship,2021,GB3 2021 Round 3 - Donington Park,session_gb3_2021_212705_race_2_result,2021 GB3 2021 Round 3 - Donington Park,Donington Park,road,Carlin,12.0,11.0,1.0,0.375,,running,official_or_source_backed_result
series_gb3,GB3 Championship,2021,GB3 2021 Round 3 - Donington Park,session_gb3_2021_212705_race_3_result,2021 GB3 2021 Round 3 - Donington Park,Donington Park,road,Carlin,6.0,4.0,2.0,0.8235,,running,official_or_source_backed_result
series_gb3,GB3 Championship,2021,GB3 2021 Round 4 - Spa-Francorchamps,session_gb3_2021_212905_race_1_result,2021 GB3 2021 Round 4 - Spa-Francorchamps,Circuit de Spa-Francorchamps,road,Carlin,9.0,10.0,-1.0,0.4375,,running,official_or_source_backed_result
series_gb3,GB3 Championship,2021,GB3 2021 Round 4 - Spa-Francorchamps,session_gb3_2021_212905_race_2_result,2021 GB3 2021 Round 4 - Spa-Francorchamps,Circuit de Spa-Francorchamps,road,Carlin,9.0,11.0,-2.0,0.375,,running,official_or_source_backed_result
series_gb3,GB3 Championship,2021,GB3 2021 Round 4 - Spa-Francorchamps,session_gb3_2021_212905_race_3_result,2021 GB3 2021 Round 4 - Spa-Francorchamps,Circuit de Spa-Francorchamps,road,Carlin,7.0,14.0,-7.0,0.1875,,running,official_or_source_backed_result
series_gb3,GB3 Championship,2021,GB3 2021 Round 5 - Snetterton,session_gb3_2021_213105_race_1_result,2021 GB3 2021 Round 5 - Snetterton,Snetterton Circuit,road,Carlin,12.0,11.0,1.0,0.4444,,running,official_or_source_backed_result
series_gb3,GB3 Championship,2021,GB3 2021 Round 5 - Snetterton,session_gb3_2021_213105_race_2_result,2021 GB3 2021 Round 5 - Snetterton,Snetterton Circuit,road,Carlin,6.0,6.0,0.0,0.7222,,running,official_or_source_backed_result
series_gb3,GB3 Championship,2021,GB3 2021 Round 5 - Snetterton,session_gb3_2021_213105_race_3_result,2021 GB3 2021 Round 5 - Snetterton,Snetterton Circuit,road,Carlin,12.0,13.0,-1.0,0.3333,,running,official_or_source_backed_result
series_gb3,GB3 Championship,2021,GB3 2021 Round 6 - Oulton Park,session_gb3_2021_213605_race_1_result,2021 GB3 2021 Round 6 - Oulton Park,Oulton Park,road,Carlin,15.0,14.0,1.0,0.1875,,running,official_or_source_backed_result
series_gb3,GB3 Championship,2021,GB3 2021 Round 6 - Oulton Park,session_gb3_2021_213605_race_2_result,2021 GB3 2021 Round 6 - Oulton Park,Oulton Park,road,Carlin,15.0,8.0,7.0,0.5882,,running,official_or_source_backed_result
series_gb3,GB3 Championship,2021,GB3 2021 Round 6 - Oulton Park,session_gb3_2021_213605_race_3_result,2021 GB3 2021 Round 6 - Oulton Park,Oulton Park,road,Carlin,2.0,13.0,-11.0,0.2941,,running,official_or_source_backed_result
series_gb3,GB3 Championship,2021,GB3 2021 Round 7 - Donington Park,session_gb3_2021_214105_race_1_result,2021 GB3 2021 Round 7 - Donington Park,Donington Park,road,Carlin,12.0,6.0,6.0,0.7619,,running,official_or_source_backed_result
series_gb3,GB3 Championship,2021,GB3 2021 Round 7 - Donington Park,session_gb3_2021_214105_race_2_result,2021 GB3 2021 Round 7 - Donington Park,Donington Park,road,Carlin,13.0,6.0,7.0,0.7619,,running,official_or_source_backed_result
series_gb3,GB3 Championship,2021,GB3 2021 Round 7 - Donington Park,session_gb3_2021_214105_race_3_result,2021 GB3 2021 Round 7 - Donington Park,Donington Park,road,Carlin,10.0,13.0,-3.0,0.4286,,running,official_or_source_backed_result
series_gb3,GB3 Championship,2022,GB3 2022 Round 2 - Silverstone,session_gb3_2022_1082,2022 GB3 2022 Round 2 - Silverstone,Silverstone Circuit,road,Hitech Pulse-Eight,,19.0,,0.1,2,running,official_or_source_backed_result
series_gb3,GB3 Championship,2022,GB3 2022 Round 2 - Silverstone,session_gb3_2022_1083,2022 GB3 2022 Round 2 - Silverstone,Silverstone Circuit,road,Hitech Pulse-Eight,,12.0,,0.45,9,running,official_or_source_backed_result
series_gb3,GB3 Championship,2022,GB3 2022 Round 2 - Silverstone,session_gb3_2022_1084,2022 GB3 2022 Round 2 - Silverstone,Silverstone Circuit,road,Hitech Pulse-Eight,,3.0,,0.9,18,running,official_or_source_backed_result
series_gb3,GB3 Championship,2022,GB3 2022 Round 3 - Donington Park,session_gb3_2022_1085,2022 GB3 2022 Round 3 - Donington Park,Donington Park,road,Hitech Pulse-Eight,,12.0,,0.5,9,running,official_or_source_backed_result
series_gb3,GB3 Championship,2022,GB3 2022 Round 3 - Donington Park,session_gb3_2022_1087,2022 GB3 2022 Round 3 - Donington Park,Donington Park,road,Hitech Pulse-Eight,,1.0,,1.0,20,running,official_or_source_backed_result
series_gb3,GB3 Championship,2022,GB3 2022 Round 4 - Snetterton,session_gb3_2022_1088,2022 GB3 2022 Round 4 - Snetterton,Snetterton Circuit,road,Hitech Pulse-Eight,,11.0,,0.5455,10,running,official_or_source_backed_result
series_gb3,GB3 Championship,2022,GB3 2022 Round 4 - Snetterton,session_gb3_2022_1089,2022 GB3 2022 Round 4 - Snetterton,Snetterton Circuit,road,Hitech Pulse-Eight,,13.0,,0.4545,8,running,official_or_source_backed_result
series_gb3,GB3 Championship,2022,GB3 2022 Round 6 - Silverstone,session_gb3_2022_1094,2022 GB3 2022 Round 6 - Silverstone,Silverstone Circuit,road,Hitech Pulse-Eight,,16.0,,0.3182,5,running,official_or_source_backed_result
series_gb3,GB3 Championship,2022,GB3 2022 Round 6 - Silverstone,session_gb3_2022_1096,2022 GB3 2022 Round 6 - Silverstone,Silverstone Circuit,road,Hitech Pulse-Eight,,14.0,,0.381,9,running,official_or_source_backed_result
series_gb3,GB3 Championship,2022,GB3 2022 Round 7 - Brands Hatch,session_gb3_2022_1097,2022 GB3 2022 Round 7 - Brands Hatch,Brands Hatch Circuit,road,Hitech Pulse-Eight,,8.0,,0.6818,13,running,official_or_source_backed_result
series_gb3,GB3 Championship,2022,GB3 2022 Round 7 - Brands Hatch,session_gb3_2022_1098,2022 GB3 2022 Round 7 - Brands Hatch,Brands Hatch Circuit,road,Hitech Pulse-Eight,,7.0,,0.7273,15,running,official_or_source_backed_result
series_gb3,GB3 Championship,2022,GB3 2022 Round 7 - Brands Hatch,session_gb3_2022_1099,2022 GB3 2022 Round 7 - Brands Hatch,Brands Hatch Circuit,road,Hitech Pulse-Eight,,10.0,,0.5909,8,running,official_or_source_backed_result
series_gb3,GB3 Championship,2022,GB3 2022 Round 8 - Donington Park,session_gb3_2022_1103,2022 GB3 2022 Round 8 - Donington Park,Donington Park,road,Hitech Pulse-Eight,,6.0,,0.75,17,running,official_or_source_backed_result
series_gb3,GB3 Championship,2022,GB3 2022 Round 8 - Donington Park,session_gb3_2022_1104,2022 GB3 2022 Round 8 - Donington Park,Donington Park,road,Hitech Pulse-Eight,,3.0,,0.9,24,running,official_or_source_backed_result
series_gb3,GB3 Championship,2022,GB3 2022 Round 8 - Donington Park,session_gb3_2022_1105,2022 GB3 2022 Round 8 - Donington Park,Donington Park,road,Hitech Pulse-Eight,,13.0,,0.4,8,running,official_or_source_backed_result
series_gb3,GB3 Championship,2022,GB3 2022 Round 3 - Donington Park,session_gb3_2022_1257,2022 GB3 2022 Round 3 - Donington Park,Donington Park,road,Hitech Pulse-Eight,,19.0,,0.1818,2,running,official_or_source_backed_result
series_gb3,GB3 Championship,2022,GB3 2022 Round 5 - Spa,session_gb3_2022_1363,2022 GB3 2022 Round 5 - Spa,Circuit de Spa-Francorchamps,road,Hitech Pulse-Eight,,9.0,,0.6364,12,running,official_or_source_backed_result
series_gb3,GB3 Championship,2022,GB3 2022 Round 5 - Spa,session_gb3_2022_1364,2022 GB3 2022 Round 5 - Spa,Circuit de Spa-Francorchamps,road,Hitech Pulse-Eight,,14.0,,0.4091,7,running,official_or_source_backed_result
series_gb3,GB3 Championship,2022,GB3 2022 Round 5 - Spa,session_gb3_2022_1365,2022 GB3 2022 Round 5 - Spa,Circuit de Spa-Francorchamps,road,Hitech Pulse-Eight,,21.0,,0.0909,0,running,official_or_source_backed_result
series_gb3,GB3 Championship,2022,GB3 2022 Round 1 - Oulton Park,session_gb3_2022_778,2022 GB3 2022 Round 1 - Oulton Park,Oulton Park,road,Hitech Pulse-Eight,,12.0,,0.4762,9,running,official_or_source_backed_result
series_gb3,GB3 Championship,2022,GB3 2022 Round 1 - Oulton Park,session_gb3_2022_779,2022 GB3 2022 Round 1 - Oulton Park,Oulton Park,road,Hitech Pulse-Eight,,15.0,,0.3333,6,running,official_or_source_backed_result
series_gb3,GB3 Championship,2022,GB3 2022 Round 1 - Oulton Park,session_gb3_2022_780,2022 GB3 2022 Round 1 - Oulton Park,Oulton Park,road,Hitech Pulse-Eight,,17.0,,0.2381,4,running,official_or_source_backed_result
series_imsa_weathertech,IMSA WeatherTech SportsCar Championship,2025,Rolex 24 at Daytona,session_imsa_2025_daytona_rolex_24_race,2025 Rolex 24 at Daytona,Daytona International Speedway,road,JDC Miller MotorSports,,6.0,,0.918,,running,official_or_source_backed_result
series_indy_nxt,INDY NXT,2024,Grand Prix of Alabama,session_indy_nxt_2024_6314,2024 Grand Prix of Alabama,Barber Motorsports Park,road,Andretti Global,7.0,8.0,-1.0,0.6667,24,running,official_or_source_backed_result
series_indy_nxt,INDY NXT,2024,Indianapolis Grand Prix Race 1,session_indy_nxt_2024_6315,2024 Indianapolis Grand Prix Race 1,Indianapolis Motor Speedway Road Course,road,Andretti Global,11.0,14.0,-3.0,0.381,16,running,official_or_source_backed_result
series_indy_nxt,INDY NXT,2024,Grand Prix at Road America,session_indy_nxt_2024_6316,2024 Grand Prix at Road America,Road America,road,Andretti Global,7.0,8.0,-1.0,0.6667,24,running,official_or_source_backed_result
series_indy_nxt,INDY NXT,2024,Grand Prix of Monterey Race 1,session_indy_nxt_2024_6317,2024 Grand Prix of Monterey Race 1,WeatherTech Raceway Laguna Seca,road,Andretti Global,9.0,16.0,-7.0,0.25,14,running,official_or_source_backed_result
series_indy_nxt,INDY NXT,2024,Grand Prix at Mid-Ohio,session_indy_nxt_2024_6318,2024 Grand Prix at Mid-Ohio,Mid-Ohio Sports Car Course,road,Andretti Global,14.0,18.0,-4.0,0.1053,12,running,official_or_source_backed_result
series_indy_nxt,INDY NXT,2024,INDY NXT by Firestone at Iowa Speedway,session_indy_nxt_2024_6319,2024 INDY NXT by Firestone at Iowa Speedway,Iowa Speedway,oval,Andretti Global,9.0,8.0,1.0,0.6111,24,running,official_or_source_backed_result
series_indy_nxt,INDY NXT,2024,OUTFRONT Showdown,session_indy_nxt_2024_6320,2024 OUTFRONT Showdown,World Wide Technology Raceway,oval,Andretti Global,13.0,6.0,7.0,0.7222,28,running,official_or_source_backed_result
series_indy_nxt,INDY NXT,2024,Grand Prix of Portland,session_indy_nxt_2024_6321,2024 Grand Prix of Portland,Portland International Raceway,road,Andretti Global,6.0,3.0,3.0,0.8824,35,running,official_or_source_backed_result
series_indy_nxt,INDY NXT,2024,INDY NXT By Firestone at The Milwaukee Mile,session_indy_nxt_2024_6322,2024 INDY NXT By Firestone at The Milwaukee Mile,The Milwaukee Mile,oval,Andretti Global,7.0,4.0,3.0,0.8333,32,running,official_or_source_backed_result
series_indy_nxt,INDY NXT,2024,Music City Grand Prix,session_indy_nxt_2024_6323,2024 Music City Grand Prix,Nashville Superspeedway,oval,Andretti Global,10.0,7.0,3.0,0.6667,26,running,official_or_source_backed_result
series_indy_nxt,INDY NXT,2024,Grand Prix of St. Petersburg,session_indy_nxt_2024_6324,2024 Grand Prix of St. Petersburg,Streets of St. Petersburg,street,Andretti Global,8.0,19.0,-11.0,0.1429,11,contact,official_or_source_backed_result
series_indy_nxt,INDY NXT,2024,Indianapolis Grand Prix Race 2,session_indy_nxt_2024_6325,2024 Indianapolis Grand Prix Race 2,Indianapolis Motor Speedway Road Course,road,Andretti Global,11.0,19.0,-8.0,0.1429,11,running,official_or_source_backed_result
series_indy_nxt,INDY NXT,2024,Detroit Grand Prix,session_indy_nxt_2024_6326,2024 Detroit Grand Prix,Detroit Downtown Street Circuit,street,Andretti Global,11.0,20.0,-9.0,0.0952,10,contact,official_or_source_backed_result
series_indy_nxt,INDY NXT,2024,Grand Prix of Monterey Race 2,session_indy_nxt_2024_6327,2024 Grand Prix of Monterey Race 2,WeatherTech Raceway Laguna Seca,road,Andretti Global,5.0,3.0,2.0,0.9,35,running,official_or_source_backed_result
series_indy_nxt,INDY NXT,2025,Grand Prix of Monterey Race 1,session_indy_nxt_2025_6442,2025 Grand Prix of Monterey Race 1,WeatherTech Raceway Laguna Seca,road,Chip Ganassi Racing,14.0,10.0,4.0,0.5263,20,running,official_or_source_backed_result
series_indy_nxt,INDY NXT,2025,Indianapolis Grand Prix Race 2,session_indy_nxt_2025_6443,2025 Indianapolis Grand Prix Race 2,Indianapolis Motor Speedway Road Course,road,Chip Ganassi Racing,18.0,15.0,3.0,0.3333,15,running,official_or_source_backed_result
series_indy_nxt,INDY NXT,2025,Indianapolis Grand Prix Race 1,session_indy_nxt_2025_6444,2025 Indianapolis Grand Prix Race 1,Indianapolis Motor Speedway Road Course,road,Chip Ganassi Racing,18.0,15.0,3.0,0.3333,15,running,official_or_source_backed_result
series_indy_nxt,INDY NXT,2025,Grand Prix of Alabama,session_indy_nxt_2025_6445,2025 Grand Prix of Alabama,Barber Motorsports Park,road,Chip Ganassi Racing,6.0,15.0,-9.0,0.3,15,running,official_or_source_backed_result
series_indy_nxt,INDY NXT,2025,Grand Prix of St. Petersburg,session_indy_nxt_2025_6446,2025 Grand Prix of St. Petersburg,Streets of St. Petersburg,street,HMD Motorsports,20.0,13.0,7.0,0.4286,17,running,official_or_source_backed_result
series_indy_nxt,INDY NXT,2025,Music City Grand Prix,session_indy_nxt_2025_6447,2025 Music City Grand Prix,Nashville Superspeedway,oval,Chip Ganassi Racing,8.0,6.0,2.0,0.7222,28,running,official_or_source_backed_result
series_indy_nxt,INDY NXT,2025,INDY NXT by Firestone at the Milwaukee Mile,session_indy_nxt_2025_6448,2025 INDY NXT by Firestone at the Milwaukee Mile,The Milwaukee Mile,oval,Chip Ganassi Racing,6.0,5.0,1.0,0.7778,30,running,official_or_source_backed_result
series_indy_nxt,INDY NXT,2025,Grand Prix of Portland,session_indy_nxt_2025_6449,2025 Grand Prix of Portland,Portland International Raceway,road,Chip Ganassi Racing,5.0,19.0,-14.0,0.0526,11,contact,official_or_source_backed_result
series_indy_nxt,INDY NXT,2025,Grand Prix of Monterey Race 2,session_indy_nxt_2025_6450,2025 Grand Prix of Monterey Race 2,WeatherTech Raceway Laguna Seca,road,Chip Ganassi Racing,12.0,19.0,-7.0,0.0526,11,contact,official_or_source_backed_result
series_indy_nxt,INDY NXT,2025,INDY NXT by Firestone at Iowa Speedway,session_indy_nxt_2025_6451,2025 INDY NXT by Firestone at Iowa Speedway,Iowa Speedway,oval,Chip Ganassi Racing,11.0,9.0,2.0,0.5789,22,running,official_or_source_backed_result
series_indy_nxt,INDY NXT,2025,Grand Prix at Mid-Ohio,session_indy_nxt_2025_6452,2025 Grand Prix at Mid-Ohio,Mid-Ohio Sports Car Course,road,Chip Ganassi Racing,7.0,12.0,-5.0,0.4211,18,running,official_or_source_backed_result
series_indy_nxt,INDY NXT,2025,Grand Prix at Road America,session_indy_nxt_2025_6453,2025 Grand Prix at Road America,Road America,road,Chip Ganassi Racing,10.0,9.0,1.0,0.5789,22,running,official_or_source_backed_result
series_indy_nxt,INDY NXT,2025,INDY NXT by Firestone at World Wide Technology Raceway,session_indy_nxt_2025_6454,2025 INDY NXT by Firestone at World Wide Technology Raceway,World Wide Technology Raceway,oval,Chip Ganassi Racing,16.0,14.0,2.0,0.3158,16,running,official_or_source_backed_result
series_indy_nxt,INDY NXT,2025,Detroit Grand Prix,session_indy_nxt_2025_6455,2025 Detroit Grand Prix,Detroit Downtown Street Circuit,street,Chip Ganassi Racing,15.0,10.0,5.0,0.55,20,running,official_or_source_backed_result
series_indy_nxt,INDY NXT,2026,Detroit Grand Prix,session_indy_nxt_2026_6749,2026 Detroit Grand Prix,Detroit Downtown Street Circuit,street,Chip Ganassi Racing,14.0,8.0,6.0,0.7083,24,running,official_or_source_backed_result
series_indy_nxt,INDY NXT,2026,Grand Prix of Alabama Race 1,session_indy_nxt_2026_6750,2026 Grand Prix of Alabama Race 1,Barber Motorsports Park,road,Chip Ganassi Racing,5.0,8.0,-3.0,0.7083,24,running,official_or_source_backed_result
series_indy_nxt,INDY NXT,2026,Grand Prix of St. Petersburg,session_indy_nxt_2026_6751,2026 Grand Prix of St. Petersburg,Streets of St. Petersburg,street,Chip Ganassi Racing,19.0,18.0,1.0,0.2917,12,running,official_or_source_backed_result
series_indy_nxt,INDY NXT,2026,Grand Prix of Alabama Race 2,session_indy_nxt_2026_6752,2026 Grand Prix of Alabama Race 2,Barber Motorsports Park,road,Chip Ganassi Racing,11.0,7.0,4.0,0.75,26,running,official_or_source_backed_result
series_indy_nxt,INDY NXT,2026,Grand Prix of Arlington,session_indy_nxt_2026_6753,2026 Grand Prix of Arlington,Grand Prix of Arlington Street Circuit,street,Chip Ganassi Racing,23.0,18.0,5.0,0.2917,12,running,official_or_source_backed_result
series_indy_nxt,INDY NXT,2026,Indianapolis Grand Prix Race 1,session_indy_nxt_2026_6756,2026 Indianapolis Grand Prix Race 1,Indianapolis Motor Speedway Road Course,road,Chip Ganassi Racing,13.0,22.0,-9.0,0.125,8,running,official_or_source_backed_result
series_indy_nxt,INDY NXT,2026,INDY NXT by Firestone at World Wide Technology Raceway,session_indy_nxt_2026_6763,2026 INDY NXT by Firestone at World Wide Technology Raceway,World Wide Technology Raceway,oval,Chip Ganassi Racing,12.0,23.0,-11.0,0.0833,7,mechanical,official_or_source_backed_result
series_indy_nxt,INDY NXT,2026,Indianapolis Grand Prix Race 2,session_indy_nxt_2026_6765,2026 Indianapolis Grand Prix Race 2,Indianapolis Motor Speedway Road Course,road,Chip Ganassi Racing,14.0,12.0,2.0,0.5417,18,running,official_or_source_backed_result
