sessionId,eventId,seasonYear,eventName,trackName,trackType,sessionType,sessionName,bryceLapCount,bryceSectionObservations,comparisonRows,medianTrackSectionPercentile,topQuartileTrackSectionShare,bottomQuartileTrackSectionShare,bestSectionFamilies,weakestSectionFamilies,bestLapRank,topSectionBryceRows,sourceState,sourceHash
session_indy_nxt_2024_6328,event_indy_nxt_2024_5480,2024,Grand Prix of St. Petersburg,Streets of St. Petersburg,street,practice,Practice 1,14,183,112,0.5556,0.1161,0.2054,Turn 9a:0.64 n=14; Turns 2/3:0.61 n=14; Turns 11/12:0.61 n=14; Turns 5-8:0.60 n=14,Turn 9:0.42 n=14; Turn 4:0.44 n=14; Turn 1:0.52 n=14; Turn 10:0.56 n=14,18,28,official_section_results+official_top_section_times,900ddfcb701b1977f16e33501302742c328980f5ffcccd190d2e433bba0b5681
session_indy_nxt_2024_6329,event_indy_nxt_2024_5480,2024,Grand Prix of St. Petersburg,Streets of St. Petersburg,street,practice,Practice 2,25,383,198,0.6842,0.3434,0.1263,Turns 11/12:0.82 n=22; Turn 9a:0.77 n=22; Turns 5-8:0.70 n=22; Turn 10:0.69 n=22,Turn 1:0.34 n=22; Turn 4:0.55 n=22; Turns 2/3:0.62 n=22; Turns 13/14:0.66 n=22,11,28,official_section_results+official_top_section_times,900ddfcb701b1977f16e33501302742c328980f5ffcccd190d2e433bba0b5681
session_indy_nxt_2024_6346,event_indy_nxt_2024_5480,2024,Grand Prix of St. Petersburg,Streets of St. Petersburg,street,qualifying,Qualifications - Group 2,6,117,52,0.6333,0.3846,0.0385,,,4,28,official_section_results+official_top_section_times,900ddfcb701b1977f16e33501302742c328980f5ffcccd190d2e433bba0b5681
session_indy_nxt_2024_6354,event_indy_nxt_2024_5470,2024,Grand Prix of Alabama,Barber Motorsports Park,road,practice,Practice 1,21,292,190,0.5563,0.2474,0.1947,Turn 17:0.71 n=19; Turn 10:0.70 n=19; Turn 7:0.65 n=19; Turn 11:0.65 n=19,Turns 14-16:0.43 n=19; Turns 12-13:0.45 n=19; Turn 4:0.50 n=19; Turns 8-9:0.50 n=19,4,29,official_section_results+official_top_section_times,900ddfcb701b1977f16e33501302742c328980f5ffcccd190d2e433bba0b5681
session_indy_nxt_2024_6355,event_indy_nxt_2024_5470,2024,Grand Prix of Alabama,Barber Motorsports Park,road,practice,Practice 2,20,318,190,0.645,0.4,0.1737,Turn 11:0.79 n=19; Turns 1-3:0.78 n=19; Turns 5-6:0.78 n=19; Turn 17:0.67 n=19,Turns 8-9:0.47 n=19; Turn 4:0.55 n=19; Turn 7:0.58 n=19; Turn 10:0.63 n=19,7,29,official_section_results+official_top_section_times,900ddfcb701b1977f16e33501302742c328980f5ffcccd190d2e433bba0b5681
session_indy_nxt_2024_6357,event_indy_nxt_2024_5470,2024,Grand Prix of Alabama,Barber Motorsports Park,road,qualifying,Qualifications - Group 2,9,129,90,0.6667,0.4667,0.1222,Turn 17:0.89 n=9; Turn 7:0.89 n=9; Turns 1-3:0.78 n=9; Turns 14-16:0.67 n=9,Turn 4:0.56 n=9; Turns 8-9:0.56 n=9; Turns 14-16:0.67 n=9; Turns 5-6:0.67 n=9,4,26,official_section_results+official_top_section_times,900ddfcb701b1977f16e33501302742c328980f5ffcccd190d2e433bba0b5681
session_indy_nxt_2024_6365,event_indy_nxt_2024_5471,2024,Indianapolis Grand Prix Race 1,Indianapolis Motor Speedway Road Course,road,practice,Practice,26,361,234,0.6,0.3162,0.1838,Turn 11:0.72 n=26; Turn 12/13:0.71 n=26; Turn 1/2:0.65 n=26; Turn 8/9:0.59 n=26,Turn 3:0.55 n=26; Turn 4/5/6 Backstretch:0.56 n=26; Turn 14:0.56 n=26; Turn 10:0.56 n=26,3,36,official_section_results+official_top_section_times,900ddfcb701b1977f16e33501302742c328980f5ffcccd190d2e433bba0b5681
session_indy_nxt_2024_6367,event_indy_nxt_2024_5471,2024,Indianapolis Grand Prix Race 1,Indianapolis Motor Speedway Road Course,road,qualifying,Qualifications - Race 1 Group 2,10,132,81,0.6,0.2963,0.1111,Turn 1/2:0.90 n=9; Turn 12/13:0.80 n=9; Turn 11:0.75 n=10; Turn 7:0.60 n=9,Turn 3:0.30 n=9; Turn 14:0.40 n=9; Turn 4/5/6 Backstretch:0.50 n=9; Turn 10:0.50 n=9,6,33,official_section_results+official_top_section_times,900ddfcb701b1977f16e33501302742c328980f5ffcccd190d2e433bba0b5681
session_indy_nxt_2024_6390,event_indy_nxt_2024_5481,2024,Indianapolis Grand Prix Race 2,Indianapolis Motor Speedway Road Course,road,qualifying,Qualifications - Race 2 Group 2,10,132,81,0.6,0.2963,0.1111,Turn 1/2:0.90 n=9; Turn 12/13:0.80 n=9; Turn 11:0.75 n=10; Turn 7:0.60 n=9,Turn 3:0.30 n=9; Turn 14:0.40 n=9; Turn 4/5/6 Backstretch:0.50 n=9; Turn 10:0.50 n=9,6,33,official_section_results+official_top_section_times,900ddfcb701b1977f16e33501302742c328980f5ffcccd190d2e433bba0b5681
session_indy_nxt_2024_6391,event_indy_nxt_2024_5482,2024,Detroit Grand Prix,Streets of Detroit,street,practice,Practice 1,19,449,304,0.5882,0.3092,0.1941,I9 to I10:0.85 n=19; I5 to I6:0.78 n=19; I4 to I5:0.75 n=19; I7 to I8:0.72 n=19,I15 to I16:0.32 n=19; I14 to I15:0.40 n=19; Back Str 2:0.42 n=19; I2 to I3:0.45 n=19,16,35,official_section_results+official_top_section_times,900ddfcb701b1977f16e33501302742c328980f5ffcccd190d2e433bba0b5681
session_indy_nxt_2024_6392,event_indy_nxt_2024_5482,2024,Detroit Grand Prix,Streets of Detroit,street,practice,Practice 2,28,571,417,0.5,0.199,0.1823,I2A to I2:0.67 n=26; I9 to I10:0.60 n=26; I5 to I6:0.58 n=26; I7 to I8:0.56 n=26,I14 to I15:0.38 n=26; I2 to I3:0.40 n=26; I1 to I2A:0.45 n=26; I15 to I16:0.50 n=26,11,35,official_section_results+official_top_section_times,900ddfcb701b1977f16e33501302742c328980f5ffcccd190d2e433bba0b5681
session_indy_nxt_2024_6394,event_indy_nxt_2024_5482,2024,Detroit Grand Prix,Streets of Detroit,street,qualifying,Qualifications - Group 2,6,173,81,0.4,0.0988,0.2469,,,7,35,official_section_results+official_top_section_times,900ddfcb701b1977f16e33501302742c328980f5ffcccd190d2e433bba0b5681
session_indy_nxt_2024_6402,event_indy_nxt_2024_5472,2024,Grand Prix at Road America,Road America,road,practice,Practice 1,10,220,140,0.6283,0.3643,0.1071,I4A to I5:0.89 n=10; I7 to I8:0.87 n=10; I1 to I2:0.83 n=10; I2 to I3:0.78 n=10,I8 to I9:0.41 n=10; I1B to I1:0.46 n=10; I5 to I6:0.49 n=10; I3 to I3A:0.51 n=10,5,44,official_section_results+official_top_section_times,900ddfcb701b1977f16e33501302742c328980f5ffcccd190d2e433bba0b5681
session_indy_nxt_2024_6403,event_indy_nxt_2024_5472,2024,Grand Prix at Road America,Road America,road,practice,Practice 2,8,188,112,0.7368,0.4821,0.0357,I1 to I2:0.89 n=8; I5 to I6:0.87 n=8; I2 to I3:0.82 n=8; I3 to I3A:0.82 n=8,I4 to I4A:0.49 n=8; I13A to I14 I14 to I15C I15C to I15:0.51 n=8; I4A to I5:0.62 n=8; I10 to I11 I11 to I11B I11B to I12 I12 to I13 I13 to I13A:0.64 n=8,11,44,official_section_results+official_top_section_times,900ddfcb701b1977f16e33501302742c328980f5ffcccd190d2e433bba0b5681
session_indy_nxt_2024_6405,event_indy_nxt_2024_5472,2024,Grand Prix at Road America,Road America,road,qualifying,Qualifications - Group 2,4,88,43,0.7,0.3256,0.093,,,4,44,official_section_results+official_top_section_times,900ddfcb701b1977f16e33501302742c328980f5ffcccd190d2e433bba0b5681
session_indy_nxt_2024_6413,event_indy_nxt_2024_5473,2024,Grand Prix of Monterey Race 1,WeatherTech Raceway Laguna Seca,road,practice,Practice 1,14,256,196,0.5132,0.1939,0.2143,Turn 4:0.79 n=14; Turn 3:0.74 n=14; Turn 1 Entry Turn 1 Exit:0.70 n=14; Turn 4A:0.61 n=14,Turn 11:0.26 n=14; Corkscrew:0.31 n=14; Turn 10:0.35 n=14; Turn 7A:0.39 n=14,14,38,official_section_results+official_top_section_times,900ddfcb701b1977f16e33501302742c328980f5ffcccd190d2e433bba0b5681
session_indy_nxt_2024_6414,event_indy_nxt_2024_5473,2024,Grand Prix of Monterey Race 1,WeatherTech Raceway Laguna Seca,road,practice,Practice-2,11,192,154,0.5789,0.2727,0.1364,Turn 4A:0.84 n=11; Turn 4:0.79 n=11; Turn 5:0.79 n=11; Turn 3:0.74 n=11,Corkscrew:0.37 n=11; Turn 9:0.37 n=11; Turn 11:0.46 n=11; Turn 10:0.47 n=11,17,38,official_section_results+official_top_section_times,900ddfcb701b1977f16e33501302742c328980f5ffcccd190d2e433bba0b5681
session_indy_nxt_2024_6416,event_indy_nxt_2024_5473,2024,Grand Prix of Monterey Race 1,WeatherTech Raceway Laguna Seca,road,qualifying,Qualifications - Race 1 Group 2,9,162,112,0.625,0.3571,0.0714,Turn 4:0.88 n=8; Turn 5:0.83 n=8; Turn 4A:0.72 n=8; Turn 1 Entry Turn 1 Exit:0.69 n=8,Turn 9:0.35 n=8; Corkscrew:0.42 n=8; Turn 10:0.50 n=8; Turn 11:0.53 n=8,5,36,official_section_results+official_top_section_times,900ddfcb701b1977f16e33501302742c328980f5ffcccd190d2e433bba0b5681
session_indy_nxt_2024_6418,event_indy_nxt_2024_5483,2024,Grand Prix of Monterey Race 2,WeatherTech Raceway Laguna Seca,road,qualifying,Qualifications - Race 2 Group 2,9,162,112,0.625,0.3571,0.0714,Turn 4:0.88 n=8; Turn 5:0.83 n=8; Turn 4A:0.72 n=8; Turn 1 Entry Turn 1 Exit:0.69 n=8,Turn 9:0.35 n=8; Corkscrew:0.42 n=8; Turn 10:0.50 n=8; Turn 11:0.53 n=8,5,36,official_section_results+official_top_section_times,900ddfcb701b1977f16e33501302742c328980f5ffcccd190d2e433bba0b5681
session_indy_nxt_2024_6426,event_indy_nxt_2024_5474,2024,Grand Prix at Mid-Ohio,Mid-Ohio Sports Car Course,road,practice,Practice 1,23,484,368,0.4444,0.1821,0.2663,Back Stretch:0.61 n=23; Turn 1A:0.56 n=23; Turn 5:0.56 n=23; Turn 2:0.50 n=23,Turn 12:0.24 n=23; Turn 12C:0.24 n=23; Turn 1:0.29 n=23; Turn 11:0.33 n=23,7,32,official_section_results+official_top_section_times,900ddfcb701b1977f16e33501302742c328980f5ffcccd190d2e433bba0b5681
session_indy_nxt_2024_6427,event_indy_nxt_2024_5474,2024,Grand Prix at Mid-Ohio,Mid-Ohio Sports Car Course,road,practice,Practice 2,19,410,288,0.5858,0.2778,0.2014,Back Stretch:0.86 n=18; Turn 4:0.77 n=18; Turn 10:0.70 n=19; Turn 3:0.68 n=18,Turn 12C:0.31 n=18; Turn 12:0.34 n=18; Turn 13:0.46 n=18; Turn 1:0.47 n=17,10,32,official_section_results+official_top_section_times,900ddfcb701b1977f16e33501302742c328980f5ffcccd190d2e433bba0b5681
session_indy_nxt_2024_6428,event_indy_nxt_2024_5474,2024,Grand Prix at Mid-Ohio,Mid-Ohio Sports Car Course,road,qualifying,Qualifications - Group 1,9,184,144,0.375,0.2917,0.3819,Back Stretch:1.00 n=9; Turn 10:0.75 n=9; Turn 1B:0.75 n=9; Turn 13:0.62 n=9,Turn 12:0.12 n=9; Turn 12C:0.12 n=9; Turn 2:0.12 n=9; Turn 11:0.25 n=9,7,30,official_section_results+official_top_section_times,900ddfcb701b1977f16e33501302742c328980f5ffcccd190d2e433bba0b5681
session_indy_nxt_2024_6437,event_indy_nxt_2024_5475,2024,INDY NXT by Firestone at Iowa Speedway,Iowa Speedway,oval,practice,Practice,41,376,205,0.5294,0.2634,0.2098,BS to T3:0.59 n=41; T2 to BS:0.53 n=41; SS2 to T4:0.50 n=41; T1 to SS1:0.47 n=41,SS1 to T2:0.46 n=41; T1 to SS1:0.47 n=41; SS2 to T4:0.50 n=41; T2 to BS:0.53 n=41,14,23,official_section_results+official_top_section_times,900ddfcb701b1977f16e33501302742c328980f5ffcccd190d2e433bba0b5681
session_indy_nxt_2024_6438,event_indy_nxt_2024_5475,2024,INDY NXT by Firestone at Iowa Speedway,Iowa Speedway,oval,qualifying,Qualifications,2,26,12,0.3824,0.1667,0.0,,,10,21,official_section_results+official_top_section_times,900ddfcb701b1977f16e33501302742c328980f5ffcccd190d2e433bba0b5681
session_indy_nxt_2024_6480,event_indy_nxt_2024_5476,2024,OUTFRONT Showdown,World Wide Technology Raceway,oval,practice,Practice,57,583,274,0.5294,0.146,0.1861,Turn 1:0.64 n=46; Turn 4:0.62 n=45; BS - T3:0.59 n=46; Turn 3:0.50 n=45,Turn 2:0.35 n=46; BS - T2:0.41 n=46; Turn 3:0.50 n=45; BS - T3:0.59 n=46,14,26,official_section_results+official_top_section_times,900ddfcb701b1977f16e33501302742c328980f5ffcccd190d2e433bba0b5681
session_indy_nxt_2024_6481,event_indy_nxt_2024_5476,2024,OUTFRONT Showdown,World Wide Technology Raceway,oval,qualifying,Qualifications,2,26,12,0.2667,0.0,0.25,,,13,22,official_section_results+official_top_section_times,900ddfcb701b1977f16e33501302742c328980f5ffcccd190d2e433bba0b5681
session_indy_nxt_2024_6488,event_indy_nxt_2024_5479,2024,Music City Grand Prix,Nashville Superspeedway,oval,practice,Practice 1,30,143,89,0.7143,0.4607,0.1348,Turn 3:0.82 n=30; Turn 1 Entry Turn 1 Exit Turn 2 Entry BackStretch BackStretch:0.69 n=30; Turn 4 Entry Turn 4 Exit:0.67 n=29,Turn 4 Entry Turn 4 Exit:0.67 n=29; Turn 1 Entry Turn 1 Exit Turn 2 Entry BackStretch BackStretch:0.69 n=30; Turn 3:0.82 n=30,3,22,official_section_results+official_top_section_times,900ddfcb701b1977f16e33501302742c328980f5ffcccd190d2e433bba0b5681
session_indy_nxt_2024_6489,event_indy_nxt_2024_5479,2024,Music City Grand Prix,Nashville Superspeedway,oval,qualifying,Qualifications,2,13,6,0.625,0.3333,0.1667,,,5,20,official_section_results+official_top_section_times,900ddfcb701b1977f16e33501302742c328980f5ffcccd190d2e433bba0b5681
session_indy_nxt_2024_6490,event_indy_nxt_2024_5479,2024,Music City Grand Prix,Nashville Superspeedway,oval,practice,Practice 2,33,161,99,0.7143,0.4545,0.0707,Turn 1 Entry Turn 1 Exit Turn 2 Entry BackStretch BackStretch:0.78 n=33; Turn 3:0.71 n=33; Turn 4 Entry Turn 4 Exit:0.67 n=33,Turn 4 Entry Turn 4 Exit:0.67 n=33; Turn 3:0.71 n=33; Turn 1 Entry Turn 1 Exit Turn 2 Entry BackStretch BackStretch:0.78 n=33,9,23,official_section_results+official_top_section_times,900ddfcb701b1977f16e33501302742c328980f5ffcccd190d2e433bba0b5681
session_indy_nxt_2024_6494,event_indy_nxt_2024_5477,2024,Grand Prix of Portland,Portland International Raceway,road,practice,Practice 1,19,329,209,0.6667,0.4067,0.0622,Turn 12:0.94 n=19; Turn 8:0.87 n=19; Turn 9:0.80 n=19; Turn 7:0.75 n=19,Turn 2:0.50 n=19; Turn 6:0.53 n=19; Turns 10/11:0.56 n=19; Turn 3:0.60 n=19,14,28,official_section_results+official_top_section_times,900ddfcb701b1977f16e33501302742c328980f5ffcccd190d2e433bba0b5681
session_indy_nxt_2024_6495,event_indy_nxt_2024_5477,2024,Grand Prix of Portland,Portland International Raceway,road,practice,Practice 2,26,437,276,0.5333,0.221,0.1848,Turn 8:0.81 n=25; Turn 9:0.75 n=25; Turn 3:0.60 n=25; Turn 7:0.56 n=25,Turn 1:0.36 n=25; Turn 5:0.40 n=25; Turns 10/11:0.47 n=26; Turn 4:0.47 n=25,7,28,official_section_results+official_top_section_times,900ddfcb701b1977f16e33501302742c328980f5ffcccd190d2e433bba0b5681
session_indy_nxt_2024_6505,event_indy_nxt_2024_5478,2024,INDY NXT By Firestone at The Milwaukee Mile,The Milwaukee Mile,oval,practice,Practice,49,584,265,0.5333,0.2491,0.2113,BS to T3:0.74 n=38; SS1 to T2:0.72 n=38; T2 to BS:0.65 n=38; T3 to SS2:0.58 n=38,T1 to SS1:0.31 n=38; T4 to FS:0.33 n=37; SS2 to T4:0.57 n=38; T3 to SS2:0.58 n=38,15,29,official_section_results+official_top_section_times,900ddfcb701b1977f16e33501302742c328980f5ffcccd190d2e433bba0b5681
session_indy_nxt_2024_6506,event_indy_nxt_2024_5478,2024,INDY NXT By Firestone at The Milwaukee Mile,The Milwaukee Mile,oval,qualifying,Qualifications,2,30,14,0.7333,0.3571,0.0714,,,6,23,official_section_results+official_top_section_times,900ddfcb701b1977f16e33501302742c328980f5ffcccd190d2e433bba0b5681
session_indy_nxt_2024_6513,event_indy_nxt_2024_5477,2024,Grand Prix of Portland,Portland International Raceway,road,qualifying,Qualifications - Group 2,11,171,89,0.5,0.382,0.2921,Turn 2:0.88 n=8; Turn 9:0.88 n=8; Turn 3:0.81 n=8; Turn 8:0.81 n=8,Turn 1:0.19 n=8; Turn 5:0.25 n=8; Turn 4:0.31 n=8; Turn 6:0.31 n=8,4,25,official_section_results+official_top_section_times,900ddfcb701b1977f16e33501302742c328980f5ffcccd190d2e433bba0b5681
session_indy_nxt_2025_6515,event_indy_nxt_2025_5488,2025,Grand Prix of St. Petersburg,Streets of St. Petersburg,street,practice,Practice 1,22,319,180,0.433,0.0833,0.1833,Turns 5-8:0.67 n=20; Turns 2/3:0.57 n=20; Turn 1:0.53 n=20; Turn 9:0.51 n=20,Turn 10:0.30 n=20; Turns 13/14:0.31 n=20; Turn 4:0.35 n=20; Turns 11/12:0.40 n=20,14,29,official_section_results+official_top_section_times,900ddfcb701b1977f16e33501302742c328980f5ffcccd190d2e433bba0b5681
session_indy_nxt_2025_6516,event_indy_nxt_2025_5488,2025,Grand Prix of St. Petersburg,Streets of St. Petersburg,street,practice,Practice 2,29,389,252,0.3944,0.0595,0.3333,Turns 2/3:0.55 n=28; Turns 5-8:0.47 n=28; Turn 4:0.42 n=28; Turn 9:0.42 n=28,Turns 13/14:0.26 n=28; Turn 10:0.28 n=28; Turn 1:0.28 n=28; Turns 11/12:0.38 n=28,19,30,official_section_results+official_top_section_times,900ddfcb701b1977f16e33501302742c328980f5ffcccd190d2e433bba0b5681
session_indy_nxt_2025_6518,event_indy_nxt_2025_5488,2025,Grand Prix of St. Petersburg,Streets of St. Petersburg,street,qualifying,Qualifications - Group 2,10,136,90,0.3,0.0667,0.4556,Turns 2/3:0.55 n=10; Turns 5-8:0.55 n=10; Turn 1:0.35 n=10; Turns 13/14:0.30 n=10,Turn 10:0.11 n=10; Turn 9:0.15 n=10; Turn 9a:0.15 n=10; Turns 11/12:0.20 n=10,10,27,official_section_results+official_top_section_times,900ddfcb701b1977f16e33501302742c328980f5ffcccd190d2e433bba0b5681
session_indy_nxt_2025_6588,event_indy_nxt_2025_5490,2025,INDY NXT by Firestone at the Milwaukee Mile,The Milwaukee Mile,oval,qualifying,Qualifications,3,30,20,0.8824,0.75,0.0,,,5,23,official_section_results+official_top_section_times,900ddfcb701b1977f16e33501302742c328980f5ffcccd190d2e433bba0b5681
session_indy_nxt_2025_6593,event_indy_nxt_2025_5489,2025,Music City Grand Prix,Nashville Superspeedway,oval,qualifying,Qualifications,3,13,8,0.7059,0.5,0.125,,,9,20,official_section_results+official_top_section_times,900ddfcb701b1977f16e33501302742c328980f5ffcccd190d2e433bba0b5681
session_indy_nxt_2025_6599,event_indy_nxt_2025_5496,2025,INDY NXT by Firestone at World Wide Technology Raceway,World Wide Technology Raceway,oval,qualifying,Qualifications,3,27,16,0.2941,0.0,0.4375,,,16,22,official_section_results+official_top_section_times,900ddfcb701b1977f16e33501302742c328980f5ffcccd190d2e433bba0b5681
session_indy_nxt_2025_6611,event_indy_nxt_2025_5487,2025,Grand Prix of Alabama,Barber Motorsports Park,road,practice,Practice 1,15,250,150,0.5,0.2133,0.1667,Turns 1-3:0.84 n=15; Turns 5-6:0.76 n=15; Turn 17:0.69 n=15; Turns 8-9:0.63 n=15,Turn 10:0.25 n=15; Turn 11:0.32 n=15; Turns 14-16:0.45 n=15; Turn 4:0.47 n=15,13,31,official_section_results+official_top_section_times,900ddfcb701b1977f16e33501302742c328980f5ffcccd190d2e433bba0b5681
session_indy_nxt_2025_6612,event_indy_nxt_2025_5487,2025,Grand Prix of Alabama,Barber Motorsports Park,road,practice,Practice 2,22,296,200,0.4495,0.115,0.175,Turn 7:0.65 n=20; Turns 12-13:0.56 n=20; Turns 1-3:0.50 n=20; Turns 8-9:0.47 n=20,Turn 17:0.37 n=20; Turns 5-6:0.39 n=20; Turn 10:0.42 n=20; Turns 14-16:0.43 n=20,14,31,official_section_results+official_top_section_times,900ddfcb701b1977f16e33501302742c328980f5ffcccd190d2e433bba0b5681
session_indy_nxt_2025_6613,event_indy_nxt_2025_5487,2025,Grand Prix of Alabama,Barber Motorsports Park,road,qualifying,Qualifications - Group 1,8,113,80,0.5556,0.325,0.2,Turns 1-3:0.89 n=8; Turns 12-13:0.78 n=8; Turn 17:0.72 n=8; Turns 14-16:0.61 n=8,Turns 5-6:0.33 n=8; Turn 4:0.39 n=8; Turns 8-9:0.44 n=8; Turn 10:0.50 n=8,3,28,official_section_results+official_top_section_times,900ddfcb701b1977f16e33501302742c328980f5ffcccd190d2e433bba0b5681
session_indy_nxt_2025_6627,event_indy_nxt_2025_5486,2025,Indianapolis Grand Prix Race 1,Indianapolis Motor Speedway Road Course,road,practice,Practice,22,340,190,0.5359,0.2737,0.2316,Turn 12/13:0.80 n=21; Turn 8/9:0.70 n=21; Turn 4/5/6 Backstretch:0.60 n=21; Turn 7:0.60 n=21,Turn 3:0.25 n=21; Turn 14:0.27 n=21; Turn 11:0.43 n=22; Turn 1/2:0.44 n=21,13,37,official_section_results+official_top_section_times,900ddfcb701b1977f16e33501302742c328980f5ffcccd190d2e433bba0b5681
session_indy_nxt_2025_6629,event_indy_nxt_2025_5486,2025,Indianapolis Grand Prix Race 1,Indianapolis Motor Speedway Road Course,road,qualifying,Qualifications - Race 1 Group 2,11,136,91,0.5,0.1648,0.2198,Turn 4/5/6 Backstretch:0.76 n=10; Turn 8/9:0.59 n=10; Turn 7:0.55 n=10; Turn 12/13:0.50 n=10,Turn 3:0.20 n=10; Turn 11:0.40 n=11; Turn 1/2:0.40 n=10; Turn 14:0.45 n=10,9,33,official_section_results+official_top_section_times,900ddfcb701b1977f16e33501302742c328980f5ffcccd190d2e433bba0b5681
session_indy_nxt_2025_6631,event_indy_nxt_2025_5485,2025,Indianapolis Grand Prix Race 2,Indianapolis Motor Speedway Road Course,road,qualifying,Qualifications - Race 2 Group 2,11,136,91,0.5,0.1648,0.2198,Turn 4/5/6 Backstretch:0.76 n=10; Turn 8/9:0.59 n=10; Turn 7:0.55 n=10; Turn 12/13:0.50 n=10,Turn 3:0.20 n=10; Turn 11:0.40 n=11; Turn 1/2:0.40 n=10; Turn 14:0.45 n=10,9,33,official_section_results+official_top_section_times,900ddfcb701b1977f16e33501302742c328980f5ffcccd190d2e433bba0b5681
session_indy_nxt_2025_6639,event_indy_nxt_2025_5497,2025,Detroit Grand Prix,Streets of Detroit,street,practice,Practice 1,18,421,273,0.4667,0.1685,0.2015,I15 to I16:0.67 n=17; I7 to I8:0.62 n=17; I10 to I11:0.62 n=17; I6 to I7:0.60 n=17,I3 to I4:0.21 n=17; I4 to I5:0.21 n=17; I1 to I2A:0.33 n=17; I2 to I3:0.33 n=17,13,37,official_section_results+official_top_section_times,900ddfcb701b1977f16e33501302742c328980f5ffcccd190d2e433bba0b5681
session_indy_nxt_2025_6640,event_indy_nxt_2025_5497,2025,Detroit Grand Prix,Streets of Detroit,street,practice,Practice 2,21,540,336,0.3717,0.0774,0.3244,Back Str 2:0.63 n=21; I15 to I16:0.62 n=21; I8 to I9:0.53 n=21; I10 to I11:0.53 n=21,I4 to I5:0.11 n=21; I3 to I4:0.16 n=21; I2 to I3:0.29 n=21; I1 to I2A:0.37 n=21,17,37,official_section_results+official_top_section_times,900ddfcb701b1977f16e33501302742c328980f5ffcccd190d2e433bba0b5681
session_indy_nxt_2025_6642,event_indy_nxt_2025_5497,2025,Detroit Grand Prix,Streets of Detroit,street,qualifying,Qualifications - Group 2,7,140,95,0.375,0.2,0.3895,,,8,37,official_section_results+official_top_section_times,900ddfcb701b1977f16e33501302742c328980f5ffcccd190d2e433bba0b5681
session_indy_nxt_2025_6667,event_indy_nxt_2025_5496,2025,INDY NXT by Firestone at World Wide Technology Raceway,World Wide Technology Raceway,oval,practice,Practice,47,503,250,0.355,0.012,0.316,Turn 4:0.47 n=41; Turn 3:0.47 n=41; Turn 2:0.36 n=42; Turn 1:0.33 n=42,BS - T3:0.29 n=42; BS - T2:0.29 n=42; Turn 1:0.33 n=42; Turn 2:0.36 n=42,17,26,official_section_results+official_top_section_times,900ddfcb701b1977f16e33501302742c328980f5ffcccd190d2e433bba0b5681
session_indy_nxt_2025_6675,event_indy_nxt_2025_5495,2025,Grand Prix at Road America,Road America,road,practice,Practice 1,15,301,183,0.6111,0.3115,0.1257,I3A to I4:0.83 n=13; I4 to I4A:0.80 n=13; I6 to I7:0.78 n=13; I2 to I3:0.72 n=13,I9 to I10:0.39 n=13; I8 to I9:0.43 n=13; I1 to I2:0.44 n=13; I3 to I3A:0.44 n=13,9,49,official_section_results+official_top_section_times,900ddfcb701b1977f16e33501302742c328980f5ffcccd190d2e433bba0b5681
session_indy_nxt_2025_6676,event_indy_nxt_2025_5495,2025,Grand Prix at Road America,Road America,road,practice,Practice 2,16,316,197,0.5714,0.2538,0.1574,I4 to I4A:0.85 n=14; I3A to I4:0.75 n=14; I10 to I11 I11 to I11B I11B to I12 I12 to I13 I13 to I13A:0.69 n=14; I1B to I1:0.69 n=14,I8 to I9:0.32 n=14; I5 to I6:0.36 n=14; I7 to I8:0.36 n=14; I1 to I2:0.39 n=14,11,49,official_section_results+official_top_section_times,900ddfcb701b1977f16e33501302742c328980f5ffcccd190d2e433bba0b5681
session_indy_nxt_2025_6678,event_indy_nxt_2025_5495,2025,Grand Prix at Road America,Road America,road,qualifying,Qualifications - Group 2,7,127,84,0.5556,0.381,0.3333,,,5,49,official_section_results+official_top_section_times,900ddfcb701b1977f16e33501302742c328980f5ffcccd190d2e433bba0b5681
session_indy_nxt_2025_6679,event_indy_nxt_2025_5494,2025,Grand Prix at Mid-Ohio,Mid-Ohio Sports Car Course,road,practice,Practice 1,21,403,322,0.3889,0.146,0.295,Turn 2:0.72 n=20; Turn 3:0.72 n=20; Turn 13:0.68 n=20; Turn 12C:0.59 n=20,Turn 1:0.16 n=20; Turn 10:0.17 n=21; Turn 9:0.22 n=20; Turn 11:0.28 n=21,16,35,official_section_results+official_top_section_times,900ddfcb701b1977f16e33501302742c328980f5ffcccd190d2e433bba0b5681
session_indy_nxt_2025_6680,event_indy_nxt_2025_5494,2025,Grand Prix at Mid-Ohio,Mid-Ohio Sports Car Course,road,practice,Practice 2,17,419,272,0.4773,0.1397,0.1838,Turn 13:0.73 n=17; Turn 3:0.72 n=17; Turn 5:0.67 n=17; Turn 12:0.61 n=17,Turn 1:0.19 n=17; Turn 11:0.28 n=17; Turn 1A:0.28 n=17; Turn 10:0.33 n=17,12,34,official_section_results+official_top_section_times,900ddfcb701b1977f16e33501302742c328980f5ffcccd190d2e433bba0b5681
session_indy_nxt_2025_6681,event_indy_nxt_2025_5494,2025,Grand Prix at Mid-Ohio,Mid-Ohio Sports Car Course,road,qualifying,Qualifications - Group 1,11,187,162,0.5,0.3519,0.2654,Turn 5:0.94 n=10; Turn 13:0.88 n=10; Turn 2:0.75 n=10; Turn 6/7:0.75 n=10,Turn 1A:0.19 n=10; Turn 1:0.25 n=10; Turn 1B:0.31 n=10; Back Stretch:0.38 n=10,4,32,official_section_results+official_top_section_times,900ddfcb701b1977f16e33501302742c328980f5ffcccd190d2e433bba0b5681
session_indy_nxt_2025_6690,event_indy_nxt_2025_5493,2025,INDY NXT by Firestone at Iowa Speedway,Iowa Speedway,oval,practice,Practice,36,374,216,0.5,0.1296,0.1481,SS2 to T4:0.56 n=36; SS1 to T2:0.54 n=36; T3 to SS2:0.54 n=36; BS to T3:0.51 n=36,T1 to SS1:0.38 n=36; T2 to BS:0.47 n=36; BS to T3:0.51 n=36; SS1 to T2:0.54 n=36,15,23,official_section_results+official_top_section_times,900ddfcb701b1977f16e33501302742c328980f5ffcccd190d2e433bba0b5681
session_indy_nxt_2025_6707,event_indy_nxt_2025_5484,2025,Grand Prix of Monterey Race 1,WeatherTech Raceway Laguna Seca,road,practice,Practice 1,14,261,182,0.5,0.1648,0.1758,Turn 4:0.64 n=13; Turn 2:0.61 n=13; Turn 4A:0.61 n=13; Turn 11:0.50 n=13,Turn 10:0.28 n=13; Turn 9:0.33 n=13; Turn 6:0.39 n=13; Turn 5A:0.44 n=13,15,39,official_section_results+official_top_section_times,900ddfcb701b1977f16e33501302742c328980f5ffcccd190d2e433bba0b5681
session_indy_nxt_2025_6708,event_indy_nxt_2025_5484,2025,Grand Prix of Monterey Race 1,WeatherTech Raceway Laguna Seca,road,practice,Practice 2,11,213,140,0.5,0.2071,0.2357,Turn 1 Entry Turn 1 Exit:0.81 n=10; Turn 3:0.66 n=10; Turn 2:0.55 n=10; Turn 7A:0.55 n=10,Turn 11:0.24 n=10; Turn 6:0.29 n=10; Turn 5A:0.33 n=10; Turn 10:0.38 n=10,10,39,official_section_results+official_top_section_times,900ddfcb701b1977f16e33501302742c328980f5ffcccd190d2e433bba0b5681
session_indy_nxt_2025_6709,event_indy_nxt_2025_5484,2025,Grand Prix of Monterey Race 1,WeatherTech Raceway Laguna Seca,road,qualifying,Qualifications - Race 1 Group 1,10,149,126,0.625,0.3571,0.2937,Turn 5:0.88 n=9; Turn 4A:0.75 n=9; Turn 1 Entry Turn 1 Exit:0.62 n=9; Turn 2:0.62 n=9,Corkscrew:0.12 n=9; Turn 9:0.38 n=9; Turn 10:0.50 n=9; Turn 11:0.50 n=9,7,37,official_section_results+official_top_section_times,900ddfcb701b1977f16e33501302742c328980f5ffcccd190d2e433bba0b5681
session_indy_nxt_2025_6711,event_indy_nxt_2025_5492,2025,Grand Prix of Monterey Race 2,WeatherTech Raceway Laguna Seca,road,qualifying,Qualifications - Race 2 Group 1,10,149,126,0.625,0.3571,0.2937,Turn 5:0.88 n=9; Turn 4A:0.75 n=9; Turn 1 Entry Turn 1 Exit:0.62 n=9; Turn 2:0.62 n=9,Corkscrew:0.12 n=9; Turn 9:0.38 n=9; Turn 10:0.50 n=9; Turn 11:0.50 n=9,7,37,official_section_results+official_top_section_times,900ddfcb701b1977f16e33501302742c328980f5ffcccd190d2e433bba0b5681
session_indy_nxt_2025_6713,event_indy_nxt_2025_5491,2025,Grand Prix of Portland,Portland International Raceway,road,practice,Practice 1,28,429,295,0.5,0.1492,0.1763,Turn 1:0.63 n=26; Turn 4:0.61 n=27; Turn 6:0.56 n=27; Turns 10/11:0.50 n=28,Turn 9:0.22 n=27; Turn 8:0.39 n=27; Turn 12:0.41 n=27; Turn 7:0.44 n=27,12,30,official_section_results+official_top_section_times,900ddfcb701b1977f16e33501302742c328980f5ffcccd190d2e433bba0b5681
session_indy_nxt_2025_6714,event_indy_nxt_2025_5491,2025,Grand Prix of Portland,Portland International Raceway,road,practice,Practice 2,24,357,221,0.6111,0.3575,0.1719,Turn 12:0.83 n=20; Turn 8:0.76 n=20; Turn 4:0.72 n=20; Turn 3:0.65 n=20,Turn 5:0.53 n=20; Turn 6:0.53 n=20; Turns 10/11:0.56 n=21; Turn 7:0.56 n=20,3,30,official_section_results+official_top_section_times,900ddfcb701b1977f16e33501302742c328980f5ffcccd190d2e433bba0b5681
session_indy_nxt_2025_6716,event_indy_nxt_2025_5491,2025,Grand Prix of Portland,Portland International Raceway,road,qualifying,Qualifications - Group 2,7,106,67,0.7143,0.4925,0.209,,,3,30,official_section_results+official_top_section_times,900ddfcb701b1977f16e33501302742c328980f5ffcccd190d2e433bba0b5681
session_indy_nxt_2025_6727,event_indy_nxt_2025_5490,2025,INDY NXT by Firestone at the Milwaukee Mile,The Milwaukee Mile,oval,practice,Practice,47,568,302,0.6,0.3113,0.1192,SS1 to T2:0.67 n=47; T2 to BS:0.67 n=47; SS2 to T4:0.64 n=47; BS to T3:0.62 n=35,T1 to SS1:0.43 n=46; T3 to SS2:0.54 n=35; T4 to FS:0.56 n=45; BS to T3:0.62 n=35,5,26,official_section_results+official_top_section_times,900ddfcb701b1977f16e33501302742c328980f5ffcccd190d2e433bba0b5681
session_indy_nxt_2025_6731,event_indy_nxt_2025_5489,2025,Music City Grand Prix,Nashville Superspeedway,oval,practice,Practice,43,228,129,0.625,0.2636,0.124,Turn 3:0.65 n=43; Turn 1 Entry Turn 1 Exit Turn 2 Entry BackStretch BackStretch:0.62 n=43; Turn 4 Entry Turn 4 Exit:0.50 n=43,Turn 4 Entry Turn 4 Exit:0.50 n=43; Turn 1 Entry Turn 1 Exit Turn 2 Entry BackStretch BackStretch:0.62 n=43; Turn 3:0.65 n=43,12,23,official_section_results+official_top_section_times,900ddfcb701b1977f16e33501302742c328980f5ffcccd190d2e433bba0b5681
session_indy_nxt_2026_6766,event_indy_nxt_2026_5534,2026,Grand Prix of St. Petersburg,Streets of St. Petersburg,street,practice,Practice 1,24,334,208,0.4783,0.1923,0.149,Turn 9:0.91 n=23; Turns 2/3:0.59 n=23; Turn 1:0.57 n=23; Turns 5-8:0.53 n=23,Turn 4:0.30 n=23; Turn 10:0.35 n=23; Turn 9a:0.39 n=23; Turns 11/12:0.41 n=23,15,29,official_section_results+official_top_section_times,900ddfcb701b1977f16e33501302742c328980f5ffcccd190d2e433bba0b5681
session_indy_nxt_2026_6767,event_indy_nxt_2026_5534,2026,Grand Prix of St. Petersburg,Streets of St. Petersburg,street,practice,Practice 2,2,40,16,0.3261,0.0,0.4375,,,23,29,official_section_results+official_top_section_times,900ddfcb701b1977f16e33501302742c328980f5ffcccd190d2e433bba0b5681
session_indy_nxt_2026_6769,event_indy_nxt_2026_5534,2026,Grand Prix of St. Petersburg,Streets of St. Petersburg,street,qualifying,Qualifications - Group 2,8,114,63,0.2,0.0952,0.5238,,,11,30,official_section_results+official_top_section_times,900ddfcb701b1977f16e33501302742c328980f5ffcccd190d2e433bba0b5681
session_indy_nxt_2026_6783,event_indy_nxt_2026_5536,2026,Grand Prix of Arlington,Streets of Arlington,street,practice,Practice 1,16,468,346,0.3478,0.1185,0.3382,BS 2:0.87 n=15; BS 3:0.82 n=15; BS 4:0.70 n=15; Turn 11:0.64 n=15,Turn 2:0.15 n=15; BS 5:0.17 n=15; Turn 5:0.18 n=15; Turn 7:0.22 n=15,23,47,official_section_results+official_top_section_times,900ddfcb701b1977f16e33501302742c328980f5ffcccd190d2e433bba0b5681
session_indy_nxt_2026_6784,event_indy_nxt_2026_5536,2026,Grand Prix of Arlington,Streets of Arlington,street,practice,Practice 2,5,140,104,0.3696,0.125,0.3077,,,24,40,official_section_results+official_top_section_times,900ddfcb701b1977f16e33501302742c328980f5ffcccd190d2e433bba0b5681
session_indy_nxt_2026_6785,event_indy_nxt_2026_5536,2026,Grand Prix of Arlington,Streets of Arlington,street,qualifying,Qualifications - Group 1,8,207,162,0.1534,0.0247,0.716,Turns 13/14:0.19 n=8,Turns 13/14:0.19 n=8,12,46,official_section_results+official_top_section_times,900ddfcb701b1977f16e33501302742c328980f5ffcccd190d2e433bba0b5681
session_indy_nxt_2026_6804,event_indy_nxt_2026_5533,2026,Grand Prix of Alabama Race 1,Barber Motorsports Park,road,practice,Practice,27,349,260,0.6978,0.4346,0.1538,Turn 4:0.87 n=26; Turns 5-6:0.87 n=26; Turns 14-16:0.85 n=26; Turn 7:0.79 n=26,Turn 17:0.59 n=26; Turns 12-13:0.61 n=26; Turn 11:0.65 n=26; Turns 1-3:0.66 n=26,9,34,official_section_results+official_top_section_times,900ddfcb701b1977f16e33501302742c328980f5ffcccd190d2e433bba0b5681
session_indy_nxt_2026_6806,event_indy_nxt_2026_5533,2026,Grand Prix of Alabama Race 1,Barber Motorsports Park,road,qualifying,Qualifying - Race 1 Group 2,7,108,60,0.6364,0.2333,0.2167,,,3,33,official_section_results+official_top_section_times,900ddfcb701b1977f16e33501302742c328980f5ffcccd190d2e433bba0b5681
session_indy_nxt_2026_6809,event_indy_nxt_2026_5535,2026,Grand Prix of Alabama Race 2,Barber Motorsports Park,road,qualifying,Qualifying - Race 2 Group 2,7,108,60,0.6364,0.2333,0.2167,,,3,33,official_section_results+official_top_section_times,900ddfcb701b1977f16e33501302742c328980f5ffcccd190d2e433bba0b5681
session_indy_nxt_2026_6828,event_indy_nxt_2026_5539,2026,Indianapolis Grand Prix Race 1,Indianapolis Motor Speedway Road Course,road,practice,Practice,21,314,181,0.5714,0.3425,0.1602,Turn 11:0.76 n=21; Turn 12/13:0.71 n=20; Turn 8/9:0.66 n=20; Turn 4/5/6 Backstretch:0.65 n=20,Turn 14:0.38 n=20; Turn 1/2:0.43 n=20; Turn 3:0.47 n=20; Turn 10:0.51 n=20,12,40,official_section_results+official_top_section_times,900ddfcb701b1977f16e33501302742c328980f5ffcccd190d2e433bba0b5681
session_indy_nxt_2026_6831,event_indy_nxt_2026_5539,2026,Indianapolis Grand Prix Race 1,Indianapolis Motor Speedway Road Course,road,qualifying,Qualifying - Race 1 Group 1,8,108,64,0.4495,0.2344,0.2344,Turn 11:0.41 n=8,Turn 11:0.41 n=8,7,33,official_section_results+official_top_section_times,900ddfcb701b1977f16e33501302742c328980f5ffcccd190d2e433bba0b5681
session_indy_nxt_2026_6833,event_indy_nxt_2026_5548,2026,Indianapolis Grand Prix Race 2,Indianapolis Motor Speedway Road Course,road,qualifying,Qualifying - Race 2 Group 1,8,108,64,0.4495,0.2344,0.2344,Turn 11:0.41 n=8,Turn 11:0.41 n=8,7,33,official_section_results+official_top_section_times,900ddfcb701b1977f16e33501302742c328980f5ffcccd190d2e433bba0b5681
session_indy_nxt_2026_6850,event_indy_nxt_2026_5532,2026,Detroit Grand Prix,Streets of Detroit,street,practice,Practice 1,24,540,369,0.4348,0.0867,0.2385,I4 to I5:0.75 n=23; I2A to I2:0.57 n=23; Back Str 2:0.56 n=24; I3 to I4:0.52 n=23,I12 to I13:0.22 n=23; I9 to I10:0.25 n=23; I2 to I3:0.35 n=23; I14 to I15:0.36 n=23,20,40,official_section_results+official_top_section_times,900ddfcb701b1977f16e33501302742c328980f5ffcccd190d2e433bba0b5681
session_indy_nxt_2026_6851,event_indy_nxt_2026_5532,2026,Detroit Grand Prix,Streets of Detroit,street,practice,Practice 2,29,633,451,0.5217,0.1973,0.1663,Back Str 2:0.86 n=29; I2A to I2:0.63 n=28; I4 to I5:0.61 n=28; I14 to I15:0.59 n=29,I2 to I3:0.33 n=28; I6 to I7:0.39 n=28; I9 to I10:0.43 n=28; I11 to 12:0.43 n=28,15,40,official_section_results+official_top_section_times,900ddfcb701b1977f16e33501302742c328980f5ffcccd190d2e433bba0b5681
session_indy_nxt_2026_6853,event_indy_nxt_2026_5532,2026,Detroit Grand Prix,Streets of Detroit,street,qualifying,Qualifying - Group 2,7,178,97,0.3636,0.1134,0.3196,,,7,40,official_section_results+official_top_section_times,900ddfcb701b1977f16e33501302742c328980f5ffcccd190d2e433bba0b5681
session_indy_nxt_2026_6863,event_indy_nxt_2026_5546,2026,INDY NXT by Firestone at World Wide Technology Raceway,World Wide Technology Raceway,oval,practice,Practice,42,428,250,0.6139,0.292,0.136,Turn 1:0.74 n=42; Turn 2:0.73 n=42; Turn 4:0.70 n=41; Turn 3:0.59 n=41,BS - T3:0.36 n=42; BS - T2:0.48 n=42; Turn 3:0.59 n=41; Turn 4:0.70 n=41,19,26,official_section_results+official_top_section_times,900ddfcb701b1977f16e33501302742c328980f5ffcccd190d2e433bba0b5681
session_indy_nxt_2026_6864,event_indy_nxt_2026_5546,2026,INDY NXT by Firestone at World Wide Technology Raceway,World Wide Technology Raceway,oval,qualifying,Qualifying,3,26,16,0.5682,0.375,0.0,,,11,23,official_section_results+official_top_section_times,900ddfcb701b1977f16e33501302742c328980f5ffcccd190d2e433bba0b5681
session_indy_nxt_2026_6869,event_indy_nxt_2026_5545,2026,Grand Prix at Road America Race 1,Road America,road,practice,Practice,16,299,211,0.5217,0.128,0.1327,I9 to I10:0.68 n=15; I2 to I3:0.65 n=15; I4A to I5:0.62 n=15; I10 to I11 I11 to I11B I11B to I12 I12 to I13 I13 to I13A:0.57 n=15,I8 to I9:0.19 n=15; I3 to I3A:0.39 n=15; I1B to I1:0.41 n=15; I3A to I4:0.43 n=15,19,49,official_section_results+official_top_section_times,900ddfcb701b1977f16e33501302742c328980f5ffcccd190d2e433bba0b5681
session_indy_nxt_2026_6871,event_indy_nxt_2026_5545,2026,Grand Prix at Road America Race 1,Road America,road,qualifying,Qualifying - Race 1 Group 2,8,143,112,0.4545,0.2232,0.1875,I13A to I14 I14 to I15C I15C to I15:0.82 n=8; I1 to I2:0.73 n=8; I9 to I10:0.65 n=8; I2 to I3:0.64 n=8,I4 to I4A:0.23 n=8; I8 to I9:0.23 n=8; I1B to I1:0.27 n=8; I3A to I4:0.36 n=8,8,91,official_section_results+official_top_section_times,900ddfcb701b1977f16e33501302742c328980f5ffcccd190d2e433bba0b5681
session_indy_nxt_2026_6874,event_indy_nxt_2026_5537,2026,Grand Prix at Road America Race 2,Road America,road,qualifying,Qualifying - Race 2 Group 2,8,143,112,0.4545,0.2232,0.1875,I13A to I14 I14 to I15C I15C to I15:0.82 n=8; I1 to I2:0.73 n=8; I9 to I10:0.65 n=8; I2 to I3:0.64 n=8,I4 to I4A:0.23 n=8; I8 to I9:0.23 n=8; I1B to I1:0.27 n=8; I3A to I4:0.36 n=8,8,91,official_section_results+official_top_section_times,900ddfcb701b1977f16e33501302742c328980f5ffcccd190d2e433bba0b5681
session_indy_nxt_2026_6891,event_indy_nxt_2026_5544,2026,Grand Prix at Mid-Ohio Race 1,Mid-Ohio Sports Car Course,road,practice,Practice,23,490,368,0.3158,0.0924,0.3804,Turn 2:0.62 n=23; Turn 5:0.57 n=23; Turn 4:0.57 n=23; Turn 12:0.56 n=23,Turn 1:0.14 n=23; Turn 3:0.22 n=23; Turn 1A:0.22 n=23; Turn 10:0.26 n=23,21,31,official_section_results+official_top_section_times,900ddfcb701b1977f16e33501302742c328980f5ffcccd190d2e433bba0b5681
session_indy_nxt_2026_6893,event_indy_nxt_2026_5544,2026,Grand Prix at Mid-Ohio Race 1,Mid-Ohio Sports Car Course,road,qualifying,Qualifying - Race 1 Group 2,8,151,114,0.4273,0.0965,0.1667,Turn 11:0.38 n=8; Turn 10:0.36 n=8,Turn 10:0.36 n=8; Turn 11:0.38 n=8,8,32,official_section_results+official_top_section_times,900ddfcb701b1977f16e33501302742c328980f5ffcccd190d2e433bba0b5681
session_indy_nxt_2026_6896,event_indy_nxt_2026_5543,2026,Grand Prix at Mid-Ohio Race 2,Mid-Ohio Sports Car Course,road,qualifying,Qualifying - Race 2 Group 2,8,151,114,0.4273,0.0965,0.1667,Turn 11:0.38 n=8; Turn 10:0.36 n=8,Turn 10:0.36 n=8; Turn 11:0.38 n=8,8,32,official_section_results+official_top_section_times,900ddfcb701b1977f16e33501302742c328980f5ffcccd190d2e433bba0b5681
