sessionId,raceLabel,seasonYear,trackName,trackType,teamName,startPosition,finishPosition,positionGain,finishPercentile,conversionPercentileDelta,paceIndex,bestLapRank,medianSectionPercentile,sectionComparisonRows,bryceLapGainPercentile,bryceStabilityPercentile,chaosExposureIndex,cautionShare,sessionIncidentCount,sessionPenaltyCount,bryceVsTeamAvgFinish,teamFinishRank,leaderEntropy,weatherContext,archetype,sourceState,confidence,caveat
session_indy_nxt_2024_6324,2024 Grand Prix of St. Petersburg,2024,Streets of St. Petersburg,street,Andretti Global,8.0,19.0,-11.0,0.1429,-0.5071,0.7055555555555556,5.0,0.6111111111111112,337,0.5238095238095238,0.8571428571428571,0.3111111111111111,0.1111111111111111,5,2,4.5,3,0.0,dry/moderate/medium,incident_or_reliability_limited,derived_from_official_results_lap_chart_sections_and_modeled_weather,medium,derived score for product discovery; review labels before public UI copy
session_indy_nxt_2024_6314,2024 Grand Prix of Alabama,2024,Barber Motorsports Park,road,Andretti Global,7.0,8.0,-1.0,0.6667,-0.033299999999999996,0.7,6.0,0.65,385,0.3333333333333333,0.5238095238095238,0.1395238095238095,0.0571428571428571,2,0,-1.0,3,0.0,dry/moderate/high,baseline_execution,derived_from_official_results_lap_chart_sections_and_modeled_weather,medium,derived score for product discovery; review labels before public UI copy
session_indy_nxt_2024_6315,2024 Indianapolis Grand Prix Race 1 R1,2024,Indianapolis Motor Speedway Road Course,road,Andretti Global,11.0,14.0,-3.0,0.381,-0.119,0.5868421052631578,7.0,0.4736842105263158,434,0.23809523809523808,0.5238095238095238,0.4116666666666667,0.2,2,5,4.25,3,0.0,dry/cool/medium,baseline_execution,derived_from_official_results_lap_chart_sections_and_modeled_weather,medium,derived score for product discovery; review labels before public UI copy
session_indy_nxt_2024_6325,2024 Indianapolis Grand Prix Race 2 R2,2024,Indianapolis Motor Speedway Road Course,road,Andretti Global,11.0,19.0,-8.0,0.1429,-0.3571,0.8,5.0,,,0.09523809523809523,0.09523809523809523,0.29461175869003314,0.0,0,3,9.0,4,0.8980587934501658,dry/cool/high,hidden_pace_bad_result,derived_from_official_results_lap_chart_sections_and_modeled_weather,medium,derived score for product discovery; review labels before public UI copy
session_indy_nxt_2024_6326,2024 Detroit Grand Prix,2024,Detroit Downtown Street Circuit,street,Andretti Global,11.0,20.0,-9.0,0.0952,-0.4048,0.050000000000000044,20.0,,36,0.42857142857142855,1.0,0.5055555555555555,0.2888888888888888,7,4,7.75,4,0.0,wet/moderate/medium,incident_or_reliability_limited,derived_from_official_results_lap_chart_sections_and_modeled_weather,medium,derived score for product discovery; review labels before public UI copy
session_indy_nxt_2024_6316,2024 Grand Prix at Road America,2024,Road America,road,Andretti Global,7.0,8.0,-1.0,0.6667,-0.033299999999999996,0.6277777777777778,7.0,0.5555555555555556,439,0.19047619047619047,0.5238095238095238,0.385,0.2,6,1,0.75,3,0.0,dry/cool/high,baseline_execution,derived_from_official_results_lap_chart_sections_and_modeled_weather,medium,derived score for product discovery; review labels before public UI copy
session_indy_nxt_2024_6317,2024 Grand Prix of Monterey Race 1 R1,2024,WeatherTech Raceway Laguna Seca,road,Andretti Global,9.0,16.0,-7.0,0.25,-0.32894736842105265,0.5657894736842105,8.0,0.5,528,0.1,0.1,0.1295238095238095,0.0571428571428571,2,0,8.25,4,0.0,dry/moderate/medium,conversion_loss,derived_from_official_results_lap_chart_sections_and_modeled_weather,medium,derived score for product discovery; review labels before public UI copy
session_indy_nxt_2024_6327,2024 Grand Prix of Monterey Race 2 R2,2024,WeatherTech Raceway Laguna Seca,road,Andretti Global,5.0,3.0,2.0,0.9,0.1105263157894737,0.6705366357069144,7.0,0.6568627450980392,560,0.6,0.85,0.2914285714285714,0.0285714285714285,3,4,-4.25,2,0.0,dry/moderate/medium,podium_top5_conversion,derived_from_official_results_lap_chart_sections_and_modeled_weather,medium,derived score for product discovery; review labels before public UI copy
session_indy_nxt_2024_6318,2024 Grand Prix at Mid-Ohio,2024,Mid-Ohio Sports Car Course,road,Andretti Global,14.0,18.0,-4.0,0.1053,-0.17247777777777779,0.5163398692810457,11.0,0.5882352941176471,542,0.6842105263157895,0.5263157894736842,0.12095238095238095,0.0857142857142857,2,0,6.75,4,0.0,dry/moderate/low,baseline_execution,derived_from_official_results_lap_chart_sections_and_modeled_weather,medium,derived score for product discovery; review labels before public UI copy
session_indy_nxt_2024_6319,2024 INDY NXT by Firestone at Iowa Speedway,2024,Iowa Speedway,oval,Andretti Global,9.0,8.0,1.0,0.6111,0.08168823529411762,0.5,9.0,0.47058823529411764,440,0.4444444444444444,0.6111111111111112,0.5324638553135181,0.4909090909090909,5,0,3.5,4,0.49716776141607527,dry/hot/medium,baseline_execution,derived_from_official_results_lap_chart_sections_and_modeled_weather,medium,derived score for product discovery; review labels before public UI copy
session_indy_nxt_2024_6320,2024 OUTFRONT Showdown,2024,World Wide Technology Raceway,oval,Andretti Global,13.0,6.0,7.0,0.7222,0.42808235294117647,0.5962566844919786,7.0,0.5454545454545454,600,1.0,0.47058823529411764,0.41633333333333333,0.2533333333333333,8,1,-2.25,2,0.0,dry/hot/high,recovery_drive,derived_from_official_results_lap_chart_sections_and_modeled_weather,medium,derived score for product discovery; review labels before public UI copy
session_indy_nxt_2024_6321,2024 Grand Prix of Portland,2024,Portland International Raceway,road,Andretti Global,6.0,3.0,3.0,0.8824,0.19489999999999996,0.6145833333333334,8.0,0.6666666666666667,455,0.5882352941176471,1.0,0.2195238095238095,0.0571428571428571,2,4,-5.75,2,0.0,dry/moderate/low,podium_top5_conversion,derived_from_official_results_lap_chart_sections_and_modeled_weather,medium,derived score for product discovery; review labels before public UI copy
session_indy_nxt_2024_6322,2024 INDY NXT By Firestone at The Milwaukee Mile,2024,The Milwaukee Mile,oval,Andretti Global,7.0,4.0,3.0,0.8333,0.18624117647058835,0.792016806722689,2.0,0.6428571428571428,810,0.9375,0.9375,0.23666666666666664,0.0333333333333333,4,2,0.0,2,0.0,dry/hot/medium,podium_top5_conversion,derived_from_official_results_lap_chart_sections_and_modeled_weather,medium,derived score for product discovery; review labels before public UI copy
session_indy_nxt_2024_6323,2024 Music City Grand Prix,2024,Nashville Superspeedway,oval,Andretti Global,10.0,7.0,3.0,0.6667,0.19611176470588237,0.6047794117647058,7.0,0.5625,520,0.7777777777777778,0.6111111111111112,0.2885897435897436,0.0923076923076923,2,2,-0.25,3,0.0,dry/moderate/medium,baseline_execution,derived_from_official_results_lap_chart_sections_and_modeled_weather,medium,derived score for product discovery; review labels before public UI copy
session_indy_nxt_2025_6446,2025 Grand Prix of St. Petersburg,2025,Streets of St. Petersburg,street,HMD Motorsports,20.0,13.0,7.0,0.4286,0.3786,0.285233918128655,15.0,0.27046783625730997,484,0.9,0.3,0.3409090909090909,0.2272727272727272,8,1,0.3333333333333339,5,0.0,dry/moderate/medium,recovery_drive,derived_from_official_results_lap_chart_sections_and_modeled_weather,medium,derived score for product discovery; review labels before public UI copy
session_indy_nxt_2025_6445,2025 Grand Prix of Alabama,2025,Barber Motorsports Park,road,Chip Ganassi Racing,6.0,15.0,-9.0,0.3,-0.436842105263158,0.3315789473684211,15.0,0.4,385,0.1,0.15,0.25047619047619046,0.1428571428571428,4,0,1.0,2,0.0,dry/cool/medium,conversion_loss,derived_from_official_results_lap_chart_sections_and_modeled_weather,medium,derived score for product discovery; review labels before public UI copy
session_indy_nxt_2025_6444,2025 Indianapolis Grand Prix Race 1 R1,2025,Indianapolis Motor Speedway Road Course,road,Chip Ganassi Racing,18.0,15.0,3.0,0.3333,0.1833,0.3625,14.0,0.375,455,0.6666666666666666,0.19047619047619047,0.30738095238095237,0.1142857142857142,5,1,-1.5,1,0.0,dry/cool/low,team_context_outperformed_teammates,derived_from_official_results_lap_chart_sections_and_modeled_weather,medium,derived score for product discovery; review labels before public UI copy
session_indy_nxt_2025_6443,2025 Indianapolis Grand Prix Race 2 R2,2025,Indianapolis Motor Speedway Road Course,road,Chip Ganassi Racing,18.0,15.0,3.0,0.3333,0.1833,0.4328947368421053,10.0,0.3157894736842105,455,0.9047619047619048,0.19047619047619047,0.377858365240275,0.0571428571428571,2,4,4.5,2,0.5916727785823274,dry/moderate/low,baseline_execution,derived_from_official_results_lap_chart_sections_and_modeled_weather,medium,derived score for product discovery; review labels before public UI copy
session_indy_nxt_2025_6455,2025 Detroit Grand Prix,2025,Detroit Downtown Street Circuit,street,Chip Ganassi Racing,15.0,10.0,5.0,0.55,0.28684210526315795,0.31414473684210525,14.0,0.3125,792,0.6111111111111112,0.4444444444444444,0.3844444444444444,0.1111111111111111,7,4,0.5,2,0.0,dry/cool/medium,recovery_drive,derived_from_official_results_lap_chart_sections_and_modeled_weather,medium,derived score for product discovery; review labels before public UI copy
session_indy_nxt_2025_6454,2025 INDY NXT by Firestone at World Wide Technology Raceway,2025,World Wide Technology Raceway,oval,Chip Ganassi Racing,16.0,14.0,2.0,0.3158,0.14913333333333342,0.2826797385620915,15.0,0.3431372549019608,592,0.5789473684210527,0.8947368421052632,0.14666420730630877,0.0,0,0,2.0,2,0.5833210365315439,dry/hot/low,baseline_execution,derived_from_official_results_lap_chart_sections_and_modeled_weather,medium,derived score for product discovery; review labels before public UI copy
session_indy_nxt_2025_6453,2025 Grand Prix at Road America,2025,Road America,road,Chip Ganassi Racing,10.0,9.0,1.0,0.5789,0.07889999999999997,0.3888888888888889,13.0,0.4444444444444444,441,0.8421052631578947,0.8947368421052632,0.17225562489182655,0.0,0,0,-3.0,1,0.8112781244591328,dry/hot/medium,baseline_execution,derived_from_official_results_lap_chart_sections_and_modeled_weather,medium,derived score for product discovery; review labels before public UI copy
session_indy_nxt_2025_6452,2025 Grand Prix at Mid-Ohio,2025,Mid-Ohio Sports Car Course,road,Chip Ganassi Racing,7.0,12.0,-5.0,0.4211,-0.24556666666666677,0.3541666666666667,13.0,0.375,561,0.05263157894736842,0.3157894736842105,0.18424242424242424,0.0606060606060606,3,2,-1.0,1,0.0,dry/hot/medium,team_context_outperformed_teammates,derived_from_official_results_lap_chart_sections_and_modeled_weather,medium,derived score for product discovery; review labels before public UI copy
session_indy_nxt_2025_6451,2025 INDY NXT by Firestone at Iowa Speedway,2025,Iowa Speedway,oval,Chip Ganassi Racing,11.0,9.0,2.0,0.5789,0.13445555555555555,0.3611111111111111,14.0,0.4444444444444444,594,0.8947368421052632,0.6842105263157895,0.3872225474321294,0.1333333333333333,3,1,2.0,2,0.6944460704939805,dry/moderate/medium,baseline_execution,derived_from_official_results_lap_chart_sections_and_modeled_weather,medium,derived score for product discovery; review labels before public UI copy
session_indy_nxt_2025_6442,2025 Grand Prix of Monterey Race 1 R1,2025,WeatherTech Raceway Laguna Seca,road,Chip Ganassi Racing,14.0,10.0,4.0,0.5263,0.2485222222222222,0.44696969696969696,11.0,0.4494949494949495,560,0.11764705882352941,0.17647058823529413,0.224047619047619,0.1142857142857142,4,1,-0.5,1,0.0,dry/cool/medium,baseline_execution,derived_from_official_results_lap_chart_sections_and_modeled_weather,medium,derived score for product discovery; review labels before public UI copy
session_indy_nxt_2025_6450,2025 Grand Prix of Monterey Race 2 R2,2025,WeatherTech Raceway Laguna Seca,road,Chip Ganassi Racing,12.0,19.0,-7.0,0.0526,-0.3362888888888888,,nan,,7,,,0.5764285714285714,0.4285714285714285,8,6,6.5,2,0.0,dry/cool/medium,incident_or_reliability_limited,derived_from_official_results_lap_chart_sections_and_modeled_weather,medium_low,derived score for product discovery; review labels before public UI copy
session_indy_nxt_2025_6449,2025 Grand Prix of Portland,2025,Portland International Raceway,road,Chip Ganassi Racing,5.0,19.0,-14.0,0.0526,-0.7251777777777778,,nan,,4,,,0.15095238095238095,0.0857142857142857,2,0,6.5,2,0.0,dry/moderate/medium,incident_or_reliability_limited,derived_from_official_results_lap_chart_sections_and_modeled_weather,medium_low,derived score for product discovery; review labels before public UI copy
session_indy_nxt_2025_6448,2025 INDY NXT by Firestone at the Milwaukee Mile,2025,The Milwaukee Mile,oval,Chip Ganassi Racing,6.0,5.0,1.0,0.7778,0.07191764705882364,0.5723981900452488,9.0,0.6153846153846154,810,0.8888888888888888,0.3888888888888889,0.17166666666666663,0.0666666666666666,3,0,-3.5,1,0.0,dry/cool/medium,podium_top5_conversion,derived_from_official_results_lap_chart_sections_and_modeled_weather,medium,derived score for product discovery; review labels before public UI copy
session_indy_nxt_2025_6447,2025 Music City Grand Prix,2025,Nashville Superspeedway,oval,Chip Ganassi Racing,8.0,6.0,2.0,0.7222,0.13396470588235287,0.6823529411764706,5.0,0.6,520,0.4444444444444444,0.9444444444444444,0.4236111485567188,0.1846153846153846,2,2,-0.5,1,0.8904916402194913,dry/moderate/low,baseline_execution,derived_from_official_results_lap_chart_sections_and_modeled_weather,medium,derived score for product discovery; review labels before public UI copy
session_indy_nxt_2026_6751,2026 Grand Prix of St. Petersburg,2026,Streets of St. Petersburg,street,Chip Ganassi Racing,19.0,18.0,1.0,0.2917,0.07430869565217402,0.3735177865612648,15.0,0.3557312252964427,462,0.375,0.20833333333333334,0.3942857142857143,0.2857142857142857,8,2,-3.25,1,0.0,dry/cool/medium,team_context_outperformed_teammates,derived_from_official_results_lap_chart_sections_and_modeled_weather,medium,derived score for product discovery; review labels before public UI copy
session_indy_nxt_2026_6753,2026 Grand Prix of Arlington,2026,Grand Prix of Arlington Street Circuit,street,Chip Ganassi Racing,23.0,18.0,5.0,0.2917,0.2482217391304349,0.14078674948240166,23.0,0.23809523809523814,377,0.6086956521739131,0.4782608695652174,0.5511256300817943,0.3333333333333333,4,4,1.25,3,0.672294817075638,dry/moderate/medium,recovery_drive,derived_from_official_results_lap_chart_sections_and_modeled_weather,medium,derived score for product discovery; review labels before public UI copy
session_indy_nxt_2026_6750,2026 Grand Prix of Alabama Race 1 R1,2026,Barber Motorsports Park,road,Chip Ganassi Racing,5.0,8.0,-3.0,0.7083,-0.1177869565217391,0.599802371541502,10.0,0.5909090909090908,383,0.2608695652173913,0.4782608695652174,0.4116237023338549,0.1428571428571428,3,2,-9.25,1,0.8224042259549891,dry/cool/medium,baseline_execution,derived_from_official_results_lap_chart_sections_and_modeled_weather,medium,derived score for product discovery; review labels before public UI copy
session_indy_nxt_2026_6752,2026 Grand Prix of Alabama Race 2 R2,2026,Barber Motorsports Park,road,Chip Ganassi Racing,11.0,7.0,4.0,0.75,0.1847826086956521,0.6452569169960475,10.0,0.6818181818181819,330,0.8333333333333334,1.0,0.05,0.0,0,2,-8.0,1,0.0,dry/cold/medium,baseline_execution,derived_from_official_results_lap_chart_sections_and_modeled_weather,medium,derived score for product discovery; review labels before public UI copy
session_indy_nxt_2026_6756,2026 Indianapolis Grand Prix Race 1 R1,2026,Indianapolis Motor Speedway Road Course,road,Chip Ganassi Racing,13.0,22.0,-9.0,0.125,-0.3532608695652174,0.391304347826087,18.0,0.5217391304347826,363,0.16666666666666666,0.20833333333333334,0.48139110883446995,0.1724137931034483,2,2,7.75,4,0.5787946246321198,wet/cool/medium,conversion_loss,derived_from_official_results_lap_chart_sections_and_modeled_weather,medium,derived score for product discovery; review labels before public UI copy
session_indy_nxt_2026_6765,2026 Indianapolis Grand Prix Race 2 R2,2026,Indianapolis Motor Speedway Road Course,road,Chip Ganassi Racing,14.0,12.0,2.0,0.5417,0.10691739130434774,0.4782608695652174,13.0,0.4782608695652174,389,1.0,0.4166666666666667,0.28833333333333333,0.0,1,7,-4.75,1,0.0,dry/moderate/high,team_context_outperformed_teammates,derived_from_official_results_lap_chart_sections_and_modeled_weather,medium,derived score for product discovery; review labels before public UI copy
session_indy_nxt_2026_6749,2026 Detroit Grand Prix,2026,Detroit Downtown Street Circuit,street,Chip Ganassi Racing,14.0,8.0,6.0,0.7083,0.2735173913043478,0.5217391304347826,12.0,0.5217391304347826,756,0.4166666666666667,0.5833333333333334,0.8069925001442312,0.3333333333333333,6,6,-9.0,1,0.9182958340544894,dry/moderate/medium,recovery_drive,derived_from_official_results_lap_chart_sections_and_modeled_weather,medium,derived score for product discovery; review labels before public UI copy
session_indy_nxt_2026_6763,2026 INDY NXT by Firestone at World Wide Technology Raceway,2026,World Wide Technology Raceway,oval,Chip Ganassi Racing,12.0,23.0,-11.0,0.0833,-0.4384391304347826,0.0,24.0,,40,0.5416666666666666,0.9583333333333334,0.6185766417069667,0.2266666666666666,7,1,7.75,4,0.9895498752015003,wet/hot/medium,incident_or_reliability_limited,derived_from_official_results_lap_chart_sections_and_modeled_weather,medium,derived score for product discovery; review labels before public UI copy
session_indy_nxt_2026_6762,2026 Grand Prix at Road America Race 1 R1,2026,Road America,road,Chip Ganassi Racing,15.0,21.0,-6.0,0.1667,-0.22460434782608693,0.8181818181818181,1.0,0.6363636363636364,430,0.08695652173913043,0.43478260869565216,0.6108567855576005,0.4,5,2,5.25,4,0.9709505944546688,dry/moderate/medium,hidden_pace_bad_result,derived_from_official_results_lap_chart_sections_and_modeled_weather,medium,derived score for product discovery; review labels before public UI copy
session_indy_nxt_2026_6754,2026 Grand Prix at Road America Race 2 R2,2026,Road America,road,Chip Ganassi Racing,15.0,10.0,5.0,0.625,0.23369565217391308,0.4673913043478261,14.0,0.5,396,0.5833333333333334,0.5833333333333334,0.31166666666666665,0.1666666666666666,3,2,-2.75,2,,dry/moderate/low,recovery_drive,derived_from_official_results_lap_chart_sections_and_modeled_weather,medium,derived score for product discovery; review labels before public UI copy
session_indy_nxt_2026_6761,2026 Grand Prix at Mid-Ohio Race 1 R1,2026,Mid-Ohio Sports Car Course,road,Chip Ganassi Racing,13.0,16.0,-3.0,0.375,-0.1032608695652174,0.20256916996047436,22.0,0.31818181818181823,595,0.2916666666666667,0.6666666666666666,0.26690476190476187,0.1714285714285714,4,0,-1.5,2,0.0,dry/hot/medium,team_context_outperformed_teammates,derived_from_official_results_lap_chart_sections_and_modeled_weather,medium,derived score for product discovery; review labels before public UI copy
session_indy_nxt_2026_6760,2026 Grand Prix at Mid-Ohio Race 2 R2,2026,Mid-Ohio Sports Car Course,road,Chip Ganassi Racing,15.0,14.0,1.0,0.4583,0.06699565217391307,0.3043478260869565,19.0,0.3913043478260869,510,0.875,0.8333333333333334,0.02,0.0,0,0,-3.25,2,0.0,wet/moderate/low,team_context_outperformed_teammates,derived_from_official_results_lap_chart_sections_and_modeled_weather,medium,derived score for product discovery; review labels before public UI copy
session_indy_nxt_2026_6755,2026 Music City Grand Prix,2026,Nashville Superspeedway,oval,Chip Ganassi Racing,8.0,10.0,-2.0,0.6087,-0.07311818181818186,0.5425802139037433,11.0,0.5397058823529413,520,0.08695652173913043,0.5652173913043478,0.3272940754262037,0.1692307692307692,5,0,-6.75,1,0.11467550533614675,dry/hot/low,baseline_execution,derived_from_official_results_lap_chart_sections_and_modeled_weather,medium,derived score for product discovery; review labels before public UI copy
session_indy_nxt_2026_6764,2026 Grand Prix of Portland,2026,Portland International Raceway,road,Chip Ganassi Racing,15.0,16.0,-1.0,0.375,-0.016304347826086918,0.2391304347826087,20.0,0.30434782608695654,452,0.9166666666666666,0.625,0.23619047619047617,0.0571428571428571,1,4,-1.75,2,0.0,dry/moderate/low,team_context_outperformed_teammates,derived_from_official_results_lap_chart_sections_and_modeled_weather,medium,derived score for product discovery; review labels before public UI copy
session_indy_nxt_2026_6757,2026 INDY NXT by Firestone at Milwaukee Mile,2026,The Milwaukee Mile,oval,Chip Ganassi Racing,14.0,8.0,6.0,0.6957,0.286609090909091,0.5227272727272727,11.0,0.5,810,0.7391304347826086,0.5217391304347826,0.608749377887889,0.2333333333333333,7,0,-7.5,1,0.9770802227727781,dry/moderate/medium,recovery_drive,derived_from_official_results_lap_chart_sections_and_modeled_weather,medium,derived score for product discovery; review labels before public UI copy
session_indy_nxt_2026_6759,2026 Grand Prix of Monterey Race 1 R1,2026,WeatherTech Raceway Laguna Seca,road,Chip Ganassi Racing,7.0,6.0,1.0,0.7917,0.05256956521739131,0.673913043478261,6.0,0.5652173913043479,560,0.4583333333333333,1.0,0.47428571428571425,0.2857142857142857,6,3,-7.0,2,0.0,dry/moderate/medium,baseline_execution,derived_from_official_results_lap_chart_sections_and_modeled_weather,medium,derived score for product discovery; review labels before public UI copy
session_indy_nxt_2026_6758,2026 Grand Prix of Monterey Race 2 R2,2026,WeatherTech Raceway Laguna Seca,road,Chip Ganassi Racing,10.0,9.0,1.0,0.6667,0.05800434782608688,0.6138716356107661,10.0,0.6190476190476191,480,0.22727272727272727,0.8636363636363636,0.22833333333333333,0.1333333333333333,3,1,-7.75,1,0.0,dry/cool/low,baseline_execution,derived_from_official_results_lap_chart_sections_and_modeled_weather,medium,derived score for product discovery; review labels before public UI copy
