raceSessionId,seriesId,seriesName,seasonYear,roundIndex,eventName,raceLabel,raceNumber,reason,note
session_frp_f1600_2019_r1_04_race_1,series_frp_f1600,F1600 Championship Series,2019,1,FRP F1600 2019 Round 1 - Road Atlanta,Race 1,1,no_grid_column,"Source family does not populate a grid column; qualifying position recorded, conversion not computed."
session_frp_f1600_2019_r1_05_race_2,series_frp_f1600,F1600 Championship Series,2019,1,FRP F1600 2019 Round 1 - Road Atlanta,Race 2,2,no_grid_column,"Source family does not populate a grid column; qualifying position recorded, conversion not computed."
session_frp_f1600_2019_r1_06_race_3,series_frp_f1600,F1600 Championship Series,2019,1,FRP F1600 2019 Round 1 - Road Atlanta,Race 3,3,no_grid_column,"Source family does not populate a grid column; qualifying position recorded, conversion not computed."
session_frp_f1600_2019_r2_04_race_1,series_frp_f1600,F1600 Championship Series,2019,2,FRP F1600 2019 Round 2 - Watkins Glen International,Race 1,1,no_grid_column,"Source family does not populate a grid column; qualifying position recorded, conversion not computed."
session_frp_f1600_2019_r2_05_race_2,series_frp_f1600,F1600 Championship Series,2019,2,FRP F1600 2019 Round 2 - Watkins Glen International,Race 2,2,no_grid_column,"Source family does not populate a grid column; qualifying position recorded, conversion not computed."
session_frp_f1600_2019_r2_06_race_3,series_frp_f1600,F1600 Championship Series,2019,2,FRP F1600 2019 Round 2 - Watkins Glen International,Race 3,3,no_finish,No classified finish for this race.
session_frp_f1600_2019_r3_04_race_1,series_frp_f1600,F1600 Championship Series,2019,3,FRP F1600 2019 Round 3 - Mid Ohio Sports Car Course,Race 1,1,no_grid_column,"Source family does not populate a grid column; qualifying position recorded, conversion not computed."
session_frp_f1600_2019_r3_05_race_2,series_frp_f1600,F1600 Championship Series,2019,3,FRP F1600 2019 Round 3 - Mid Ohio Sports Car Course,Race 2,2,no_grid_column,"Source family does not populate a grid column; qualifying position recorded, conversion not computed."
session_frp_f1600_2019_r3_06_race_3,series_frp_f1600,F1600 Championship Series,2019,3,FRP F1600 2019 Round 3 - Mid Ohio Sports Car Course,Race 3,3,no_grid_column,"Source family does not populate a grid column; qualifying position recorded, conversion not computed."
session_frp_f1600_2019_r4_02_race_1,series_frp_f1600,F1600 Championship Series,2019,4,FRP F1600 2019 Round 4 - Virginia International Raceway,Race 1,1,no_grid_column,"Source family does not populate a grid column; qualifying position recorded, conversion not computed."
session_frp_f1600_2019_r4_03_race_2,series_frp_f1600,F1600 Championship Series,2019,4,FRP F1600 2019 Round 4 - Virginia International Raceway,Race 2,2,no_grid_column,"Source family does not populate a grid column; qualifying position recorded, conversion not computed."
session_frp_f1600_2019_r4_04_race_3,series_frp_f1600,F1600 Championship Series,2019,4,FRP F1600 2019 Round 4 - Virginia International Raceway,Race 3,3,no_grid_column,"Source family does not populate a grid column; qualifying position recorded, conversion not computed."
session_frp_f1600_2019_r5_02_race_1,series_frp_f1600,F1600 Championship Series,2019,5,FRP F1600 2019 Round 5 - Pittsburgh International Race Complex,Race 1,1,no_qualifying_in_event,No Bryce qualifying classification exists for this event.
session_frp_f1600_2019_r5_03_race_2,series_frp_f1600,F1600 Championship Series,2019,5,FRP F1600 2019 Round 5 - Pittsburgh International Race Complex,Race 2,2,no_qualifying_in_event,No Bryce qualifying classification exists for this event.
session_frp_f1600_2019_r5_04_race_3,series_frp_f1600,F1600 Championship Series,2019,5,FRP F1600 2019 Round 5 - Pittsburgh International Race Complex,Race 3,3,no_qualifying_in_event,No Bryce qualifying classification exists for this event.
session_frp_f1600_2019_r6_04_race_1,series_frp_f1600,F1600 Championship Series,2019,6,FRP F1600 2019 Round 6 - Summit Point,Race 1,1,no_grid_column,"Source family does not populate a grid column; qualifying position recorded, conversion not computed."
session_frp_f1600_2019_r6_05_race_2,series_frp_f1600,F1600 Championship Series,2019,6,FRP F1600 2019 Round 6 - Summit Point,Race 2,2,no_grid_column,"Source family does not populate a grid column; qualifying position recorded, conversion not computed."
session_frp_f1600_2019_r6_06_race_3,series_frp_f1600,F1600 Championship Series,2019,6,FRP F1600 2019 Round 6 - Summit Point,Race 3,3,no_grid_column,"Source family does not populate a grid column; qualifying position recorded, conversion not computed."
session_frp_f1600_2019_r7_04_race_1,series_frp_f1600,F1600 Championship Series,2019,7,FRP F1600 2019 Round 7 - New Jersey Motorsports Park,Race 1,1,no_grid_column,"Source family does not populate a grid column; qualifying position recorded, conversion not computed."
session_frp_f1600_2019_r7_05_race_2,series_frp_f1600,F1600 Championship Series,2019,7,FRP F1600 2019 Round 7 - New Jersey Motorsports Park,Race 2,2,no_grid_column,"Source family does not populate a grid column; qualifying position recorded, conversion not computed."
session_frp_f1600_2019_r7_06_race_3,series_frp_f1600,F1600 Championship Series,2019,7,FRP F1600 2019 Round 7 - New Jersey Motorsports Park,Race 3,3,no_grid_column,"Source family does not populate a grid column; qualifying position recorded, conversion not computed."
session_formula_ford_2020_national_oulton_park_race_8,series_formula_ford,Formula Ford,2020,1,BRSCC National FF1600 2020 - Oulton Park,RACE 8,8,reverse_grid_no_quali_match,Grid does not match any qualifying rank in this event (grid set by a prior race's classification).
session_formula_ford_2020_champion_cadwell_race_5,series_formula_ford,Formula Ford,2020,2,The Champion of Cadwell for FF1600 2020,RACE 5,5,reverse_grid_no_quali_match,Grid does not match any qualifying rank in this event (grid set by a prior race's classification).
session_formula_ford_2020_champion_brands_race_11,series_formula_ford,Formula Ford,2020,3,Champion of Brands 2020,RACE 11,11,reverse_grid_no_quali_match,Grid does not match any qualifying rank in this event (grid set by a prior race's classification).
session_formula_ford_2020_national_brands_hatch_race_11,series_formula_ford,Formula Ford,2020,4,BRSCC National FF1600 2020 - Brands Hatch,RACE 11,11,reverse_grid_no_quali_match,Grid does not match any qualifying rank in this event (grid set by a prior race's classification).
session_formula_ford_2020_national_brands_hatch_race_18,series_formula_ford,Formula Ford,2020,4,BRSCC National FF1600 2020 - Brands Hatch,RACE 18,18,reverse_grid_no_quali_match,Grid does not match any qualifying rank in this event (grid set by a prior race's classification).
session_formula_ford_2020_national_silverstone_race_7,series_formula_ford,Formula Ford,2020,5,BRSCC National FF1600 2020 - Silverstone International,RACE 7,7,reverse_grid_no_quali_match,Grid does not match any qualifying rank in this event (grid set by a prior race's classification).
session_formula_ford_2020_festival_grand_final_race_21,series_formula_ford,Formula Ford,2020,6,BRSCC Formula Ford Festival 2020,GRAND FINAL (RACE 21),21,reverse_grid_no_quali_match,Grid does not match any qualifying rank in this event (grid set by a prior race's classification).
session_formula_ford_2020_festival_semi_final_1_race_13,series_formula_ford,Formula Ford,2020,6,BRSCC Formula Ford Festival 2020,SEMI FINAL 1 (RACE 13),13,reverse_grid_no_quali_match,Grid does not match any qualifying rank in this event (grid set by a prior race's classification).
session_formula_ford_2020_wht_grand_final,series_formula_ford,Formula Ford,2020,7,Walter Hayes Trophy 2020,GRAND FINAL,,reverse_grid_no_quali_match,Grid does not match any qualifying rank in this event (grid set by a prior race's classification).
session_formula_ford_2020_wht_semi_final_2,series_formula_ford,Formula Ford,2020,7,Walter Hayes Trophy 2020,SEMI FINAL 2,,reverse_grid_no_quali_match,Grid does not match any qualifying rank in this event (grid set by a prior race's classification).
session_gb3_2021_212005_race_2_result,series_gb3,GB3 Championship,2021,1,GB3 2021 Round 1 - Brands Hatch,Race 2 Result,2,reverse_grid_no_quali_match,Grid does not match any qualifying rank in this event (grid set by a prior race's classification).
session_gb3_2021_212005_race_3_result,series_gb3,GB3 Championship,2021,1,GB3 2021 Round 1 - Brands Hatch,Race 3 Result,3,reverse_grid_no_quali_match,Grid does not match any qualifying rank in this event (grid set by a prior race's classification).
session_gb3_2021_212505_race_1_result,series_gb3,GB3 Championship,2021,2,GB3 2021 Round 2 - Silverstone,Race 1 Result,1,reverse_grid_no_quali_match,Grid does not match any qualifying rank in this event (grid set by a prior race's classification).
session_gb3_2021_212705_race_3_result,series_gb3,GB3 Championship,2021,3,GB3 2021 Round 3 - Donington Park,Race 3 Result,3,reverse_grid_no_quali_match,Grid does not match any qualifying rank in this event (grid set by a prior race's classification).
session_gb3_2021_212905_race_3_result,series_gb3,GB3 Championship,2021,4,GB3 2021 Round 4 - Spa-Francorchamps,Race 3 Result,3,reverse_grid_no_quali_match,Grid does not match any qualifying rank in this event (grid set by a prior race's classification).
session_gb3_2021_213605_race_3_result,series_gb3,GB3 Championship,2021,6,GB3 2021 Round 6 - Oulton Park,Race 3 Result,3,reverse_grid_no_quali_match,Grid does not match any qualifying rank in this event (grid set by a prior race's classification).
session_gb3_2021_214105_race_3_result,series_gb3,GB3 Championship,2021,7,GB3 2021 Round 7 - Donington Park,Race 3 Result,3,reverse_grid_no_quali_match,Grid does not match any qualifying rank in this event (grid set by a prior race's classification).
session_gb3_2022_778,series_gb3,GB3 Championship,2022,1,GB3 2022 Round 1 - Oulton Park,Race 1,1,no_grid_column,"Source family does not populate a grid column; qualifying position recorded, conversion not computed."
session_gb3_2022_779,series_gb3,GB3 Championship,2022,1,GB3 2022 Round 1 - Oulton Park,Race 2,2,no_grid_column,"Source family does not populate a grid column; qualifying position recorded, conversion not computed."
session_gb3_2022_780,series_gb3,GB3 Championship,2022,1,GB3 2022 Round 1 - Oulton Park,Race 3 ,3,no_grid_column,"Source family does not populate a grid column; qualifying position recorded, conversion not computed."
session_gb3_2022_1082,series_gb3,GB3 Championship,2022,2,GB3 2022 Round 2 - Silverstone,Race 1,4,no_grid_column,"Source family does not populate a grid column; qualifying position recorded, conversion not computed."
session_gb3_2022_1083,series_gb3,GB3 Championship,2022,2,GB3 2022 Round 2 - Silverstone,Race 2,5,no_grid_column,"Source family does not populate a grid column; qualifying position recorded, conversion not computed."
session_gb3_2022_1084,series_gb3,GB3 Championship,2022,2,GB3 2022 Round 2 - Silverstone,Race 3 ,6,no_grid_column,"Source family does not populate a grid column; qualifying position recorded, conversion not computed."
session_gb3_2022_1085,series_gb3,GB3 Championship,2022,3,GB3 2022 Round 3 - Donington Park,Race 1,7,no_grid_column,"Source family does not populate a grid column; qualifying position recorded, conversion not computed."
session_gb3_2022_1087,series_gb3,GB3 Championship,2022,3,GB3 2022 Round 3 - Donington Park,Race 3 ,9,no_grid_column,"Source family does not populate a grid column; qualifying position recorded, conversion not computed."
session_gb3_2022_1257,series_gb3,GB3 Championship,2022,3,GB3 2022 Round 3 - Donington Park,Race 2,8,no_grid_column,"Source family does not populate a grid column; qualifying position recorded, conversion not computed."
session_gb3_2022_1088,series_gb3,GB3 Championship,2022,4,GB3 2022 Round 4 - Snetterton,Race 1,10,no_grid_column,"Source family does not populate a grid column; qualifying position recorded, conversion not computed."
session_gb3_2022_1089,series_gb3,GB3 Championship,2022,4,GB3 2022 Round 4 - Snetterton,Race 2,11,no_grid_column,"Source family does not populate a grid column; qualifying position recorded, conversion not computed."
session_gb3_2022_1305,series_gb3,GB3 Championship,2022,4,GB3 2022 Round 4 - Snetterton,Race 3,12,no_finish,No classified finish for this race.
session_gb3_2022_1363,series_gb3,GB3 Championship,2022,5,GB3 2022 Round 5 - Spa,Race 1,13,no_grid_column,"Source family does not populate a grid column; qualifying position recorded, conversion not computed."
session_gb3_2022_1364,series_gb3,GB3 Championship,2022,5,GB3 2022 Round 5 - Spa,Race 2,14,no_grid_column,"Source family does not populate a grid column; qualifying position recorded, conversion not computed."
session_gb3_2022_1365,series_gb3,GB3 Championship,2022,5,GB3 2022 Round 5 - Spa,Race 3,15,no_grid_column,"Source family does not populate a grid column; qualifying position recorded, conversion not computed."
session_gb3_2022_1094,series_gb3,GB3 Championship,2022,6,GB3 2022 Round 6 - Silverstone,Race 1,16,no_qualifying_in_event,No Bryce qualifying classification exists for this event.
session_gb3_2022_1096,series_gb3,GB3 Championship,2022,6,GB3 2022 Round 6 - Silverstone,Race 3 ,18,no_qualifying_in_event,No Bryce qualifying classification exists for this event.
session_gb3_2022_1376,series_gb3,GB3 Championship,2022,6,GB3 2022 Round 6 - Silverstone,Race 2,17,no_finish,No classified finish for this race.
session_gb3_2022_1097,series_gb3,GB3 Championship,2022,7,GB3 2022 Round 7 - Brands Hatch,Race 1,19,no_grid_column,"Source family does not populate a grid column; qualifying position recorded, conversion not computed."
session_gb3_2022_1098,series_gb3,GB3 Championship,2022,7,GB3 2022 Round 7 - Brands Hatch,Race 2,20,no_grid_column,"Source family does not populate a grid column; qualifying position recorded, conversion not computed."
session_gb3_2022_1099,series_gb3,GB3 Championship,2022,7,GB3 2022 Round 7 - Brands Hatch,Race 3 ,21,no_grid_column,"Source family does not populate a grid column; qualifying position recorded, conversion not computed."
session_gb3_2022_1103,series_gb3,GB3 Championship,2022,8,GB3 2022 Round 8 - Donington Park,Race 1,22,no_grid_column,"Source family does not populate a grid column; qualifying position recorded, conversion not computed."
session_gb3_2022_1104,series_gb3,GB3 Championship,2022,8,GB3 2022 Round 8 - Donington Park,Race 2,23,no_grid_column,"Source family does not populate a grid column; qualifying position recorded, conversion not computed."
session_gb3_2022_1105,series_gb3,GB3 Championship,2022,8,GB3 2022 Round 8 - Donington Park,Race 3 ,24,no_grid_column,"Source family does not populate a grid column; qualifying position recorded, conversion not computed."
session_euroformula_2023_01-portimao-race-2,series_euroformula_open,Euroformula Open,2023,1,Euroformula Open 2023 Round 1 - Portimao,Race 2,2,reverse_grid_no_quali_match,Grid does not match any qualifying rank in this event (grid set by a prior race's classification).
session_euroformula_2023_01-portimao-race-3,series_euroformula_open,Euroformula Open,2023,1,Euroformula Open 2023 Round 1 - Portimao,Race 3,3,reverse_grid_no_quali_match,Grid does not match any qualifying rank in this event (grid set by a prior race's classification).
session_euroformula_2023_02-spa_francorchamps-race-2,series_euroformula_open,Euroformula Open,2023,2,Euroformula Open 2023 Round 2 - Spa-Francorchamps,Race 2,2,reverse_grid_no_quali_match,Grid does not match any qualifying rank in this event (grid set by a prior race's classification).
session_euroformula_2023_02-spa_francorchamps-race-3,series_euroformula_open,Euroformula Open,2023,2,Euroformula Open 2023 Round 2 - Spa-Francorchamps,Race 3,3,reverse_grid_no_quali_match,Grid does not match any qualifying rank in this event (grid set by a prior race's classification).
session_euroformula_2023_03-hungaroring-race-2,series_euroformula_open,Euroformula Open,2023,3,Euroformula Open 2023 Round 3 - Hungaroring,Race 2,2,reverse_grid_no_quali_match,Grid does not match any qualifying rank in this event (grid set by a prior race's classification).
session_euroformula_2023_04-paul_ricard-race-2,series_euroformula_open,Euroformula Open,2023,4,Euroformula Open 2023 Round 4 - Paul Ricard,Race 2,2,reverse_grid_no_quali_match,Grid does not match any qualifying rank in this event (grid set by a prior race's classification).
session_euroformula_2023_04-paul_ricard-race-3,series_euroformula_open,Euroformula Open,2023,4,Euroformula Open 2023 Round 4 - Paul Ricard,Race 3,3,reverse_grid_no_quali_match,Grid does not match any qualifying rank in this event (grid set by a prior race's classification).
session_euroformula_2023_05-red_bull_ring-race-2,series_euroformula_open,Euroformula Open,2023,5,Euroformula Open 2023 Round 5 - Red Bull Ring,Race 2,2,reverse_grid_no_quali_match,Grid does not match any qualifying rank in this event (grid set by a prior race's classification).
session_euroformula_2023_05-red_bull_ring-race-3,series_euroformula_open,Euroformula Open,2023,5,Euroformula Open 2023 Round 5 - Red Bull Ring,Race 3,3,reverse_grid_no_quali_match,Grid does not match any qualifying rank in this event (grid set by a prior race's classification).
session_euroformula_2023_06-monza-race-2,series_euroformula_open,Euroformula Open,2023,6,Euroformula Open 2023 Round 6 - Monza,Race 2,2,no_finish,No classified finish for this race.
session_euroformula_2023_06-monza-race-3,series_euroformula_open,Euroformula Open,2023,6,Euroformula Open 2023 Round 6 - Monza,Race 3,3,reverse_grid_no_quali_match,Grid does not match any qualifying rank in this event (grid set by a prior race's classification).
session_froc_2024_r4_race_2,series_froc,Castrol Toyota Formula Regional Oceania Championship,2024,4,FROC 2024 Round 4 - Euromarque Motorsport Park,Race 2,11,reverse_grid_no_quali_match,Grid does not match any qualifying rank in this event (grid set by a prior race's classification).
session_froc_2024_r5_race_2,series_froc,Castrol Toyota Formula Regional Oceania Championship,2024,5,FROC 2024 Round 5 - Highlands Motorsport Park,Race 2,14,reverse_grid_no_quali_match,Grid does not match any qualifying rank in this event (grid set by a prior race's classification).
session_indy_nxt_2024_6321,series_indy_nxt,INDY NXT,2024,12,Grand Prix of Portland,Race,,reverse_grid_no_quali_match,Grid does not match any qualifying rank in this event (grid set by a prior race's classification).
session_indy_nxt_2024_6323,series_indy_nxt,INDY NXT,2024,14,Music City Grand Prix,Race,,no_qualifying_in_event,No Bryce qualifying classification exists for this event.
session_imsa_2025_daytona_rolex_24_race,series_imsa_weathertech,IMSA WeatherTech SportsCar Championship,2025,1,Rolex 24 at Daytona,Race,,no_qualifying_in_event,No Bryce qualifying classification exists for this event.
session_indy_nxt_2025_6446,series_indy_nxt,INDY NXT,2025,1,Grand Prix of St. Petersburg,Race,,reverse_grid_no_quali_match,Grid does not match any qualifying rank in this event (grid set by a prior race's classification).
session_indy_nxt_2025_6445,series_indy_nxt,INDY NXT,2025,2,Grand Prix of Alabama,Race,,reverse_grid_no_quali_match,Grid does not match any qualifying rank in this event (grid set by a prior race's classification).
session_indy_nxt_2025_6451,series_indy_nxt,INDY NXT,2025,9,INDY NXT by Firestone at Iowa Speedway,Race,,no_qualifying_in_event,No Bryce qualifying classification exists for this event.
