sessionId,seasonYear,raceLabel,trackName,trackType,venueSlug,restartIndex,cautionNumbers,cautionReasons,totalLaps,baselineLap,restartLap,windowLaps,windowEndLap,fullWindow,truncated,truncateReason,fieldClassified,fieldNetMedian,fieldNetBest,bryceClassified,bryceBaselinePosition,bryceRestartPosition,bryceEndPosition,bryceNet,bryceRankInField,bryceFieldSizeRanked,sourceHash
session_indy_nxt_2024_6314,2024,Grand Prix of Alabama,Barber Motorsports Park,road,barber_motorsports_park,1,1,Off Course: Car 22 in Turn 14,35,5,6,2,7,true,false,,21,0.0,1,true,5,5,5,0,6,21,900ddfcb701b1977f16e33501302742c328980f5ffcccd190d2e433bba0b5681
session_indy_nxt_2024_6315,2024,Indianapolis Grand Prix Race 1,Indianapolis Motor Speedway Road Course,road,indianapolis_motor_speedway_road_course,1,1,Off Course: Car 22 in Turn 4,35,25,26,2,27,true,false,,20,0.0,4,true,16,16,15,1,7,20,900ddfcb701b1977f16e33501302742c328980f5ffcccd190d2e433bba0b5681
session_indy_nxt_2024_6315,2024,Indianapolis Grand Prix Race 1,Indianapolis Motor Speedway Road Course,road,indianapolis_motor_speedway_road_course,2,2,Contact: Car 21 in Turn 7,35,31,32,2,33,true,false,,18,0.0,2,true,14,14,14,0,5,18,900ddfcb701b1977f16e33501302742c328980f5ffcccd190d2e433bba0b5681
session_indy_nxt_2024_6316,2024,Grand Prix at Road America,Road America,road,road_america,1,1,Contact: Cars 29 and 39 in Turn 7,20,4,5,2,6,true,false,,21,0.0,3,true,6,6,5,1,3,21,900ddfcb701b1977f16e33501302742c328980f5ffcccd190d2e433bba0b5681
session_indy_nxt_2024_6316,2024,Grand Prix at Road America,Road America,road,road_america,2,2,Off Course: Car 2 in Turn 14,20,10,11,2,12,true,false,,20,0.0,1,true,6,6,7,-1,16,20,900ddfcb701b1977f16e33501302742c328980f5ffcccd190d2e433bba0b5681
session_indy_nxt_2024_6316,2024,Grand Prix at Road America,Road America,road,road_america,3,3,Contact: Car 21 and 99 in Turn 1,20,16,17,2,18,true,false,,18,1.0,3,true,7,7,6,1,8,18,900ddfcb701b1977f16e33501302742c328980f5ffcccd190d2e433bba0b5681
session_indy_nxt_2024_6317,2024,Grand Prix of Monterey Race 1,WeatherTech Raceway Laguna Seca,road,weathertech_raceway_laguna_seca,1,1,Contact: Car 10 in Turn 5,35,7,8,2,9,true,false,,20,0.0,2,true,7,7,7,0,4,20,900ddfcb701b1977f16e33501302742c328980f5ffcccd190d2e433bba0b5681
session_indy_nxt_2024_6318,2024,Grand Prix at Mid-Ohio,Mid-Ohio Sports Car Course,road,mid_ohio,1,1,"Contact: Cars 21, 27, 28 and 40 in Turn 4",35,3,4,2,5,true,false,,19,0.0,1,true,19,19,18,1,1,19,900ddfcb701b1977f16e33501302742c328980f5ffcccd190d2e433bba0b5681
session_indy_nxt_2024_6319,2024,INDY NXT by Firestone at Iowa Speedway,Iowa Speedway,oval,iowa_speedway,1,1,Contact: Cars 18 and 99 in Turn 2,55,38,39,2,40,true,false,,16,0.0,2,true,9,9,8,1,4,16,900ddfcb701b1977f16e33501302742c328980f5ffcccd190d2e433bba0b5681
session_indy_nxt_2024_6320,2024,OUTFRONT Showdown,World Wide Technology Raceway,oval,world_wide_technology_raceway,1,1,Contact: Car 99 in Turn 2,75,5,6,2,7,true,false,,16,0.0,2,true,12,12,10,2,1,16,900ddfcb701b1977f16e33501302742c328980f5ffcccd190d2e433bba0b5681
session_indy_nxt_2024_6320,2024,OUTFRONT Showdown,World Wide Technology Raceway,oval,world_wide_technology_raceway,2,2,Contact: Cars 18 and 28 on Front Straight,75,15,16,2,17,true,false,,15,0.0,2,true,9,9,10,-1,13,15,900ddfcb701b1977f16e33501302742c328980f5ffcccd190d2e433bba0b5681
session_indy_nxt_2024_6320,2024,OUTFRONT Showdown,World Wide Technology Raceway,oval,world_wide_technology_raceway,3,3,Contact: Car 14 in Turn 4,75,59,60,2,61,true,false,,12,0.0,3,true,9,9,8,1,2,12,900ddfcb701b1977f16e33501302742c328980f5ffcccd190d2e433bba0b5681
session_indy_nxt_2024_6321,2024,Grand Prix of Portland,Portland International Raceway,road,portland_international_raceway,1,1,Contact: Cars 29 and 76 in Turn 1,35,9,10,2,11,true,false,,16,0.0,1,true,3,3,3,0,3,16,900ddfcb701b1977f16e33501302742c328980f5ffcccd190d2e433bba0b5681
session_indy_nxt_2024_6322,2024,INDY NXT By Firestone at The Milwaukee Mile,The Milwaukee Mile,oval,the_milwaukee_mile,1,1,Spin: Car 99 in Turn 2,90,32,33,2,34,true,false,,15,0.0,1,true,6,6,5,1,1,15,900ddfcb701b1977f16e33501302742c328980f5ffcccd190d2e433bba0b5681
session_indy_nxt_2024_6323,2024,Music City Grand Prix,Nashville Superspeedway,oval,nashville_superspeedway,1,1,Contact: Cars 28 and 40 in Turn 2,65,57,58,2,59,true,false,,15,0.0,1,true,6,6,6,0,2,15,900ddfcb701b1977f16e33501302742c328980f5ffcccd190d2e433bba0b5681
session_indy_nxt_2024_6324,2024,Grand Prix of St. Petersburg,Streets of St. Petersburg,street,streets_of_st_petersburg,1,1,Contact - Car 27 - Exit of turn 10,45,35,36,1,36,false,true,next_caution,18,0.0,0,false,,,,,,,900ddfcb701b1977f16e33501302742c328980f5ffcccd190d2e433bba0b5681
session_indy_nxt_2024_6324,2024,Grand Prix of St. Petersburg,Streets of St. Petersburg,street,streets_of_st_petersburg,2,2,Contact - Car 40 - turn 4,45,37,38,2,39,true,false,,16,0.0,2,false,,,,,,,900ddfcb701b1977f16e33501302742c328980f5ffcccd190d2e433bba0b5681
session_indy_nxt_2024_6326,2024,Detroit Grand Prix,Streets of Detroit,street,streets_of_detroit,1,1,Contact: Car 27 in Turn 7,45,8,9,2,10,true,false,,19,0.0,2,false,,,,,,,900ddfcb701b1977f16e33501302742c328980f5ffcccd190d2e433bba0b5681
session_indy_nxt_2024_6326,2024,Detroit Grand Prix,Streets of Detroit,street,streets_of_detroit,2,2,Off Course: Car 40 in Turn 1,45,26,27,2,28,true,false,,19,0.0,2,false,,,,,,,900ddfcb701b1977f16e33501302742c328980f5ffcccd190d2e433bba0b5681
session_indy_nxt_2024_6326,2024,Detroit Grand Prix,Streets of Detroit,street,streets_of_detroit,3,3,Spin: Car 7 in Turn 7,45,40,41,1,41,false,true,next_caution,18,0.0,0,false,,,,,,,900ddfcb701b1977f16e33501302742c328980f5ffcccd190d2e433bba0b5681
session_indy_nxt_2024_6327,2024,Grand Prix of Monterey Race 2,WeatherTech Raceway Laguna Seca,road,weathertech_raceway_laguna_seca,1,1,Contact: Cars 17 and 39 in Turn 2,35,16,17,2,18,true,false,,20,0.0,3,true,5,5,5,0,5,20,900ddfcb701b1977f16e33501302742c328980f5ffcccd190d2e433bba0b5681
session_indy_nxt_2025_6442,2025,Grand Prix of Monterey Race 1,WeatherTech Raceway Laguna Seca,road,weathertech_raceway_laguna_seca,1,1,"Off course Cars 2, 28, 27 and 48.",35,4,5,2,6,true,false,,17,0.0,1,true,9,9,9,0,4,17,900ddfcb701b1977f16e33501302742c328980f5ffcccd190d2e433bba0b5681
session_indy_nxt_2025_6443,2025,Indianapolis Grand Prix Race 2,Indianapolis Motor Speedway Road Course,road,indianapolis_motor_speedway_road_course,1,3,Contact: Cars 11 and 40 in Turn 1,35,4,5,2,6,true,false,,21,0.0,2,true,17,17,17,0,7,21,900ddfcb701b1977f16e33501302742c328980f5ffcccd190d2e433bba0b5681
session_indy_nxt_2025_6444,2025,Indianapolis Grand Prix Race 1,Indianapolis Motor Speedway Road Course,road,indianapolis_motor_speedway_road_course,1,1,Contact: Cars 10 and 39 in Turn 1,35,11,12,2,13,true,false,,20,0.0,1,true,16,16,16,0,5,20,900ddfcb701b1977f16e33501302742c328980f5ffcccd190d2e433bba0b5681
session_indy_nxt_2025_6444,2025,Indianapolis Grand Prix Race 1,Indianapolis Motor Speedway Road Course,road,indianapolis_motor_speedway_road_course,2,2,Contact: Cars 18 and 29 in Turn 14,35,30,31,2,32,true,false,,17,0.0,1,true,12,12,12,0,3,17,900ddfcb701b1977f16e33501302742c328980f5ffcccd190d2e433bba0b5681
session_indy_nxt_2025_6445,2025,Grand Prix of Alabama,Barber Motorsports Park,road,barber_motorsports_park,1,1,Off Course: Car 17 in Turn 8,35,3,4,2,5,true,false,,20,0.0,1,true,8,8,8,0,6,20,900ddfcb701b1977f16e33501302742c328980f5ffcccd190d2e433bba0b5681
session_indy_nxt_2025_6445,2025,Grand Prix of Alabama,Barber Motorsports Park,road,barber_motorsports_park,2,2,Debris: Turn 5,35,12,13,2,14,true,false,,19,0.0,1,true,16,16,16,0,4,19,900ddfcb701b1977f16e33501302742c328980f5ffcccd190d2e433bba0b5681
session_indy_nxt_2025_6446,2025,Grand Prix of St. Petersburg,Streets of St. Petersburg,street,streets_of_st_petersburg,1,1,"Contact: Car 10, 16 and 29 in Turn 1",44,1,2,2,3,true,false,,20,0.0,2,true,16,16,16,0,5,20,900ddfcb701b1977f16e33501302742c328980f5ffcccd190d2e433bba0b5681
session_indy_nxt_2025_6446,2025,Grand Prix of St. Petersburg,Streets of St. Petersburg,street,streets_of_st_petersburg,2,2,Contact: Car 29 in Turn 10,44,13,14,2,15,true,false,,19,0.0,1,true,16,16,16,0,2,19,900ddfcb701b1977f16e33501302742c328980f5ffcccd190d2e433bba0b5681
session_indy_nxt_2025_6446,2025,Grand Prix of St. Petersburg,Streets of St. Petersburg,street,streets_of_st_petersburg,3,3,Contact: Car 11 in Turn 11,44,24,25,2,26,true,false,,18,0.0,1,true,14,14,14,0,4,18,900ddfcb701b1977f16e33501302742c328980f5ffcccd190d2e433bba0b5681
session_indy_nxt_2025_6447,2025,Music City Grand Prix,Nashville Superspeedway,oval,nashville_superspeedway,1,1,Contact: Car 17 in Turn 2,65,43,44,2,45,true,false,,17,0.0,2,true,6,6,6,0,7,17,900ddfcb701b1977f16e33501302742c328980f5ffcccd190d2e433bba0b5681
session_indy_nxt_2025_6448,2025,INDY NXT by Firestone at the Milwaukee Mile,The Milwaukee Mile,oval,the_milwaukee_mile,1,1,Contact: Car 40 in Turn 2,90,52,53,2,54,true,false,,16,0.0,2,true,8,7,6,2,1,16,900ddfcb701b1977f16e33501302742c328980f5ffcccd190d2e433bba0b5681
session_indy_nxt_2025_6449,2025,Grand Prix of Portland,Portland International Raceway,road,portland_international_raceway,1,1,Contact: Car 9 in Turn 1,35,3,4,2,5,true,false,,18,0.0,5,false,,,,,,,900ddfcb701b1977f16e33501302742c328980f5ffcccd190d2e433bba0b5681
session_indy_nxt_2025_6450,2025,Grand Prix of Monterey Race 2,WeatherTech Raceway Laguna Seca,road,weathertech_raceway_laguna_seca,1,1,"Contact: Cars 9, 16, and 30 in Turn 3",35,5,6,2,7,true,false,,18,0.0,2,false,,,,,,,900ddfcb701b1977f16e33501302742c328980f5ffcccd190d2e433bba0b5681
session_indy_nxt_2025_6450,2025,Grand Prix of Monterey Race 2,WeatherTech Raceway Laguna Seca,road,weathertech_raceway_laguna_seca,2,2,Contact: Car 30 in Turn 6,35,21,22,1,22,false,true,next_caution,17,0.0,2,false,,,,,,,900ddfcb701b1977f16e33501302742c328980f5ffcccd190d2e433bba0b5681
session_indy_nxt_2025_6450,2025,Grand Prix of Monterey Race 2,WeatherTech Raceway Laguna Seca,road,weathertech_raceway_laguna_seca,3,3,"Contact: Cars 11, 16, 38, 39 and 48 in Turn 11",35,25,26,1,26,false,true,next_caution,16,0.0,1,false,,,,,,,900ddfcb701b1977f16e33501302742c328980f5ffcccd190d2e433bba0b5681
session_indy_nxt_2025_6450,2025,Grand Prix of Monterey Race 2,WeatherTech Raceway Laguna Seca,road,weathertech_raceway_laguna_seca,4,4,Contact: Cars 26 and 28 in Turn 2.,35,29,30,2,31,true,false,,15,0.0,1,false,,,,,,,900ddfcb701b1977f16e33501302742c328980f5ffcccd190d2e433bba0b5681
session_indy_nxt_2025_6451,2025,INDY NXT by Firestone at Iowa Speedway,Iowa Speedway,oval,iowa_speedway,1,1;2,Spin: Car 14 in Turn 4 · Spin: Car 24 in Turn 2,75,32,33,1,33,false,true,next_caution,19,0.0,1,true,10,10,10,0,2,19,900ddfcb701b1977f16e33501302742c328980f5ffcccd190d2e433bba0b5681
session_indy_nxt_2025_6451,2025,INDY NXT by Firestone at Iowa Speedway,Iowa Speedway,oval,iowa_speedway,2,3,Spin: Cars 3 and 39 in Turn 4,75,36,37,2,38,true,false,,19,0.0,2,true,10,10,10,0,8,19,900ddfcb701b1977f16e33501302742c328980f5ffcccd190d2e433bba0b5681
session_indy_nxt_2025_6452,2025,Grand Prix at Mid-Ohio,Mid-Ohio Sports Car Course,road,mid_ohio,1,1,Contact: Cars 2 and 3 in Turn 3,33,5,6,2,7,true,false,,17,0.0,1,true,11,11,11,0,2,17,900ddfcb701b1977f16e33501302742c328980f5ffcccd190d2e433bba0b5681
session_indy_nxt_2025_6455,2025,Detroit Grand Prix,Streets of Detroit,street,streets_of_detroit,1,1,Contact: Mutiple Cars in Turn 4,45,2,3,2,4,true,false,,18,0.0,1,true,10,10,9,1,1,18,900ddfcb701b1977f16e33501302742c328980f5ffcccd190d2e433bba0b5681
session_indy_nxt_2025_6455,2025,Detroit Grand Prix,Streets of Detroit,street,streets_of_detroit,2,2,Contact: Car 48 in Turn 2,45,43,44,2,45,true,false,,6,0.0,2,false,,,,,,,900ddfcb701b1977f16e33501302742c328980f5ffcccd190d2e433bba0b5681
session_indy_nxt_2026_6749,2026,Detroit Grand Prix,Streets of Detroit,street,streets_of_detroit,1,1,Contact: Cars 14 and 26 in Turn 3,42,7,8,2,9,true,false,,24,0.0,3,true,8,8,8,0,5,24,900ddfcb701b1977f16e33501302742c328980f5ffcccd190d2e433bba0b5681
session_indy_nxt_2026_6749,2026,Detroit Grand Prix,Streets of Detroit,street,streets_of_detroit,2,2,Debris,42,27,28,2,29,true,false,,23,0.0,2,true,6,6,6,0,5,23,900ddfcb701b1977f16e33501302742c328980f5ffcccd190d2e433bba0b5681
session_indy_nxt_2026_6749,2026,Detroit Grand Prix,Streets of Detroit,street,streets_of_detroit,3,3,Contact: Car 10 in Turn 8,42,33,34,2,35,true,false,,22,0.0,1,true,6,6,6,0,5,22,900ddfcb701b1977f16e33501302742c328980f5ffcccd190d2e433bba0b5681
session_indy_nxt_2026_6750,2026,Grand Prix of Alabama Race 1,Barber Motorsports Park,road,barber_motorsports_park,1,1,"Contact: Cars 17, 27 and 29 in Turn 6",35,3,4,2,5,true,false,,23,0.0,2,true,7,7,10,-3,23,23,900ddfcb701b1977f16e33501302742c328980f5ffcccd190d2e433bba0b5681
session_indy_nxt_2026_6750,2026,Grand Prix of Alabama Race 1,Barber Motorsports Park,road,barber_motorsports_park,2,2,Contact: Cars 14 and 28 in Turn 16,35,29,30,2,31,true,false,,23,0.0,3,true,9,9,8,1,4,23,900ddfcb701b1977f16e33501302742c328980f5ffcccd190d2e433bba0b5681
session_indy_nxt_2026_6751,2026,Grand Prix of St. Petersburg,Streets of St. Petersburg,street,streets_of_st_petersburg,1,1,Debris; Turn 4,42,2,3,2,4,true,false,,24,0.0,2,true,17,17,17,0,4,24,900ddfcb701b1977f16e33501302742c328980f5ffcccd190d2e433bba0b5681
session_indy_nxt_2026_6751,2026,Grand Prix of St. Petersburg,Streets of St. Petersburg,street,streets_of_st_petersburg,2,2,Contact: Car 11 in Turn 8,42,8,9,2,10,true,false,,23,0.0,3,true,17,17,18,-1,20,23,900ddfcb701b1977f16e33501302742c328980f5ffcccd190d2e433bba0b5681
session_indy_nxt_2026_6751,2026,Grand Prix of St. Petersburg,Streets of St. Petersburg,street,streets_of_st_petersburg,3,3,Contact: Car 4 in Turn 9,42,19,20,1,20,false,true,next_caution,22,0.0,1,true,16,17,17,-1,21,22,900ddfcb701b1977f16e33501302742c328980f5ffcccd190d2e433bba0b5681
session_indy_nxt_2026_6751,2026,Grand Prix of St. Petersburg,Streets of St. Petersburg,street,streets_of_st_petersburg,4,4,Contact: Car 8 and 10 in Turn 2,42,24,25,2,26,true,false,,20,0.0,2,true,16,16,18,-2,20,20,900ddfcb701b1977f16e33501302742c328980f5ffcccd190d2e433bba0b5681
session_indy_nxt_2026_6753,2026,Grand Prix of Arlington,Streets of Arlington,street,streets_of_arlington,1,1,Contact: Car 57 on Back Stretech,15,4,5,2,6,true,false,,23,0.0,3,true,19,19,20,-1,21,23,900ddfcb701b1977f16e33501302742c328980f5ffcccd190d2e433bba0b5681
session_indy_nxt_2026_6753,2026,Grand Prix of Arlington,Streets of Arlington,street,streets_of_arlington,2,2,Contact: Car 29 in Turn 14,15,11,12,2,13,true,false,,22,0.0,5,true,20,20,20,0,9,22,900ddfcb701b1977f16e33501302742c328980f5ffcccd190d2e433bba0b5681
session_indy_nxt_2026_6754,2026,Grand Prix at Road America Race 2,Road America,road,road_america,1,1,Off Course: Car 8 in Turn 13,18,6,7,2,8,true,false,,24,0.0,3,true,11,11,15,-4,23,24,900ddfcb701b1977f16e33501302742c328980f5ffcccd190d2e433bba0b5681
session_indy_nxt_2026_6754,2026,Grand Prix at Road America Race 2,Road America,road,road_america,2,2,Contact: Car 57 in Turn 1,18,16,17,2,18,true,false,,19,0.0,5,true,13,13,11,2,5,19,900ddfcb701b1977f16e33501302742c328980f5ffcccd190d2e433bba0b5681
session_indy_nxt_2026_6756,2026,Indianapolis Grand Prix Race 1,Indianapolis Motor Speedway Road Course,road,indianapolis_motor_speedway_road_course,1,1,Conditions,29,15,16,2,17,true,false,,24,1.0,5,true,13,13,10,3,3,24,900ddfcb701b1977f16e33501302742c328980f5ffcccd190d2e433bba0b5681
session_indy_nxt_2026_6761,2026,Grand Prix at Mid-Ohio Race 1,Mid-Ohio Sports Car Course,road,mid_ohio,1,1,Mechanical: Car 15 Between Turn 2 and 3,35,6,7,2,8,true,false,,24,0.0,2,true,15,15,15,0,5,24,900ddfcb701b1977f16e33501302742c328980f5ffcccd190d2e433bba0b5681
session_indy_nxt_2026_6761,2026,Grand Prix at Mid-Ohio Race 1,Mid-Ohio Sports Car Course,road,mid_ohio,2,2,Mechanical: Car 76 in Turn 7,35,13,14,2,15,true,false,,23,0.0,1,true,17,17,17,0,3,23,900ddfcb701b1977f16e33501302742c328980f5ffcccd190d2e433bba0b5681
session_indy_nxt_2026_6761,2026,Grand Prix at Mid-Ohio Race 1,Mid-Ohio Sports Car Course,road,mid_ohio,3,3,Off Course: Car 68 in Turn 12,35,23,24,2,25,true,false,,23,0.0,1,true,16,16,16,0,4,23,900ddfcb701b1977f16e33501302742c328980f5ffcccd190d2e433bba0b5681
session_indy_nxt_2026_6762,2026,Grand Prix at Road America Race 1,Road America,road,road_america,1,1,Contact: Cars 10 and 48 between Turn 11 and Turn 12,20,3,4,1,4,false,true,next_caution,23,0.0,1,true,16,16,16,0,3,23,900ddfcb701b1977f16e33501302742c328980f5ffcccd190d2e433bba0b5681
session_indy_nxt_2026_6762,2026,Grand Prix at Road America Race 1,Road America,road,road_america,2,2,Contact: Cars 4 and 75 in Turn 12,20,7,8,1,8,false,true,next_caution,22,0.0,0,true,16,16,16,0,1,22,900ddfcb701b1977f16e33501302742c328980f5ffcccd190d2e433bba0b5681
session_indy_nxt_2026_6762,2026,Grand Prix at Road America Race 1,Road America,road,road_america,3,3,Contact: Cars 9 and 57 in Turn 1,20,10,11,2,12,true,false,,21,0.0,4,true,21,21,21,0,7,21,900ddfcb701b1977f16e33501302742c328980f5ffcccd190d2e433bba0b5681
session_indy_nxt_2026_6763,2026,INDY NXT by Firestone at World Wide Technology Raceway,World Wide Technology Raceway,oval,world_wide_technology_raceway,1,1,Contact: Car 75 in Turn 4,75,11,12,2,13,true,false,,22,0.0,1,false,,,,,,,900ddfcb701b1977f16e33501302742c328980f5ffcccd190d2e433bba0b5681
session_indy_nxt_2026_6763,2026,INDY NXT by Firestone at World Wide Technology Raceway,World Wide Technology Raceway,oval,world_wide_technology_raceway,2,2,Debris,75,57,58,2,59,true,false,,22,0.0,2,false,,,,,,,900ddfcb701b1977f16e33501302742c328980f5ffcccd190d2e433bba0b5681
session_indy_nxt_2026_6763,2026,INDY NXT by Firestone at World Wide Technology Raceway,World Wide Technology Raceway,oval,world_wide_technology_raceway,3,3,Contact: Cars 15 and 17 on Turn 2,75,66,67,2,68,true,false,,20,0.0,2,false,,,,,,,900ddfcb701b1977f16e33501302742c328980f5ffcccd190d2e433bba0b5681
