sessionId,eventId,eventName,seriesId,seriesName,seasonYear,trackId,trackName,sessionName,fieldSize,positionMin,positionMax,sameEventRaceJoinRows,ambiguousSameEventRaceJoinRows,sameEventRaceJoinShare,medianQualifyToBestRaceFinishDelta,bryceQualifyingRows,bryceBestQualifyingPosition,sourceHash
session_euroformula_2023_01-portimao-qualifying,event_euroformula_2023_r1_portimao,Euroformula Open 2023 Round 1 - Portimao,series_euroformula_open,Euroformula Open,2023,track_autodromo_internacional_do_algarve,Autodromo Internacional do Algarve,Qualifying,10,1,10,0,10,0.0,,1,5,64c2452b244d1c2ecb1db01df0735b1a0f631db0d4e74397ed7fa3a89b845978
session_euroformula_2023_02-spa_francorchamps-qualifying,event_euroformula_2023_r2_spa_francorchamps,Euroformula Open 2023 Round 2 - Spa-Francorchamps,series_euroformula_open,Euroformula Open,2023,track_circuit_de_spa_francorchamps,Circuit de Spa-Francorchamps,Qualifying,10,1,10,0,10,0.0,,1,5,64c2452b244d1c2ecb1db01df0735b1a0f631db0d4e74397ed7fa3a89b845978
session_euroformula_2023_03-hungaroring-qualifying,event_euroformula_2023_r3_hungaroring,Euroformula Open 2023 Round 3 - Hungaroring,series_euroformula_open,Euroformula Open,2023,track_hungaroring,Hungaroring,Qualifying,10,1,10,1,9,0.1,,1,7,64c2452b244d1c2ecb1db01df0735b1a0f631db0d4e74397ed7fa3a89b845978
session_euroformula_2023_04-paul_ricard-qualifying,event_euroformula_2023_r4_paul_ricard,Euroformula Open 2023 Round 4 - Paul Ricard,series_euroformula_open,Euroformula Open,2023,track_circuit_paul_ricard,Circuit Paul Ricard,Qualifying,7,1,8,0,7,0.0,,1,3,64c2452b244d1c2ecb1db01df0735b1a0f631db0d4e74397ed7fa3a89b845978
session_euroformula_2023_05-red_bull_ring-qualifying,event_euroformula_2023_r5_red_bull_ring,Euroformula Open 2023 Round 5 - Red Bull Ring,series_euroformula_open,Euroformula Open,2023,track_red_bull_ring,Red Bull Ring,Qualifying,9,1,9,0,9,0.0,,1,5,64c2452b244d1c2ecb1db01df0735b1a0f631db0d4e74397ed7fa3a89b845978
session_euroformula_2023_06-monza-qualifying,event_euroformula_2023_r6_monza,Euroformula Open 2023 Round 6 - Monza,series_euroformula_open,Euroformula Open,2023,track_autodromo_nazionale_monza,Autodromo Nazionale Monza,Qualifying,7,1,7,0,7,0.0,,1,4,64c2452b244d1c2ecb1db01df0735b1a0f631db0d4e74397ed7fa3a89b845978
session_euroformula_2023_07-barcelona-qualifying,event_euroformula_2023_r7_barcelona,Euroformula Open 2023 Round 7 - Barcelona,series_euroformula_open,Euroformula Open,2023,track_circuit_de_barcelona_catalunya,Circuit de Barcelona-Catalunya,Qualifying,8,1,8,1,7,0.125,,0,,64c2452b244d1c2ecb1db01df0735b1a0f631db0d4e74397ed7fa3a89b845978
session_gb3_2021_212005_qualifying,event_gb3_2021_r1_brands_hatch,GB3 2021 Round 1 - Brands Hatch,series_gb3,GB3 Championship,2021,track_brands_hatch_gp,Brands Hatch GP,Qualifying,19,1,19,0,19,0.0,,1,12,64c2452b244d1c2ecb1db01df0735b1a0f631db0d4e74397ed7fa3a89b845978
session_gb3_2021_212005_qualifying_2nd_fastest,event_gb3_2021_r1_brands_hatch,GB3 2021 Round 1 - Brands Hatch,series_gb3,GB3 Championship,2021,track_brands_hatch_gp,Brands Hatch GP,Qualifying 2nd Fastest,19,1,19,0,19,0.0,,1,12,64c2452b244d1c2ecb1db01df0735b1a0f631db0d4e74397ed7fa3a89b845978
session_gb3_2021_212505_qualifying,event_gb3_2021_r2_silverstone,GB3 2021 Round 2 - Silverstone,series_gb3,GB3 Championship,2021,track_silverstone_gp,Silverstone GP,Qualifying,16,1,16,0,16,0.0,,1,12,64c2452b244d1c2ecb1db01df0735b1a0f631db0d4e74397ed7fa3a89b845978
session_gb3_2021_212505_qualifying_2nd_fastest,event_gb3_2021_r2_silverstone,GB3 2021 Round 2 - Silverstone,series_gb3,GB3 Championship,2021,track_silverstone_gp,Silverstone GP,Qualifying 2nd Fastest,16,1,16,0,16,0.0,,1,11,64c2452b244d1c2ecb1db01df0735b1a0f631db0d4e74397ed7fa3a89b845978
session_gb3_2021_212705_qualifying,event_gb3_2021_r3_donington_park,GB3 2021 Round 3 - Donington Park,series_gb3,GB3 Championship,2021,track_donington_park_gp,Donington Park GP,Qualifying,17,1,17,0,17,0.0,,1,12,64c2452b244d1c2ecb1db01df0735b1a0f631db0d4e74397ed7fa3a89b845978
session_gb3_2021_212705_qualifying_2nd_fastest,event_gb3_2021_r3_donington_park,GB3 2021 Round 3 - Donington Park,series_gb3,GB3 Championship,2021,track_donington_park_gp,Donington Park GP,Qualifying 2nd Fastest,17,1,17,0,17,0.0,,1,12,64c2452b244d1c2ecb1db01df0735b1a0f631db0d4e74397ed7fa3a89b845978
session_gb3_2021_212905_qualifying,event_gb3_2021_r4_spa_francorchamps,GB3 2021 Round 4 - Spa-Francorchamps,series_gb3,GB3 Championship,2021,track_spa_gp,Spa GP,Qualifying,16,1,16,0,16,0.0,,1,10,64c2452b244d1c2ecb1db01df0735b1a0f631db0d4e74397ed7fa3a89b845978
session_gb3_2021_212905_qualifying_2nd_fastest,event_gb3_2021_r4_spa_francorchamps,GB3 2021 Round 4 - Spa-Francorchamps,series_gb3,GB3 Championship,2021,track_spa_gp,Spa GP,Qualifying 2nd Fastest,16,1,16,0,16,0.0,,1,9,64c2452b244d1c2ecb1db01df0735b1a0f631db0d4e74397ed7fa3a89b845978
session_gb3_2021_213105_qualifying,event_gb3_2021_r5_snetterton,GB3 2021 Round 5 - Snetterton,series_gb3,GB3 Championship,2021,track_snetterton_300,Snetterton 300,Qualifying,18,1,18,0,18,0.0,,1,12,64c2452b244d1c2ecb1db01df0735b1a0f631db0d4e74397ed7fa3a89b845978
session_gb3_2021_213105_qualifying_2nd_fastest,event_gb3_2021_r5_snetterton,GB3 2021 Round 5 - Snetterton,series_gb3,GB3 Championship,2021,track_snetterton_300,Snetterton 300,Qualifying 2nd Fastest,18,1,18,0,18,0.0,,1,6,64c2452b244d1c2ecb1db01df0735b1a0f631db0d4e74397ed7fa3a89b845978
session_gb3_2021_213605_qualifying,event_gb3_2021_r6_oulton_park,GB3 2021 Round 6 - Oulton Park,series_gb3,GB3 Championship,2021,track_oulton_park_international,Oulton Park International,Qualifying,17,1,17,0,17,0.0,,1,15,64c2452b244d1c2ecb1db01df0735b1a0f631db0d4e74397ed7fa3a89b845978
session_gb3_2021_213605_qualifying_2nd_fastest,event_gb3_2021_r6_oulton_park,GB3 2021 Round 6 - Oulton Park,series_gb3,GB3 Championship,2021,track_oulton_park_international,Oulton Park International,Qualifying 2nd Fastest,17,1,17,0,17,0.0,,1,15,64c2452b244d1c2ecb1db01df0735b1a0f631db0d4e74397ed7fa3a89b845978
session_gb3_2021_214105_qualifying,event_gb3_2021_r7_donington_park,GB3 2021 Round 7 - Donington Park,series_gb3,GB3 Championship,2021,track_donington_park_gp,Donington Park GP,Qualifying,21,1,21,0,21,0.0,,1,12,64c2452b244d1c2ecb1db01df0735b1a0f631db0d4e74397ed7fa3a89b845978
session_gb3_2021_214105_qualifying_2nd_fastest,event_gb3_2021_r7_donington_park,GB3 2021 Round 7 - Donington Park,series_gb3,GB3 Championship,2021,track_donington_park_gp,Donington Park GP,Qualifying 2nd Fastest,21,1,21,0,21,0.0,,1,13,64c2452b244d1c2ecb1db01df0735b1a0f631db0d4e74397ed7fa3a89b845978
session_indy_nxt_2024_6330,event_indy_nxt_2024_5480,Grand Prix of St. Petersburg,series_indy_nxt,INDY NXT,2024,track_streets_of_st_petersburg,Streets of St. Petersburg,Qualifications - Group 1,10,1,10,10,0,1.0,-4.0,0,,64c2452b244d1c2ecb1db01df0735b1a0f631db0d4e74397ed7fa3a89b845978
session_indy_nxt_2024_6346,event_indy_nxt_2024_5480,Grand Prix of St. Petersburg,series_indy_nxt,INDY NXT,2024,track_streets_of_st_petersburg,Streets of St. Petersburg,Qualifications - Group 2,11,1,11,11,0,1.0,-4.0,1,4,64c2452b244d1c2ecb1db01df0735b1a0f631db0d4e74397ed7fa3a89b845978
session_indy_nxt_2024_6356,event_indy_nxt_2024_5470,Grand Prix of Alabama,series_indy_nxt,INDY NXT,2024,track_barber_motorsports_park,Barber Motorsports Park,Qualifications - Group 1,10,1,10,10,0,1.0,-4.5,0,,64c2452b244d1c2ecb1db01df0735b1a0f631db0d4e74397ed7fa3a89b845978
session_indy_nxt_2024_6357,event_indy_nxt_2024_5470,Grand Prix of Alabama,series_indy_nxt,INDY NXT,2024,track_barber_motorsports_park,Barber Motorsports Park,Qualifications - Group 2,11,1,11,11,0,1.0,-4.0,1,4,64c2452b244d1c2ecb1db01df0735b1a0f631db0d4e74397ed7fa3a89b845978
session_indy_nxt_2024_6366,event_indy_nxt_2024_5471,Indianapolis Grand Prix Race 1,series_indy_nxt,INDY NXT,2024,track_indianapolis_motor_speedway_road_course,Indianapolis Motor Speedway Road Course,Qualifications - Race 1 Group 1,10,1,10,10,0,1.0,-4.5,0,,64c2452b244d1c2ecb1db01df0735b1a0f631db0d4e74397ed7fa3a89b845978
session_indy_nxt_2024_6367,event_indy_nxt_2024_5471,Indianapolis Grand Prix Race 1,series_indy_nxt,INDY NXT,2024,track_indianapolis_motor_speedway_road_course,Indianapolis Motor Speedway Road Course,Qualifications - Race 1 Group 2,11,1,11,11,0,1.0,-4.0,1,6,64c2452b244d1c2ecb1db01df0735b1a0f631db0d4e74397ed7fa3a89b845978
session_indy_nxt_2024_6389,event_indy_nxt_2024_5481,Indianapolis Grand Prix Race 2,series_indy_nxt,INDY NXT,2024,track_indianapolis_motor_speedway_road_course,Indianapolis Motor Speedway Road Course,Qualifications - Race 2 Group 1,10,1,10,10,0,1.0,-5.0,0,,64c2452b244d1c2ecb1db01df0735b1a0f631db0d4e74397ed7fa3a89b845978
session_indy_nxt_2024_6390,event_indy_nxt_2024_5481,Indianapolis Grand Prix Race 2,series_indy_nxt,INDY NXT,2024,track_indianapolis_motor_speedway_road_course,Indianapolis Motor Speedway Road Course,Qualifications - Race 2 Group 2,11,1,11,11,0,1.0,-4.0,1,6,64c2452b244d1c2ecb1db01df0735b1a0f631db0d4e74397ed7fa3a89b845978
session_indy_nxt_2024_6393,event_indy_nxt_2024_5482,Detroit Grand Prix,series_indy_nxt,INDY NXT,2024,track_streets_of_detroit,Streets of Detroit,Qualifications - Group 1,10,1,10,10,0,1.0,-2.5,0,,64c2452b244d1c2ecb1db01df0735b1a0f631db0d4e74397ed7fa3a89b845978
session_indy_nxt_2024_6394,event_indy_nxt_2024_5482,Detroit Grand Prix,series_indy_nxt,INDY NXT,2024,track_streets_of_detroit,Streets of Detroit,Qualifications - Group 2,11,1,11,11,0,1.0,-7.0,1,6,64c2452b244d1c2ecb1db01df0735b1a0f631db0d4e74397ed7fa3a89b845978
session_indy_nxt_2024_6404,event_indy_nxt_2024_5472,Grand Prix at Road America,series_indy_nxt,INDY NXT,2024,track_road_america,Road America,Qualifications - Group 1,10,1,10,10,0,1.0,-3.0,0,,64c2452b244d1c2ecb1db01df0735b1a0f631db0d4e74397ed7fa3a89b845978
session_indy_nxt_2024_6405,event_indy_nxt_2024_5472,Grand Prix at Road America,series_indy_nxt,INDY NXT,2024,track_road_america,Road America,Qualifications - Group 2,11,1,11,11,0,1.0,-5.0,1,4,64c2452b244d1c2ecb1db01df0735b1a0f631db0d4e74397ed7fa3a89b845978
session_indy_nxt_2024_6415,event_indy_nxt_2024_5473,Grand Prix of Monterey Race 1,series_indy_nxt,INDY NXT,2024,track_weathertech_raceway_laguna_seca,WeatherTech Raceway Laguna Seca,Qualifications - Race 1 Group 1,10,1,10,10,0,1.0,-4.0,0,,64c2452b244d1c2ecb1db01df0735b1a0f631db0d4e74397ed7fa3a89b845978
session_indy_nxt_2024_6416,event_indy_nxt_2024_5473,Grand Prix of Monterey Race 1,series_indy_nxt,INDY NXT,2024,track_weathertech_raceway_laguna_seca,WeatherTech Raceway Laguna Seca,Qualifications - Race 1 Group 2,10,1,10,10,0,1.0,-5.0,1,5,64c2452b244d1c2ecb1db01df0735b1a0f631db0d4e74397ed7fa3a89b845978
session_indy_nxt_2024_6417,event_indy_nxt_2024_5483,Grand Prix of Monterey Race 2,series_indy_nxt,INDY NXT,2024,track_weathertech_raceway_laguna_seca,WeatherTech Raceway Laguna Seca,Qualifications - Race 2 Group 1,10,1,10,10,0,1.0,-5.5,0,,64c2452b244d1c2ecb1db01df0735b1a0f631db0d4e74397ed7fa3a89b845978
session_indy_nxt_2024_6418,event_indy_nxt_2024_5483,Grand Prix of Monterey Race 2,series_indy_nxt,INDY NXT,2024,track_weathertech_raceway_laguna_seca,WeatherTech Raceway Laguna Seca,Qualifications - Race 2 Group 2,10,1,10,10,0,1.0,-2.0,1,3,64c2452b244d1c2ecb1db01df0735b1a0f631db0d4e74397ed7fa3a89b845978
session_indy_nxt_2024_6428,event_indy_nxt_2024_5474,Grand Prix at Mid-Ohio,series_indy_nxt,INDY NXT,2024,track_mid_ohio_sports_car_course,Mid-Ohio Sports Car Course,Qualifications - Group 1,9,1,9,9,0,1.0,-4.0,1,7,64c2452b244d1c2ecb1db01df0735b1a0f631db0d4e74397ed7fa3a89b845978
session_indy_nxt_2024_6429,event_indy_nxt_2024_5474,Grand Prix at Mid-Ohio,series_indy_nxt,INDY NXT,2024,track_mid_ohio_sports_car_course,Mid-Ohio Sports Car Course,Qualifications - Group 2,10,1,10,10,0,1.0,-3.5,0,,64c2452b244d1c2ecb1db01df0735b1a0f631db0d4e74397ed7fa3a89b845978
session_indy_nxt_2024_6438,event_indy_nxt_2024_5475,INDY NXT by Firestone at Iowa Speedway,series_indy_nxt,INDY NXT,2024,track_iowa_speedway,Iowa Speedway,Qualifications,18,1,18,18,0,1.0,1.0,1,9,64c2452b244d1c2ecb1db01df0735b1a0f631db0d4e74397ed7fa3a89b845978
session_indy_nxt_2024_6481,event_indy_nxt_2024_5476,OUTFRONT Showdown,series_indy_nxt,INDY NXT,2024,track_world_wide_technology_raceway,World Wide Technology Raceway,Qualifications,18,1,18,18,0,1.0,1.0,1,13,64c2452b244d1c2ecb1db01df0735b1a0f631db0d4e74397ed7fa3a89b845978
session_indy_nxt_2024_6496,event_indy_nxt_2024_5477,Grand Prix of Portland,series_indy_nxt,INDY NXT,2024,track_portland_international_raceway,Portland International Raceway,Qualifications - Group 1,8,1,8,8,0,1.0,-4.5,0,,64c2452b244d1c2ecb1db01df0735b1a0f631db0d4e74397ed7fa3a89b845978
session_indy_nxt_2024_6506,event_indy_nxt_2024_5478,INDY NXT By Firestone at The Milwaukee Mile,series_indy_nxt,INDY NXT,2024,track_the_milwaukee_mile,The Milwaukee Mile,Qualifications,18,1,18,18,0,1.0,0.0,1,7,64c2452b244d1c2ecb1db01df0735b1a0f631db0d4e74397ed7fa3a89b845978
session_indy_nxt_2024_6513,event_indy_nxt_2024_5477,Grand Prix of Portland,series_indy_nxt,INDY NXT,2024,track_portland_international_raceway,Portland International Raceway,Qualifications - Group 2,9,1,9,9,0,1.0,-3.0,1,4,64c2452b244d1c2ecb1db01df0735b1a0f631db0d4e74397ed7fa3a89b845978
session_indy_nxt_2024_6536,event_indy_nxt_2024_5480,Grand Prix of St. Petersburg,series_indy_nxt,INDY NXT,2024,track_streets_of_st_petersburg,Streets of St. Petersburg,Combined Qualifications,21,1,21,21,0,1.0,1.0,1,8,64c2452b244d1c2ecb1db01df0735b1a0f631db0d4e74397ed7fa3a89b845978
session_indy_nxt_2024_6537,event_indy_nxt_2024_5470,Grand Prix of Alabama,series_indy_nxt,INDY NXT,2024,track_barber_motorsports_park,Barber Motorsports Park,Combined Qualifications,20,1,21,20,0,1.0,0.0,1,7,64c2452b244d1c2ecb1db01df0735b1a0f631db0d4e74397ed7fa3a89b845978
session_indy_nxt_2024_6538,event_indy_nxt_2024_5471,Indianapolis Grand Prix Race 1,series_indy_nxt,INDY NXT,2024,track_indianapolis_motor_speedway_road_course,Indianapolis Motor Speedway Road Course,Combined Qualifications,20,1,21,20,0,1.0,1.5,1,11,64c2452b244d1c2ecb1db01df0735b1a0f631db0d4e74397ed7fa3a89b845978
session_indy_nxt_2024_6539,event_indy_nxt_2024_5481,Indianapolis Grand Prix Race 2,series_indy_nxt,INDY NXT,2024,track_indianapolis_motor_speedway_road_course,Indianapolis Motor Speedway Road Course,Combined Qualifications,20,1,21,20,0,1.0,0.5,1,11,64c2452b244d1c2ecb1db01df0735b1a0f631db0d4e74397ed7fa3a89b845978
session_indy_nxt_2024_6540,event_indy_nxt_2024_5482,Detroit Grand Prix,series_indy_nxt,INDY NXT,2024,track_streets_of_detroit,Streets of Detroit,Combined Qualifications,20,1,21,20,0,1.0,0.0,1,11,64c2452b244d1c2ecb1db01df0735b1a0f631db0d4e74397ed7fa3a89b845978
session_indy_nxt_2024_6541,event_indy_nxt_2024_5472,Grand Prix at Road America,series_indy_nxt,INDY NXT,2024,track_road_america,Road America,Combined Qualifications,20,1,21,20,0,1.0,1.0,1,7,64c2452b244d1c2ecb1db01df0735b1a0f631db0d4e74397ed7fa3a89b845978
session_indy_nxt_2024_6542,event_indy_nxt_2024_5473,Grand Prix of Monterey Race 1,series_indy_nxt,INDY NXT,2024,track_weathertech_raceway_laguna_seca,WeatherTech Raceway Laguna Seca,Combined Qualifications,19,1,20,19,0,1.0,0.0,1,9,64c2452b244d1c2ecb1db01df0735b1a0f631db0d4e74397ed7fa3a89b845978
session_indy_nxt_2024_6543,event_indy_nxt_2024_5483,Grand Prix of Monterey Race 2,series_indy_nxt,INDY NXT,2024,track_weathertech_raceway_laguna_seca,WeatherTech Raceway Laguna Seca,Combined Qualifications,19,1,20,19,0,1.0,2.0,1,5,64c2452b244d1c2ecb1db01df0735b1a0f631db0d4e74397ed7fa3a89b845978
session_indy_nxt_2024_6544,event_indy_nxt_2024_5474,Grand Prix at Mid-Ohio,series_indy_nxt,INDY NXT,2024,track_mid_ohio_sports_car_course,Mid-Ohio Sports Car Course,Combined Qualifications,18,1,19,18,0,1.0,0.0,1,14,64c2452b244d1c2ecb1db01df0735b1a0f631db0d4e74397ed7fa3a89b845978
session_indy_nxt_2024_6545,event_indy_nxt_2024_5477,Grand Prix of Portland,series_indy_nxt,INDY NXT,2024,track_portland_international_raceway,Portland International Raceway,Combined Qualifications,16,1,17,16,0,1.0,0.5,1,7,64c2452b244d1c2ecb1db01df0735b1a0f631db0d4e74397ed7fa3a89b845978
session_indy_nxt_2025_6517,event_indy_nxt_2025_5488,Grand Prix of St. Petersburg,series_indy_nxt,INDY NXT,2025,track_streets_of_st_petersburg,Streets of St. Petersburg,Qualifications - Group 1,10,1,10,10,0,1.0,-2.0,0,,64c2452b244d1c2ecb1db01df0735b1a0f631db0d4e74397ed7fa3a89b845978
session_indy_nxt_2025_6518,event_indy_nxt_2025_5488,Grand Prix of St. Petersburg,series_indy_nxt,INDY NXT,2025,track_streets_of_st_petersburg,Streets of St. Petersburg,Qualifications - Group 2,11,1,11,11,0,1.0,-3.0,1,10,64c2452b244d1c2ecb1db01df0735b1a0f631db0d4e74397ed7fa3a89b845978
session_indy_nxt_2025_6588,event_indy_nxt_2025_5490,INDY NXT by Firestone at the Milwaukee Mile,series_indy_nxt,INDY NXT,2025,track_the_milwaukee_mile,The Milwaukee Mile,Qualifications,18,1,18,18,0,1.0,0.0,1,6,64c2452b244d1c2ecb1db01df0735b1a0f631db0d4e74397ed7fa3a89b845978
session_indy_nxt_2025_6589,event_indy_nxt_2025_5484,Grand Prix of Monterey Race 1,series_indy_nxt,INDY NXT,2025,track_weathertech_raceway_laguna_seca,WeatherTech Raceway Laguna Seca,Combined Qualifications,19,1,19,19,0,1.0,0.0,1,14,64c2452b244d1c2ecb1db01df0735b1a0f631db0d4e74397ed7fa3a89b845978
session_indy_nxt_2025_6590,event_indy_nxt_2025_5485,Indianapolis Grand Prix Race 2,series_indy_nxt,INDY NXT,2025,track_indianapolis_motor_speedway_road_course,Indianapolis Motor Speedway Road Course,Combined Qualifications - Race 2,21,1,21,21,0,1.0,1.0,1,18,64c2452b244d1c2ecb1db01df0735b1a0f631db0d4e74397ed7fa3a89b845978
session_indy_nxt_2025_6591,event_indy_nxt_2025_5486,Indianapolis Grand Prix Race 1,series_indy_nxt,INDY NXT,2025,track_indianapolis_motor_speedway_road_course,Indianapolis Motor Speedway Road Course,Combined Qualifications - Race 1,21,1,21,21,0,1.0,1.0,1,18,64c2452b244d1c2ecb1db01df0735b1a0f631db0d4e74397ed7fa3a89b845978
session_indy_nxt_2025_6592,event_indy_nxt_2025_5487,Grand Prix of Alabama,series_indy_nxt,INDY NXT,2025,track_barber_motorsports_park,Barber Motorsports Park,Combined Qualifications,10,1,10,10,0,1.0,-8.5,1,3,64c2452b244d1c2ecb1db01df0735b1a0f631db0d4e74397ed7fa3a89b845978
session_indy_nxt_2025_6593,event_indy_nxt_2025_5489,Music City Grand Prix,series_indy_nxt,INDY NXT,2025,track_nashville_superspeedway,Nashville Superspeedway,Qualifications,18,1,18,18,0,1.0,-0.5,1,8,64c2452b244d1c2ecb1db01df0735b1a0f631db0d4e74397ed7fa3a89b845978
session_indy_nxt_2025_6594,event_indy_nxt_2025_5491,Grand Prix of Portland,series_indy_nxt,INDY NXT,2025,track_portland_international_raceway,Portland International Raceway,Combined Qualifications,19,1,19,19,0,1.0,0.0,1,5,64c2452b244d1c2ecb1db01df0735b1a0f631db0d4e74397ed7fa3a89b845978
session_indy_nxt_2025_6595,event_indy_nxt_2025_5492,Grand Prix of Monterey Race 2,series_indy_nxt,INDY NXT,2025,track_weathertech_raceway_laguna_seca,WeatherTech Raceway Laguna Seca,Combined Qualifications,19,1,19,19,0,1.0,1.0,1,12,64c2452b244d1c2ecb1db01df0735b1a0f631db0d4e74397ed7fa3a89b845978
session_indy_nxt_2025_6597,event_indy_nxt_2025_5494,Grand Prix at Mid-Ohio,series_indy_nxt,INDY NXT,2025,track_mid_ohio_sports_car_course,Mid-Ohio Sports Car Course,Combined Qualifications,19,1,19,19,0,1.0,0.0,1,7,64c2452b244d1c2ecb1db01df0735b1a0f631db0d4e74397ed7fa3a89b845978
session_indy_nxt_2025_6598,event_indy_nxt_2025_5495,Grand Prix at Road America,series_indy_nxt,INDY NXT,2025,track_road_america,Road America,Combined Qualifications,19,1,19,19,0,1.0,1.0,1,10,64c2452b244d1c2ecb1db01df0735b1a0f631db0d4e74397ed7fa3a89b845978
session_indy_nxt_2025_6599,event_indy_nxt_2025_5496,INDY NXT by Firestone at World Wide Technology Raceway,series_indy_nxt,INDY NXT,2025,track_world_wide_technology_raceway,World Wide Technology Raceway,Qualifications,19,1,19,19,0,1.0,0.0,1,16,64c2452b244d1c2ecb1db01df0735b1a0f631db0d4e74397ed7fa3a89b845978
session_indy_nxt_2025_6600,event_indy_nxt_2025_5497,Detroit Grand Prix,series_indy_nxt,INDY NXT,2025,track_streets_of_detroit,Streets of Detroit,Combined Qualifications,20,1,20,20,0,1.0,2.0,1,15,64c2452b244d1c2ecb1db01df0735b1a0f631db0d4e74397ed7fa3a89b845978
session_indy_nxt_2025_6613,event_indy_nxt_2025_5487,Grand Prix of Alabama,series_indy_nxt,INDY NXT,2025,track_barber_motorsports_park,Barber Motorsports Park,Qualifications - Group 1,10,1,10,10,0,1.0,-8.5,1,3,64c2452b244d1c2ecb1db01df0735b1a0f631db0d4e74397ed7fa3a89b845978
session_indy_nxt_2025_6614,event_indy_nxt_2025_5487,Grand Prix of Alabama,series_indy_nxt,INDY NXT,2025,track_barber_motorsports_park,Barber Motorsports Park,Qualifications - Group 2,10,1,10,10,0,1.0,-1.0,0,,64c2452b244d1c2ecb1db01df0735b1a0f631db0d4e74397ed7fa3a89b845978
session_indy_nxt_2025_6628,event_indy_nxt_2025_5486,Indianapolis Grand Prix Race 1,series_indy_nxt,INDY NXT,2025,track_indianapolis_motor_speedway_road_course,Indianapolis Motor Speedway Road Course,Qualifications - Race 1 Group 1,10,1,10,10,0,1.0,-2.5,0,,64c2452b244d1c2ecb1db01df0735b1a0f631db0d4e74397ed7fa3a89b845978
session_indy_nxt_2025_6629,event_indy_nxt_2025_5486,Indianapolis Grand Prix Race 1,series_indy_nxt,INDY NXT,2025,track_indianapolis_motor_speedway_road_course,Indianapolis Motor Speedway Road Course,Qualifications - Race 1 Group 2,11,1,11,11,0,1.0,-6.0,1,9,64c2452b244d1c2ecb1db01df0735b1a0f631db0d4e74397ed7fa3a89b845978
session_indy_nxt_2025_6630,event_indy_nxt_2025_5485,Indianapolis Grand Prix Race 2,series_indy_nxt,INDY NXT,2025,track_indianapolis_motor_speedway_road_course,Indianapolis Motor Speedway Road Course,Qualifications - Race 2 Group 1,10,1,10,10,0,1.0,-4.0,0,,64c2452b244d1c2ecb1db01df0735b1a0f631db0d4e74397ed7fa3a89b845978
session_indy_nxt_2025_6631,event_indy_nxt_2025_5485,Indianapolis Grand Prix Race 2,series_indy_nxt,INDY NXT,2025,track_indianapolis_motor_speedway_road_course,Indianapolis Motor Speedway Road Course,Qualifications - Race 2 Group 2,11,1,11,11,0,1.0,-5.0,1,9,64c2452b244d1c2ecb1db01df0735b1a0f631db0d4e74397ed7fa3a89b845978
session_indy_nxt_2025_6641,event_indy_nxt_2025_5497,Detroit Grand Prix,series_indy_nxt,INDY NXT,2025,track_streets_of_detroit,Streets of Detroit,Qualifications - Group 1,10,1,10,10,0,1.0,-3.0,0,,64c2452b244d1c2ecb1db01df0735b1a0f631db0d4e74397ed7fa3a89b845978
session_indy_nxt_2025_6642,event_indy_nxt_2025_5497,Detroit Grand Prix,series_indy_nxt,INDY NXT,2025,track_streets_of_detroit,Streets of Detroit,Qualifications - Group 2,10,1,10,10,0,1.0,-5.0,1,8,64c2452b244d1c2ecb1db01df0735b1a0f631db0d4e74397ed7fa3a89b845978
session_indy_nxt_2025_6677,event_indy_nxt_2025_5495,Grand Prix at Road America,series_indy_nxt,INDY NXT,2025,track_road_america,Road America,Qualifications - Group 1,9,1,9,9,0,1.0,-5.0,0,,64c2452b244d1c2ecb1db01df0735b1a0f631db0d4e74397ed7fa3a89b845978
session_indy_nxt_2025_6678,event_indy_nxt_2025_5495,Grand Prix at Road America,series_indy_nxt,INDY NXT,2025,track_road_america,Road America,Qualifications - Group 2,10,1,10,10,0,1.0,-4.0,1,5,64c2452b244d1c2ecb1db01df0735b1a0f631db0d4e74397ed7fa3a89b845978
session_indy_nxt_2025_6681,event_indy_nxt_2025_5494,Grand Prix at Mid-Ohio,series_indy_nxt,INDY NXT,2025,track_mid_ohio_sports_car_course,Mid-Ohio Sports Car Course,Qualifications - Group 1,9,1,9,9,0,1.0,-3.0,1,4,64c2452b244d1c2ecb1db01df0735b1a0f631db0d4e74397ed7fa3a89b845978
session_indy_nxt_2025_6682,event_indy_nxt_2025_5494,Grand Prix at Mid-Ohio,series_indy_nxt,INDY NXT,2025,track_mid_ohio_sports_car_course,Mid-Ohio Sports Car Course,Qualifications - Group 2,10,1,10,10,0,1.0,-6.0,0,,64c2452b244d1c2ecb1db01df0735b1a0f631db0d4e74397ed7fa3a89b845978
session_indy_nxt_2025_6709,event_indy_nxt_2025_5484,Grand Prix of Monterey Race 1,series_indy_nxt,INDY NXT,2025,track_weathertech_raceway_laguna_seca,WeatherTech Raceway Laguna Seca,Qualifications - Race 1 Group 1,9,1,9,9,0,1.0,-3.0,1,7,64c2452b244d1c2ecb1db01df0735b1a0f631db0d4e74397ed7fa3a89b845978
session_indy_nxt_2025_6710,event_indy_nxt_2025_5484,Grand Prix of Monterey Race 1,series_indy_nxt,INDY NXT,2025,track_weathertech_raceway_laguna_seca,WeatherTech Raceway Laguna Seca,Qualifications - Race 1 Group 2,10,1,10,10,0,1.0,-2.0,0,,64c2452b244d1c2ecb1db01df0735b1a0f631db0d4e74397ed7fa3a89b845978
session_indy_nxt_2025_6711,event_indy_nxt_2025_5492,Grand Prix of Monterey Race 2,series_indy_nxt,INDY NXT,2025,track_weathertech_raceway_laguna_seca,WeatherTech Raceway Laguna Seca,Qualifications - Race 2 Group 1,9,1,9,9,0,1.0,-5.0,1,6,64c2452b244d1c2ecb1db01df0735b1a0f631db0d4e74397ed7fa3a89b845978
session_indy_nxt_2025_6712,event_indy_nxt_2025_5492,Grand Prix of Monterey Race 2,series_indy_nxt,INDY NXT,2025,track_weathertech_raceway_laguna_seca,WeatherTech Raceway Laguna Seca,Qualifications - Race 2 Group 2,19,1,19,19,0,1.0,1.0,1,12,64c2452b244d1c2ecb1db01df0735b1a0f631db0d4e74397ed7fa3a89b845978
session_indy_nxt_2025_6715,event_indy_nxt_2025_5491,Grand Prix of Portland,series_indy_nxt,INDY NXT,2025,track_portland_international_raceway,Portland International Raceway,Qualifications - Group 1,9,1,9,9,0,1.0,-2.0,0,,64c2452b244d1c2ecb1db01df0735b1a0f631db0d4e74397ed7fa3a89b845978
session_indy_nxt_2025_6716,event_indy_nxt_2025_5491,Grand Prix of Portland,series_indy_nxt,INDY NXT,2025,track_portland_international_raceway,Portland International Raceway,Qualifications - Group 2,10,1,10,10,0,1.0,-5.0,1,3,64c2452b244d1c2ecb1db01df0735b1a0f631db0d4e74397ed7fa3a89b845978
session_indy_nxt_2026_6768,event_indy_nxt_2026_5534,Grand Prix of St. Petersburg,series_indy_nxt,INDY NXT,2026,track_streets_of_st_petersburg,Streets of St. Petersburg,Qualifications - Group 1,12,1,12,12,0,1.0,-5.5,0,,64c2452b244d1c2ecb1db01df0735b1a0f631db0d4e74397ed7fa3a89b845978
session_indy_nxt_2026_6769,event_indy_nxt_2026_5534,Grand Prix of St. Petersburg,series_indy_nxt,INDY NXT,2026,track_streets_of_st_petersburg,Streets of St. Petersburg,Qualifications - Group 2,12,1,12,12,0,1.0,-5.5,1,10,64c2452b244d1c2ecb1db01df0735b1a0f631db0d4e74397ed7fa3a89b845978
session_indy_nxt_2026_6770,event_indy_nxt_2026_5534,Grand Prix of St. Petersburg,series_indy_nxt,INDY NXT,2026,track_streets_of_st_petersburg,Streets of St. Petersburg,Combined Qualifications,24,1,24,24,0,1.0,0.5,1,19,64c2452b244d1c2ecb1db01df0735b1a0f631db0d4e74397ed7fa3a89b845978
session_indy_nxt_2026_6785,event_indy_nxt_2026_5536,Grand Prix of Arlington,series_indy_nxt,INDY NXT,2026,track_streets_of_arlington,Streets of Arlington,Qualifications - Group 1,12,1,12,12,0,1.0,-4.5,1,12,64c2452b244d1c2ecb1db01df0735b1a0f631db0d4e74397ed7fa3a89b845978
session_indy_nxt_2026_6786,event_indy_nxt_2026_5536,Grand Prix of Arlington,series_indy_nxt,INDY NXT,2026,track_streets_of_arlington,Streets of Arlington,Qualifications - Group 2,12,1,12,12,0,1.0,-4.0,0,,64c2452b244d1c2ecb1db01df0735b1a0f631db0d4e74397ed7fa3a89b845978
session_indy_nxt_2026_6787,event_indy_nxt_2026_5536,Grand Prix of Arlington,series_indy_nxt,INDY NXT,2026,track_streets_of_arlington,Streets of Arlington,Combined Qualifications,24,1,24,24,0,1.0,1.0,1,23,64c2452b244d1c2ecb1db01df0735b1a0f631db0d4e74397ed7fa3a89b845978
session_indy_nxt_2026_6805,event_indy_nxt_2026_5533,Grand Prix of Alabama Race 1,series_indy_nxt,INDY NXT,2026,track_barber_motorsports_park,Barber Motorsports Park,Qualifying - Race 1 Group 1,12,1,12,12,0,1.0,-6.0,0,,64c2452b244d1c2ecb1db01df0735b1a0f631db0d4e74397ed7fa3a89b845978
session_indy_nxt_2026_6806,event_indy_nxt_2026_5533,Grand Prix of Alabama Race 1,series_indy_nxt,INDY NXT,2026,track_barber_motorsports_park,Barber Motorsports Park,Qualifying - Race 1 Group 2,12,1,12,12,0,1.0,-2.0,1,3,64c2452b244d1c2ecb1db01df0735b1a0f631db0d4e74397ed7fa3a89b845978
session_indy_nxt_2026_6807,event_indy_nxt_2026_5533,Grand Prix of Alabama Race 1,series_indy_nxt,INDY NXT,2026,track_barber_motorsports_park,Barber Motorsports Park,Combined Qualifying - Race 1,24,1,24,24,0,1.0,2.0,1,5,64c2452b244d1c2ecb1db01df0735b1a0f631db0d4e74397ed7fa3a89b845978
session_indy_nxt_2026_6808,event_indy_nxt_2026_5535,Grand Prix of Alabama Race 2,series_indy_nxt,INDY NXT,2026,track_barber_motorsports_park,Barber Motorsports Park,Qualifying - Race 2 Group 1,12,1,12,12,0,1.0,-4.0,0,,64c2452b244d1c2ecb1db01df0735b1a0f631db0d4e74397ed7fa3a89b845978
session_indy_nxt_2026_6809,event_indy_nxt_2026_5535,Grand Prix of Alabama Race 2,series_indy_nxt,INDY NXT,2026,track_barber_motorsports_park,Barber Motorsports Park,Qualifying - Race 2 Group 2,12,1,12,12,0,1.0,-5.5,1,6,64c2452b244d1c2ecb1db01df0735b1a0f631db0d4e74397ed7fa3a89b845978
session_indy_nxt_2026_6810,event_indy_nxt_2026_5535,Grand Prix of Alabama Race 2,series_indy_nxt,INDY NXT,2026,track_barber_motorsports_park,Barber Motorsports Park,Combined Qualifying - Race 2,24,1,24,24,0,1.0,1.5,1,11,64c2452b244d1c2ecb1db01df0735b1a0f631db0d4e74397ed7fa3a89b845978
session_indy_nxt_2026_6829,event_indy_nxt_2026_5539,Indianapolis Grand Prix Race 1,series_indy_nxt,INDY NXT,2026,track_indianapolis_motor_speedway_road_course,Indianapolis Motor Speedway Road Course,Combined Qualifying - Race 1,24,1,24,24,0,1.0,3.0,1,13,64c2452b244d1c2ecb1db01df0735b1a0f631db0d4e74397ed7fa3a89b845978
session_indy_nxt_2026_6830,event_indy_nxt_2026_5539,Indianapolis Grand Prix Race 1,series_indy_nxt,INDY NXT,2026,track_indianapolis_motor_speedway_road_course,Indianapolis Motor Speedway Road Course,Qualifying - Race 1 Group 2,12,1,12,12,0,1.0,-4.0,0,,64c2452b244d1c2ecb1db01df0735b1a0f631db0d4e74397ed7fa3a89b845978
session_indy_nxt_2026_6831,event_indy_nxt_2026_5539,Indianapolis Grand Prix Race 1,series_indy_nxt,INDY NXT,2026,track_indianapolis_motor_speedway_road_course,Indianapolis Motor Speedway Road Course,Qualifying - Race 1 Group 1,12,1,12,12,0,1.0,-7.0,1,7,64c2452b244d1c2ecb1db01df0735b1a0f631db0d4e74397ed7fa3a89b845978
session_indy_nxt_2026_6832,event_indy_nxt_2026_5548,Indianapolis Grand Prix Race 2,series_indy_nxt,INDY NXT,2026,track_indianapolis_motor_speedway_road_course,Indianapolis Motor Speedway Road Course,Combined Qualifying - Race 2,24,1,24,24,0,1.0,1.5,1,14,64c2452b244d1c2ecb1db01df0735b1a0f631db0d4e74397ed7fa3a89b845978
session_indy_nxt_2026_6833,event_indy_nxt_2026_5548,Indianapolis Grand Prix Race 2,series_indy_nxt,INDY NXT,2026,track_indianapolis_motor_speedway_road_course,Indianapolis Motor Speedway Road Course,Qualifying - Race 2 Group 1,12,1,12,12,0,1.0,-5.0,1,7,64c2452b244d1c2ecb1db01df0735b1a0f631db0d4e74397ed7fa3a89b845978
session_indy_nxt_2026_6834,event_indy_nxt_2026_5548,Indianapolis Grand Prix Race 2,series_indy_nxt,INDY NXT,2026,track_indianapolis_motor_speedway_road_course,Indianapolis Motor Speedway Road Course,Qualifying - Race 2 Group 2,12,1,12,12,0,1.0,-4.0,0,,64c2452b244d1c2ecb1db01df0735b1a0f631db0d4e74397ed7fa3a89b845978
session_indy_nxt_2026_6852,event_indy_nxt_2026_5532,Detroit Grand Prix,series_indy_nxt,INDY NXT,2026,track_streets_of_detroit,Streets of Detroit,Qualifying - Group 1,12,1,12,12,0,1.0,-4.5,0,,64c2452b244d1c2ecb1db01df0735b1a0f631db0d4e74397ed7fa3a89b845978
session_indy_nxt_2026_6853,event_indy_nxt_2026_5532,Detroit Grand Prix,series_indy_nxt,INDY NXT,2026,track_streets_of_detroit,Streets of Detroit,Qualifying - Group 2,12,1,12,12,0,1.0,-7.0,1,7,64c2452b244d1c2ecb1db01df0735b1a0f631db0d4e74397ed7fa3a89b845978
session_indy_nxt_2026_6854,event_indy_nxt_2026_5532,Detroit Grand Prix,series_indy_nxt,INDY NXT,2026,track_streets_of_detroit,Streets of Detroit,Combined Qualifying,24,1,24,24,0,1.0,3.5,1,14,64c2452b244d1c2ecb1db01df0735b1a0f631db0d4e74397ed7fa3a89b845978
session_indy_nxt_2026_6864,event_indy_nxt_2026_5546,INDY NXT by Firestone at World Wide Technology Raceway,series_indy_nxt,INDY NXT,2026,track_world_wide_technology_raceway,World Wide Technology Raceway,Qualifying,24,1,24,24,0,1.0,-1.5,1,12,64c2452b244d1c2ecb1db01df0735b1a0f631db0d4e74397ed7fa3a89b845978
session_indy_nxt_2026_6870,event_indy_nxt_2026_5545,Grand Prix at Road America Race 1,series_indy_nxt,INDY NXT,2026,track_road_america,Road America,Qualifying - Race 1 Group 1,12,1,12,12,0,1.0,-5.0,0,,64c2452b244d1c2ecb1db01df0735b1a0f631db0d4e74397ed7fa3a89b845978
session_indy_nxt_2026_6871,event_indy_nxt_2026_5545,Grand Prix at Road America Race 1,series_indy_nxt,INDY NXT,2026,track_road_america,Road America,Qualifying - Race 1 Group 2,12,1,12,12,0,1.0,-5.5,1,8,64c2452b244d1c2ecb1db01df0735b1a0f631db0d4e74397ed7fa3a89b845978
session_indy_nxt_2026_6872,event_indy_nxt_2026_5545,Grand Prix at Road America Race 1,series_indy_nxt,INDY NXT,2026,track_road_america,Road America,Combined Qualifying - Race 1,24,1,24,24,0,1.0,0.5,1,15,64c2452b244d1c2ecb1db01df0735b1a0f631db0d4e74397ed7fa3a89b845978
session_indy_nxt_2026_6873,event_indy_nxt_2026_5537,Grand Prix at Road America Race 2,series_indy_nxt,INDY NXT,2026,track_road_america,Road America,Qualifying - Race 2 Group 1,12,1,12,12,0,1.0,-6.5,0,,64c2452b244d1c2ecb1db01df0735b1a0f631db0d4e74397ed7fa3a89b845978
session_indy_nxt_2026_6874,event_indy_nxt_2026_5537,Grand Prix at Road America Race 2,series_indy_nxt,INDY NXT,2026,track_road_america,Road America,Qualifying - Race 2 Group 2,12,1,12,12,0,1.0,-2.0,1,8,64c2452b244d1c2ecb1db01df0735b1a0f631db0d4e74397ed7fa3a89b845978
session_indy_nxt_2026_6875,event_indy_nxt_2026_5537,Grand Prix at Road America Race 2,series_indy_nxt,INDY NXT,2026,track_road_america,Road America,Combined Qualifying - Race 2,24,1,24,24,0,1.0,1.5,1,15,64c2452b244d1c2ecb1db01df0735b1a0f631db0d4e74397ed7fa3a89b845978
session_indy_nxt_2026_6892,event_indy_nxt_2026_5544,Grand Prix at Mid-Ohio Race 1,series_indy_nxt,INDY NXT,2026,track_mid_ohio_sports_car_course,Mid-Ohio Sports Car Course,Qualifying - Race 1 Group 1,12,1,12,12,0,1.0,-6.5,0,,64c2452b244d1c2ecb1db01df0735b1a0f631db0d4e74397ed7fa3a89b845978
session_indy_nxt_2026_6893,event_indy_nxt_2026_5544,Grand Prix at Mid-Ohio Race 1,series_indy_nxt,INDY NXT,2026,track_mid_ohio_sports_car_course,Mid-Ohio Sports Car Course,Qualifying - Race 1 Group 2,12,1,12,12,0,1.0,-4.0,1,7,64c2452b244d1c2ecb1db01df0735b1a0f631db0d4e74397ed7fa3a89b845978
session_indy_nxt_2026_6894,event_indy_nxt_2026_5544,Grand Prix at Mid-Ohio Race 1,series_indy_nxt,INDY NXT,2026,track_mid_ohio_sports_car_course,Mid-Ohio Sports Car Course,Combined Qualifying - Race 1,24,1,24,24,0,1.0,0.5,1,13,64c2452b244d1c2ecb1db01df0735b1a0f631db0d4e74397ed7fa3a89b845978
session_indy_nxt_2026_6895,event_indy_nxt_2026_5543,Grand Prix at Mid-Ohio Race 2,series_indy_nxt,INDY NXT,2026,track_mid_ohio_sports_car_course,Mid-Ohio Sports Car Course,Qualifying - Race 2 Group 1,12,1,12,12,0,1.0,-7.0,0,,64c2452b244d1c2ecb1db01df0735b1a0f631db0d4e74397ed7fa3a89b845978
session_indy_nxt_2026_6896,event_indy_nxt_2026_5543,Grand Prix at Mid-Ohio Race 2,series_indy_nxt,INDY NXT,2026,track_mid_ohio_sports_car_course,Mid-Ohio Sports Car Course,Qualifying - Race 2 Group 2,12,1,12,12,0,1.0,-4.0,1,8,64c2452b244d1c2ecb1db01df0735b1a0f631db0d4e74397ed7fa3a89b845978
session_indy_nxt_2026_6897,event_indy_nxt_2026_5543,Grand Prix at Mid-Ohio Race 2,series_indy_nxt,INDY NXT,2026,track_mid_ohio_sports_car_course,Mid-Ohio Sports Car Course,Combined Qualifying - Race 2,24,1,24,24,0,1.0,1.0,1,15,64c2452b244d1c2ecb1db01df0735b1a0f631db0d4e74397ed7fa3a89b845978
session_indy_nxt_2026_6923,event_indy_nxt_2026_5538,Music City Grand Prix,series_indy_nxt,INDY NXT,2026,track_nashville_superspeedway,Nashville Superspeedway,Qualifying,23,1,23,23,0,1.0,1.0,1,8,64c2452b244d1c2ecb1db01df0735b1a0f631db0d4e74397ed7fa3a89b845978
